SUBCAT,Basin_35,Manag_Unit_48
SC #55,Jacky Jacky Creek,Jacky Jacky Creek
SC #3,Jacky Jacky Creek,Jacky Jacky Creek
SC #54,Jacky Jacky Creek,Jacky Jacky Creek
SC #56,Jacky Jacky Creek,Jacky Jacky Creek
SC #1,Jacky Jacky Creek,Jacky Jacky Creek
SC #2,Jacky Jacky Creek,Jacky Jacky Creek
SC #67,Jacky Jacky Creek,Jacky Jacky Creek
SC #76,Olive-Pascoe,Olive-Pascoe
SC #64,Jacky Jacky Creek,Jacky Jacky Creek
SC #84,Olive-Pascoe,Olive-Pascoe
SC #88,Olive-Pascoe,Olive-Pascoe
SC #72,Jacky Jacky Creek,Jacky Jacky Creek
SC #62,Jacky Jacky Creek,Jacky Jacky Creek
SC #92,Olive-Pascoe,Olive-Pascoe
SC #68,Jacky Jacky Creek,Jacky Jacky Creek
SC #61,Jacky Jacky Creek,Jacky Jacky Creek
SC #77,Olive-Pascoe,Olive-Pascoe
SC #63,Jacky Jacky Creek,Jacky Jacky Creek
SC #60,Jacky Jacky Creek,Jacky Jacky Creek
SC #94,Olive-Pascoe,Olive-Pascoe
SC #57,Jacky Jacky Creek,Jacky Jacky Creek
SC #4,Jacky Jacky Creek,Jacky Jacky Creek
SC #80,Olive-Pascoe,Olive-Pascoe
SC #69,Jacky Jacky Creek,Jacky Jacky Creek
SC #58,Jacky Jacky Creek,Jacky Jacky Creek
SC #65,Jacky Jacky Creek,Jacky Jacky Creek
SC #79,Olive-Pascoe,Olive-Pascoe
SC #75,Jacky Jacky Creek,Jacky Jacky Creek
SC #59,Jacky Jacky Creek,Jacky Jacky Creek
SC #8,Jacky Jacky Creek,Jacky Jacky Creek
SC #91,Olive-Pascoe,Olive-Pascoe
SC #5,Jacky Jacky Creek,Jacky Jacky Creek
SC #7,Jacky Jacky Creek,Jacky Jacky Creek
SC #71,Jacky Jacky Creek,Jacky Jacky Creek
SC #73,Jacky Jacky Creek,Jacky Jacky Creek
SC #95,Olive-Pascoe,Olive-Pascoe
SC #66,Jacky Jacky Creek,Jacky Jacky Creek
SC #112,Olive-Pascoe,Olive-Pascoe
SC #93,Olive-Pascoe,Olive-Pascoe
SC #90,Olive-Pascoe,Olive-Pascoe
SC #97,Olive-Pascoe,Olive-Pascoe
SC #85,Olive-Pascoe,Olive-Pascoe
SC #6,Jacky Jacky Creek,Jacky Jacky Creek
SC #81,Olive-Pascoe,Olive-Pascoe
SC #122,Olive-Pascoe,Olive-Pascoe
SC #89,Olive-Pascoe,Olive-Pascoe
SC #109,Olive-Pascoe,Olive-Pascoe
SC #86,Olive-Pascoe,Olive-Pascoe
SC #78,Olive-Pascoe,Olive-Pascoe
SC #70,Jacky Jacky Creek,Jacky Jacky Creek
SC #123,Olive-Pascoe,Olive-Pascoe
SC #74,Olive-Pascoe,Olive-Pascoe
SC #114,Olive-Pascoe,Olive-Pascoe
SC #119,Olive-Pascoe,Olive-Pascoe
SC #105,Olive-Pascoe,Olive-Pascoe
SC #87,Olive-Pascoe,Olive-Pascoe
SC #111,Olive-Pascoe,Olive-Pascoe
SC #113,Olive-Pascoe,Olive-Pascoe
SC #9,Jacky Jacky Creek,Jacky Jacky Creek
SC #125,Olive-Pascoe,Olive-Pascoe
SC #10,Olive-Pascoe,Olive-Pascoe
SC #121,Olive-Pascoe,Olive-Pascoe
SC #152,Stewart River,Stewart River
SC #110,Olive-Pascoe,Olive-Pascoe
SC #116,Olive-Pascoe,Olive-Pascoe
SC #324,Normanby River,Normanby River
SC #99,Olive-Pascoe,Olive-Pascoe
SC #82,Olive-Pascoe,Olive-Pascoe
SC #106,Olive-Pascoe,Olive-Pascoe
SC #100,Olive-Pascoe,Olive-Pascoe
SC #126,Olive-Pascoe,Olive-Pascoe
SC #120,Olive-Pascoe,Olive-Pascoe
SC #96,Olive-Pascoe,Olive-Pascoe
SC #168,Stewart River,Stewart River
SC #50,Olive-Pascoe,Olive-Pascoe
SC #83,Olive-Pascoe,Olive-Pascoe
SC #11,Olive-Pascoe,Olive-Pascoe
SC #154,Stewart River,Stewart River
SC #169,Stewart River,Stewart River
SC #159,Stewart River,Stewart River
SC #118,Olive-Pascoe,Olive-Pascoe
SC #124,Olive-Pascoe,Olive-Pascoe
SC #293,Normanby River,Normanby River
SC #98,Olive-Pascoe,Olive-Pascoe
SC #369,Normanby River,Normanby River
SC #104,Olive-Pascoe,Olive-Pascoe
SC #115,Lockhart River,Lockhart River
SC #359,Normanby River,Normanby River
SC #151,Stewart River,Stewart River
SC #256,Normanby River,Normanby River
SC #107,Lockhart River,Lockhart River
SC #117,Lockhart River,Lockhart River
SC #148,Stewart River,Stewart River
SC #103,Olive-Pascoe,Olive-Pascoe
SC #170,Stewart River,Stewart River
SC #128,Lockhart River,Lockhart River
SC #287,Normanby River,Normanby River
SC #239,Normanby River,Normanby River
SC #176,Stewart River,Stewart River
SC #155,Stewart River,Stewart River
SC #14,Lockhart River,Lockhart River
SC #161,Stewart River,Stewart River
SC #102,Olive-Pascoe,Olive-Pascoe
SC #172,Stewart River,Stewart River
SC #132,Lockhart River,Lockhart River
SC #156,Stewart River,Stewart River
SC #140,Lockhart River,Lockhart River
SC #230,Normanby River,Normanby River
SC #144,Lockhart River,Lockhart River
SC #275,Normanby River,Normanby River
SC #190,Normanby River,Normanby River
SC #382,Normanby River,Normanby River
SC #101,Olive-Pascoe,Olive-Pascoe
SC #138,Lockhart River,Lockhart River
SC #12,Olive-Pascoe,Olive-Pascoe
SC #164,Stewart River,Stewart River
SC #149,Stewart River,Stewart River
SC #142,Lockhart River,Lockhart River
SC #222,Normanby River,Normanby River
SC #366,Normanby River,Normanby River
SC #135,Lockhart River,Lockhart River
SC #260,Normanby River,Normanby River
SC #134,Lockhart River,Lockhart River
SC #345,Normanby River,Normanby River
SC #133,Lockhart River,Lockhart River
SC #129,Lockhart River,Lockhart River
SC #278,Normanby River,Normanby River
SC #127,Lockhart River,Lockhart River
SC #184,Normanby River,Normanby River
SC #202,Normanby River,Normanby River
SC #193,Normanby River,Normanby River
SC #264,Normanby River,Normanby River
SC #146,Lockhart River,Lockhart River
SC #235,Normanby River,Normanby River
SC #13,Lockhart River,Lockhart River
SC #136,Lockhart River,Lockhart River
SC #303,Normanby River,Normanby River
SC #355,Normanby River,Normanby River
SC #284,Normanby River,Normanby River
SC #215,Normanby River,Normanby River
SC #178,Stewart River,Stewart River
SC #383,Normanby River,Normanby River
SC #368,Normanby River,Normanby River
SC #346,Normanby River,Normanby River
SC #145,Lockhart River,Lockhart River
SC #363,Normanby River,Normanby River
SC #130,Lockhart River,Lockhart River
SC #361,Normanby River,Normanby River
SC #330,Normanby River,Normanby River
SC #173,Stewart River,Stewart River
SC #147,Stewart River,Stewart River
SC #150,Stewart River,Stewart River
SC #157,Stewart River,Stewart River
SC #108,Lockhart River,Lockhart River
SC #153,Stewart River,Stewart River
SC #182,Normanby River,Normanby River
SC #21,Stewart River,Stewart River
SC #437,Normanby River,Normanby River
SC #163,Stewart River,Stewart River
SC #358,Normanby River,Normanby River
SC #252,Normanby River,Normanby River
SC #137,Lockhart River,Lockhart River
SC #131,Lockhart River,Lockhart River
SC #139,Lockhart River,Lockhart River
SC #51,Lockhart River,Lockhart River
SC #15,Lockhart River,Lockhart River
SC #440,Normanby River,Normanby River
SC #162,Stewart River,Stewart River
SC #353,Normanby River,Normanby River
SC #192,Normanby River,Normanby River
SC #429,Normanby River,Normanby River
SC #191,Normanby River,Normanby River
SC #18,Stewart River,Stewart River
SC #299,Normanby River,Normanby River
SC #165,Stewart River,Stewart River
SC #17,Lockhart River,Lockhart River
SC #141,Lockhart River,Lockhart River
SC #143,Lockhart River,Lockhart River
SC #279,Normanby River,Normanby River
SC #407,Normanby River,Normanby River
SC #174,Stewart River,Stewart River
SC #332,Normanby River,Normanby River
SC #362,Normanby River,Normanby River
SC #19,Stewart River,Stewart River
SC #387,Normanby River,Normanby River
SC #425,Normanby River,Normanby River
SC #280,Normanby River,Normanby River
SC #20,Stewart River,Stewart River
SC #223,Normanby River,Normanby River
SC #221,Normanby River,Normanby River
SC #200,Normanby River,Normanby River
SC #167,Stewart River,Stewart River
SC #177,Stewart River,Stewart River
SC #314,Normanby River,Normanby River
SC #267,Normanby River,Normanby River
SC #166,Stewart River,Stewart River
SC #16,Lockhart River,Lockhart River
SC #253,Normanby River,Normanby River
SC #171,Stewart River,Stewart River
SC #327,Normanby River,Normanby River
SC #206,Normanby River,Normanby River
SC #220,Normanby River,Normanby River
SC #436,Normanby River,Normanby River
SC #268,Normanby River,Normanby River
SC #160,Stewart River,Stewart River
SC #179,Stewart River,Stewart River
SC #158,Stewart River,Stewart River
SC #466,Normanby River,Normanby River
SC #22,Stewart River,Stewart River
SC #445,Normanby River,Normanby River
SC #370,Normanby River,Normanby River
SC #201,Normanby River,Normanby River
SC #23,Stewart River,Stewart River
SC #24,Stewart River,Stewart River
SC #408,Normanby River,Normanby River
SC #251,Normanby River,Normanby River
SC #328,Normanby River,Normanby River
SC #504,Normanby River,Normanby River
SC #198,Normanby River,Normanby River
SC #485,Normanby River,Normanby River
SC #446,Normanby River,Normanby River
SC #245,Normanby River,Normanby River
SC #323,Normanby River,Normanby River
SC #175,Stewart River,Stewart River
SC #183,Normanby River,Normanby River
SC #516,Normanby River,Normanby River
SC #427,Normanby River,Normanby River
SC #32,Normanby River,Normanby River
SC #491,Normanby River,Normanby River
SC #25,Stewart River,Stewart River
SC #211,Normanby River,Normanby River
SC #501,Normanby River,Normanby River
SC #27,Normanby River,Normanby River
SC #248,Normanby River,Normanby River
SC #415,Normanby River,Normanby River
SC #317,Normanby River,Normanby River
SC #392,Normanby River,Normanby River
SC #218,Normanby River,Normanby River
SC #238,Normanby River,Normanby River
SC #250,Normanby River,Normanby River
SC #255,Normanby River,Normanby River
SC #390,Normanby River,Normanby River
SC #305,Normanby River,Normanby River
SC #307,Normanby River,Normanby River
SC #400,Normanby River,Normanby River
SC #320,Normanby River,Normanby River
SC #254,Normanby River,Normanby River
SC #422,Normanby River,Normanby River
SC #426,Normanby River,Normanby River
SC #508,Normanby River,Normanby River
SC #35,Normanby River,Normanby River
SC #241,Normanby River,Normanby River
SC #196,Normanby River,Normanby River
SC #213,Normanby River,Normanby River
SC #210,Normanby River,Normanby River
SC #342,Normanby River,Normanby River
SC #306,Normanby River,Normanby River
SC #394,Normanby River,Normanby River
SC #226,Normanby River,Normanby River
SC #227,Normanby River,Normanby River
SC #36,Normanby River,Normanby River
SC #498,Normanby River,Normanby River
SC #304,Normanby River,Normanby River
SC #281,Normanby River,Normanby River
SC #479,Normanby River,Normanby River
SC #261,Normanby River,Normanby River
SC #478,Normanby River,Normanby River
SC #458,Normanby River,Normanby River
SC #216,Normanby River,Normanby River
SC #471,Normanby River,Normanby River
SC #509,Normanby River,Normanby River
SC #530,Normanby River,Normanby River
SC #343,Normanby River,Normanby River
SC #292,Normanby River,Normanby River
SC #473,Normanby River,Normanby River
SC #411,Normanby River,Normanby River
SC #506,Normanby River,Normanby River
SC #497,Normanby River,Normanby River
SC #311,Normanby River,Normanby River
SC #523,Normanby River,Normanby River
SC #209,Normanby River,Normanby River
SC #262,Normanby River,Normanby River
SC #406,Normanby River,Normanby River
SC #37,Normanby River,Normanby River
SC #395,Normanby River,Normanby River
SC #301,Normanby River,Normanby River
SC #430,Normanby River,Normanby River
SC #242,Normanby River,Normanby River
SC #224,Normanby River,Normanby River
SC #204,Normanby River,Normanby River
SC #217,Normanby River,Normanby River
SC #364,Normanby River,Normanby River
SC #246,Normanby River,Normanby River
SC #459,Normanby River,Normanby River
SC #212,Normanby River,Normanby River
SC #288,Normanby River,Normanby River
SC #316,Normanby River,Normanby River
SC #469,Normanby River,Normanby River
SC #448,Normanby River,Normanby River
SC #472,Normanby River,Normanby River
SC #296,Normanby River,Normanby River
SC #34,Normanby River,Normanby River
SC #367,Normanby River,Normanby River
SC #302,Normanby River,Normanby River
SC #259,Normanby River,Normanby River
SC #289,Normanby River,Normanby River
SC #326,Normanby River,Normanby River
SC #258,Normanby River,Normanby River
SC #333,Normanby River,Normanby River
SC #310,Normanby River,Normanby River
SC #308,Normanby River,Normanby River
SC #203,Normanby River,Normanby River
SC #447,Normanby River,Normanby River
SC #431,Normanby River,Normanby River
SC #417,Normanby River,Normanby River
SC #389,Normanby River,Normanby River
SC #399,Normanby River,Normanby River
SC #480,Normanby River,Normanby River
SC #194,Normanby River,Normanby River
SC #391,Normanby River,Normanby River
SC #534,Normanby River,Normanby River
SC #329,Normanby River,Normanby River
SC #467,Normanby River,Normanby River
SC #331,Normanby River,Normanby River
SC #347,Normanby River,Normanby River
SC #376,Normanby River,Normanby River
SC #33,Normanby River,Normanby River
SC #274,Normanby River,Normanby River
SC #247,Normanby River,Normanby River
SC #188,Normanby River,Normanby River
SC #384,Normanby River,Normanby River
SC #313,Normanby River,Normanby River
SC #263,Normanby River,Normanby River
SC #341,Normanby River,Normanby River
SC #457,Normanby River,Normanby River
SC #31,Normanby River,Normanby River
SC #451,Normanby River,Normanby River
SC #381,Normanby River,Normanby River
SC #282,Normanby River,Normanby River
SC #404,Normanby River,Normanby River
SC #186,Normanby River,Normanby River
SC #318,Normanby River,Normanby River
SC #482,Normanby River,Normanby River
SC #28,Normanby River,Normanby River
SC #535,Normanby River,Normanby River
SC #375,Normanby River,Normanby River
SC #52,Jeannie River,Jeannie River
SC #231,Normanby River,Normanby River
SC #195,Normanby River,Normanby River
SC #373,Normanby River,Normanby River
SC #321,Normanby River,Normanby River
SC #237,Normanby River,Normanby River
SC #297,Normanby River,Normanby River
SC #379,Normanby River,Normanby River
SC #380,Normanby River,Normanby River
SC #510,Normanby River,Normanby River
SC #243,Normanby River,Normanby River
SC #348,Normanby River,Normanby River
SC #236,Normanby River,Normanby River
SC #372,Normanby River,Normanby River
SC #335,Normanby River,Normanby River
SC #185,Jeannie River,Jeannie River
SC #489,Normanby River,Normanby River
SC #271,Normanby River,Normanby River
SC #402,Normanby River,Normanby River
SC #403,Normanby River,Normanby River
SC #294,Normanby River,Normanby River
SC #225,Normanby River,Normanby River
SC #398,Normanby River,Normanby River
SC #234,Normanby River,Normanby River
SC #205,Normanby River,Normanby River
SC #462,Normanby River,Normanby River
SC #340,Normanby River,Normanby River
SC #352,Normanby River,Normanby River
SC #228,Normanby River,Normanby River
SC #344,Normanby River,Normanby River
SC #229,Normanby River,Normanby River
SC #496,Normanby River,Normanby River
SC #199,Normanby River,Normanby River
SC #452,Normanby River,Normanby River
SC #285,Normanby River,Normanby River
SC #232,Normanby River,Normanby River
SC #512,Normanby River,Normanby River
SC #484,Normanby River,Normanby River
SC #487,Normanby River,Normanby River
SC #454,Normanby River,Normanby River
SC #219,Normanby River,Normanby River
SC #29,Jeannie River,Jeannie River
SC #461,Normanby River,Normanby River
SC #444,Normanby River,Normanby River
SC #503,Normanby River,Normanby River
SC #270,Normanby River,Normanby River
SC #189,Jeannie River,Jeannie River
SC #397,Normanby River,Normanby River
SC #349,Normanby River,Normanby River
SC #360,Normanby River,Normanby River
SC #401,Normanby River,Normanby River
SC #443,Normanby River,Normanby River
SC #315,Normanby River,Normanby River
SC #416,Normanby River,Normanby River
SC #521,Normanby River,Normanby River
SC #181,Jeannie River,Jeannie River
SC #388,Normanby River,Normanby River
SC #418,Normanby River,Normanby River
SC #322,Normanby River,Normanby River
SC #494,Normanby River,Normanby River
SC #309,Normanby River,Normanby River
SC #507,Normanby River,Normanby River
SC #286,Normanby River,Normanby River
SC #463,Normanby River,Normanby River
SC #409,Normanby River,Normanby River
SC #420,Normanby River,Normanby River
SC #214,Jeannie River,Jeannie River
SC #269,Normanby River,Normanby River
SC #291,Normanby River,Normanby River
SC #26,Jeannie River,Jeannie River
SC #470,Normanby River,Normanby River
SC #365,Normanby River,Normanby River
SC #187,Jeannie River,Jeannie River
SC #519,Normanby River,Normanby River
SC #276,Normanby River,Normanby River
SC #460,Normanby River,Normanby River
SC #385,Normanby River,Normanby River
SC #393,Normanby River,Normanby River
SC #495,Normanby River,Normanby River
SC #520,Normanby River,Normanby River
SC #424,Normanby River,Normanby River
SC #180,Jeannie River,Jeannie River
SC #514,Normanby River,Normanby River
SC #197,Jeannie River,Jeannie River
SC #412,Normanby River,Normanby River
SC #290,Normanby River,Normanby River
SC #266,Normanby River,Normanby River
SC #527,Normanby River,Normanby River
SC #386,Normanby River,Normanby River
SC #438,Normanby River,Normanby River
SC #30,Jeannie River,Jeannie River
SC #435,Normanby River,Normanby River
SC #233,Jeannie River,Jeannie River
SC #525,Normanby River,Normanby River
SC #528,Normanby River,Normanby River
SC #511,Normanby River,Normanby River
SC #357,Normanby River,Normanby River
SC #474,Normanby River,Normanby River
SC #374,Normanby River,Normanby River
SC #465,Normanby River,Normanby River
SC #38,Jeannie River,Jeannie River
SC #547,Normanby River,Normanby River
SC #244,Jeannie River,Jeannie River
SC #421,Normanby River,Normanby River
SC #541,Normanby River,Normanby River
SC #428,Normanby River,Normanby River
SC #273,Jeannie River,Jeannie River
SC #544,Normanby River,Normanby River
SC #449,Normanby River,Normanby River
SC #450,Normanby River,Normanby River
SC #325,Normanby River,Normanby River
SC #350,Normanby River,Normanby River
SC #240,Jeannie River,Jeannie River
SC #439,Normanby River,Normanby River
SC #483,Normanby River,Normanby River
SC #39,Jeannie River,Jeannie River
SC #526,Normanby River,Normanby River
SC #540,Normanby River,Normanby River
SC #550,Normanby River,Normanby River
SC #405,Normanby River,Normanby River
SC #249,Jeannie River,Jeannie River
SC #419,Normanby River,Normanby River
SC #371,Normanby River,Normanby River
SC #500,Normanby River,Normanby River
SC #432,Normanby River,Normanby River
SC #337,Normanby River,Normanby River
SC #433,Normanby River,Normanby River
SC #414,Normanby River,Normanby River
SC #319,Normanby River,Normanby River
SC #551,Normanby River,Normanby River
SC #257,Jeannie River,Jeannie River
SC #488,Normanby River,Normanby River
SC #434,Normanby River,Normanby River
SC #378,Normanby River,Normanby River
SC #283,Jeannie River,Jeannie River
SC #539,Normanby River,Normanby River
SC #298,Jeannie River,Jeannie River
SC #532,Normanby River,Normanby River
SC #545,Normanby River,Normanby River
SC #40,Jeannie River,Jeannie River
SC #453,Endeavour River,Endeavour River
SC #339,Normanby River,Normanby River
SC #549,Normanby River,Normanby River
SC #499,Normanby River,Normanby River
SC #354,Normanby River,Normanby River
SC #477,Endeavour River,Endeavour River
SC #517,Normanby River,Normanby River
SC #533,Normanby River,Normanby River
SC #513,Normanby River,Normanby River
SC #277,Jeannie River,Jeannie River
SC #272,Jeannie River,Jeannie River
SC #338,Normanby River,Normanby River
SC #334,Normanby River,Normanby River
SC #524,Normanby River,Normanby River
SC #515,Normanby River,Normanby River
SC #42,Jeannie River,Jeannie River
SC #548,Normanby River,Normanby River
SC #300,Jeannie River,Jeannie River
SC #351,Jeannie River,Jeannie River
SC #537,Normanby River,Normanby River
SC #265,Jeannie River,Jeannie River
SC #423,Endeavour River,Endeavour River
SC #41,Jeannie River,Jeannie River
SC #490,Endeavour River,Endeavour River
SC #441,Endeavour River,Endeavour River
SC #295,Jeannie River,Jeannie River
SC #413,Endeavour River,Endeavour River
SC #455,Endeavour River,Endeavour River
SC #546,Normanby River,Normanby River
SC #464,Endeavour River,Endeavour River
SC #481,Endeavour River,Endeavour River
SC #543,Normanby River,Normanby River
SC #456,Endeavour River,Endeavour River
SC #468,Endeavour River,Endeavour River
SC #356,Jeannie River,Jeannie River
SC #43,Jeannie River,Jeannie River
SC #396,Jeannie River,Jeannie River
SC #442,Endeavour River,Endeavour River
SC #522,Endeavour River,Endeavour River
SC #312,Jeannie River,Jeannie River
SC #493,Endeavour River,Endeavour River
SC #410,Endeavour River,Endeavour River
SC #505,Endeavour River,Endeavour River
SC #538,Endeavour River,Endeavour River
SC #518,Endeavour River,Endeavour River
SC #486,Endeavour River,Endeavour River
SC #44,Jeannie River,Jeannie River
SC #475,Endeavour River,Endeavour River
SC #502,Endeavour River,Endeavour River
SC #529,Endeavour River,Endeavour River
SC #377,Jeannie River,Jeannie River
SC #531,Endeavour River,Endeavour River
SC #476,Endeavour River,Endeavour River
SC #336,Jeannie River,Jeannie River
SC #536,Endeavour River,Endeavour River
SC #492,Endeavour River,Endeavour River
SC #46,Jeannie River,Jeannie River
SC #53,Endeavour River,Endeavour River
SC #47,Endeavour River,Endeavour River
SC #542,Endeavour River,Endeavour River
SC #45,Jeannie River,Jeannie River
SC #48,Endeavour River,Endeavour River
SC #49,Endeavour River,Endeavour River
