ModelElement,Basin_35,Manag_Unit_48
Node on catchment SC #1607,Fitzroy,Theresa
Node on catchment SC #1617,Fitzroy,Theresa
Node on catchment SC #1624,Fitzroy,Mackenzie
Node on catchment SC #1636,Fitzroy,Mackenzie
Node on catchment SC #1644,Fitzroy,Mackenzie
Node on catchment SC #1656,Fitzroy,Mackenzie
Node on catchment SC #1044,Fitzroy,Mackenzie
Node on catchment SC #1676,Fitzroy,Mackenzie
Node on catchment SC #636,Fitzroy,Dawson
Node on catchment SC #566,Fitzroy,Dawson
Node on catchment SC #234,Fitzroy,Dawson
Node on catchment SC #1067,Fitzroy,Mackenzie
Node on catchment SC #1092,Fitzroy,Mackenzie
Node on catchment SC #670,Fitzroy,Dawson
Node on catchment SC #989,Fitzroy,Isaac
Node on catchment SC #1012,Fitzroy,Isaac
Node on catchment SC #1022,Fitzroy,Isaac
Node on catchment SC #1032,Fitzroy,Isaac
Node on catchment SC #1037,Fitzroy,Isaac
Node on catchment SC #1052,Fitzroy,Mackenzie
Node on catchment SC #1062,Fitzroy,Mackenzie
Node on catchment SC #1072,Fitzroy,Mackenzie
Outlet Node79,Shoalwater,Shoalwater
Node on catchment SC #1779,Calliope,Calliope
Outlet Node13,Styx,Styx
Node on catchment SC #1284,Fitzroy,Comet
Node on catchment SC #1295,Fitzroy,Comet
Node on catchment SC #86,Fitzroy,Fitzroy
GS1300000,Fitzroy,Fitzroy
Node on catchment SC #428,Fitzroy,Dawson
Node on catchment SC #1205,Fitzroy,Comet
Node on catchment SC #1215,Fitzroy,Comet
Node on catchment SC #1225,Fitzroy,Comet
Node on catchment SC #1235,Fitzroy,Comet
Node on catchment SC #1244,Fitzroy,Comet
Node on catchment SC #10,Shoalwater,Shoalwater
Node on catchment SC #1265,Fitzroy,Comet
Node on catchment SC #1274,Fitzroy,Comet
Node on catchment SC #21,Styx,Styx
Node on catchment SC #51,Shoalwater,Shoalwater
Node on catchment SC #40,Styx,Styx
Outlet Node24,Waterpark,Waterpark
Node on catchment SC #60,Shoalwater,Shoalwater
Node on catchment SC #1849,Fitzroy,Dawson
Node on catchment SC #812,Fitzroy,Isaac
Node on catchment SC #549,Fitzroy,Dawson
Node on catchment SC #1085,Fitzroy,Mackenzie
GS130113A,Fitzroy,Mackenzie
Node on catchment SC #495,Fitzroy,Dawson
Node on catchment SC #591,Fitzroy,Dawson
Node on catchment SC #958,Fitzroy,Isaac
Node on catchment SC #1010,Fitzroy,Isaac
Node on catchment SC #1024,Fitzroy,Isaac
Node on catchment SC #792,Fitzroy,Isaac
Node on catchment SC #1045,Fitzroy,Mackenzie
Node on catchment SC #1055,Fitzroy,Mackenzie
Node on catchment SC #1064,Fitzroy,Mackenzie
Node on catchment SC #559,Fitzroy,Dawson
Node on catchment SC #650,Fitzroy,Dawson
Node on catchment SC #1422,Fitzroy,Nogoa
Node on catchment SC #374,Fitzroy,Dawson
Node on catchment SC #586,Fitzroy,Dawson
Node on catchment SC #87,Fitzroy,Fitzroy
Outlet Node27,Fitzroy,Fitzroy
Node on catchment SC #229,Fitzroy,Dawson
Node on catchment SC #210,Fitzroy,Dawson
Node on catchment SC #30,Styx,Styx
Node on catchment SC #20,Styx,Styx
Node on catchment SC #1784,Calliope,Calliope
Node on catchment SC #57,Shoalwater,Shoalwater
Node on catchment SC #1695,Fitzroy,Mackenzie
Node on catchment SC #306,Fitzroy,Dawson
Node on catchment SC #1605,Fitzroy,Theresa
Node on catchment SC #1615,Fitzroy,Theresa
Node on catchment SC #1625,Fitzroy,Mackenzie
Node on catchment SC #1635,Fitzroy,Mackenzie
Node on catchment SC #1645,Fitzroy,Mackenzie
Node on catchment SC #1630,Fitzroy,Mackenzie
Node on catchment SC #1665,Fitzroy,Mackenzie
Node on catchment SC #756,Fitzroy,Mackenzie
Node on catchment SC #328,Fitzroy,Dawson
Node on catchment SC #1445,Fitzroy,Nogoa
Node on catchment SC #1084,Fitzroy,Mackenzie
Node on catchment SC #973,Fitzroy,Isaac
Node on catchment SC #969,Fitzroy,Isaac
Node on catchment SC #1011,Fitzroy,Isaac
Node on catchment SC #799,Fitzroy,Isaac
Node on catchment SC #1051,Fitzroy,Mackenzie
Node on catchment SC #1073,Fitzroy,Mackenzie
Node on catchment SC #467,Fitzroy,Dawson
Node on catchment SC #894,Fitzroy,Isaac
Callide Dam,Fitzroy,Dawson
Node on catchment SC #475,Fitzroy,Dawson
Node on catchment SC #490,Fitzroy,Dawson
Node on catchment SC #959,Fitzroy,Isaac
Node on catchment SC #1911,Fitzroy,Fitzroy
Node on catchment SC #82,Fitzroy,Fitzroy
Node on catchment SC #12,Shoalwater,Shoalwater
Outlet Node14,Shoalwater,Shoalwater
Outlet Node22,Shoalwater,Shoalwater
Node on catchment SC #43,Styx,Styx
Node on catchment SC #73,Waterpark,Waterpark
Node on catchment SC #63,Shoalwater,Shoalwater
Node on catchment SC #1132,Fitzroy,Comet
Node on catchment SC #434,Fitzroy,Dawson
Node on catchment SC #373,Fitzroy,Dawson
Node on catchment SC #91911,Fitzroy,Dawson
Node on catchment SC #1688,Fitzroy,Mackenzie
Node on catchment SC #1697,Fitzroy,Mackenzie
Node on catchment SC #662,Fitzroy,Dawson
Node on catchment SC #1608,Fitzroy,Theresa
Node on catchment SC #1061,Fitzroy,Mackenzie
Node on catchment SC #1638,Fitzroy,Mackenzie
Node on catchment SC #1643,Fitzroy,Mackenzie
Node on catchment SC #1658,Fitzroy,Mackenzie
Node on catchment SC #761,Fitzroy,Mackenzie
Node on catchment SC #1833,Fitzroy,Mackenzie
Node on catchment SC #322,Fitzroy,Dawson
Node on catchment SC #1392,Fitzroy,Nogoa
Node on catchment SC #1076,Fitzroy,Mackenzie
Node on catchment SC #1914,Fitzroy,Isaac
Node on catchment SC #1008,Fitzroy,Isaac
Node on catchment SC #948,Fitzroy,Isaac
Node on catchment SC #1029,Fitzroy,Isaac
Node on catchment SC #1039,Fitzroy,Isaac
Node on catchment SC #1048,Fitzroy,Mackenzie
Node on catchment SC #1059,Fitzroy,Mackenzie
Node on catchment SC #1069,Fitzroy,Mackenzie
Node on catchment SC #637,Fitzroy,Dawson
Node on catchment SC #548,Fitzroy,Dawson
Node on catchment SC #1283,Fitzroy,Comet
Node on catchment SC #1296,Fitzroy,Comet
Node on catchment SC #1216,Fitzroy,Comet
Node on catchment SC #1395,Fitzroy,Nogoa
Node on catchment SC #1246,Fitzroy,Comet
Node on catchment SC #1157,Fitzroy,Comet
Node on catchment SC #1276,Fitzroy,Comet
Node on catchment SC #35,Styx,Styx
Node on catchment SC #72,Waterpark,Waterpark
Node on catchment SC #1682,Fitzroy,Mackenzie
Node on catchment SC #1692,Fitzroy,Mackenzie
Node on catchment SC #561,Fitzroy,Dawson
Node on catchment SC #651,Fitzroy,Dawson
Node on catchment SC #1603,Fitzroy,Theresa
Node on catchment SC #1612,Fitzroy,Theresa
Node on catchment SC #1622,Fitzroy,Mackenzie
Node on catchment SC #1632,Fitzroy,Mackenzie
Node on catchment SC #1650,Fitzroy,Mackenzie
Node on catchment SC #1662,Fitzroy,Mackenzie
Node on catchment SC #1672,Fitzroy,Mackenzie
Node on catchment SC #1096,Fitzroy,Comet
Node on catchment SC #1412,Fitzroy,Nogoa
Node on catchment SC #955,Fitzroy,Isaac
Node on catchment SC #1007,Fitzroy,Isaac
Node on catchment SC #1026,Fitzroy,Isaac
Node on catchment SC #767,Fitzroy,Isaac
Node on catchment SC #1046,Fitzroy,Mackenzie
Node on catchment SC #1066,Fitzroy,Mackenzie
Node on catchment SC #278,Fitzroy,Dawson
Node on catchment SC #1472,Fitzroy,Nogoa
Node on catchment SC #1465,Fitzroy,Nogoa
Node on catchment SC #1407,Fitzroy,Nogoa
Node on catchment SC #1417,Fitzroy,Nogoa
Node on catchment SC #1414,Fitzroy,Nogoa
Node on catchment SC #1437,Fitzroy,Nogoa
Node on catchment SC #1446,Fitzroy,Nogoa
Node on catchment SC #1456,Fitzroy,Nogoa
Node on catchment SC #1384,Fitzroy,Nogoa
Node on catchment SC #84,Fitzroy,Fitzroy
Node on catchment SC #634,Fitzroy,Dawson
Node on catchment SC #14,Shoalwater,Shoalwater
Outlet Node8,Styx,Styx
Node on catchment SC #54,Shoalwater,Shoalwater
Outlet Node16,Shoalwater,Shoalwater
Node on catchment SC #1830,Waterpark,Waterpark
Node on catchment SC #65,Shoalwater,Shoalwater
Node on catchment SC #1696,Fitzroy,Mackenzie
Node on catchment SC #552,Fitzroy,Dawson
Node on catchment SC #326,Fitzroy,Dawson
Node on catchment SC #233,Fitzroy,Dawson
Node on catchment SC #970,Fitzroy,Isaac
Node on catchment SC #980,Fitzroy,Isaac
Node on catchment SC #981,Fitzroy,Isaac
Node on catchment SC #983,Fitzroy,Isaac
Node on catchment SC #985,Fitzroy,Isaac
Node on catchment SC #986,Fitzroy,Isaac
Node on catchment SC #1473,Fitzroy,Nogoa
Node on catchment SC #1495,Fitzroy,Nogoa
Node on catchment SC #414,Fitzroy,Dawson
Node on catchment SC #1406,Fitzroy,Nogoa
Node on catchment SC #1416,Fitzroy,Nogoa
Node on catchment SC #1415,Fitzroy,Nogoa
Node on catchment SC #1436,Fitzroy,Nogoa
Node on catchment SC #315,Fitzroy,Dawson
Outlet Node15,Styx,Styx
Node on catchment SC #19,Styx,Styx
Node on catchment SC #1681,Fitzroy,Mackenzie
Node on catchment SC #1686,Fitzroy,Mackenzie
Node on catchment SC #476,Fitzroy,Dawson
Node on catchment SC #1514,Fitzroy,Theresa
Node on catchment SC #1610,Fitzroy,Theresa
Node on catchment SC #1631,Fitzroy,Mackenzie
Node on catchment SC #1634,Fitzroy,Mackenzie
Node on catchment SC #1651,Fitzroy,Mackenzie
Node on catchment SC #1671,Fitzroy,Mackenzie
Node on catchment SC #299,Fitzroy,Dawson
Node on catchment SC #496,Fitzroy,Dawson
Node on catchment SC #879,Fitzroy,Isaac
Node on catchment SC #881,Fitzroy,Isaac
Node on catchment SC #883,Fitzroy,Isaac
Node on catchment SC #886,Fitzroy,Isaac
Node on catchment SC #804,Fitzroy,Isaac
Node on catchment SC #888,Fitzroy,Isaac
Node on catchment SC #236,Fitzroy,Dawson
Node on catchment SC #62,Shoalwater,Shoalwater
Node on catchment SC #88,Fitzroy,Fitzroy
Outlet Node26,Waterpark,Waterpark
Outlet Node6,Shoalwater,Shoalwater
Outlet Node12,Styx,Styx
Outlet Node20,Shoalwater,Shoalwater
Node on catchment SC #36,Styx,Styx
Node on catchment SC #58,Shoalwater,Shoalwater
Node on catchment SC #1685,Fitzroy,Mackenzie
Node on catchment SC #1649,Fitzroy,Mackenzie
Node on catchment SC #800,Fitzroy,Isaac
Node on catchment SC #920,Fitzroy,Isaac
Node on catchment SC #922,Fitzroy,Isaac
Node on catchment SC #924,Fitzroy,Isaac
Node on catchment SC #925,Fitzroy,Isaac
Node on catchment SC #927,Fitzroy,Isaac
Node on catchment SC #928,Fitzroy,Isaac
Node on catchment SC #1832,Fitzroy,Mackenzie
Node on catchment SC #1023,Fitzroy,Isaac
Node on catchment SC #764,Fitzroy,Mackenzie
Node on catchment SC #962,Fitzroy,Isaac
Node on catchment SC #1224,Fitzroy,Comet
Node on catchment SC #1488,Fitzroy,Nogoa
Node on catchment SC #1497,Fitzroy,Nogoa
Node on catchment SC #794,Fitzroy,Isaac
Node on catchment SC #1411,Fitzroy,Nogoa
Node on catchment SC #1458,Fitzroy,Nogoa
Node on catchment SC #1387,Fitzroy,Nogoa
Node on catchment SC #1398,Fitzroy,Nogoa
Node on catchment SC #16,Shoalwater,Shoalwater
Outlet Node9,Styx,Styx
Outlet Node23,Shoalwater,Shoalwater
Outlet Node17,Shoalwater,Shoalwater
Node on catchment SC #1308,Fitzroy,Comet
Node on catchment SC #744,Fitzroy,Mackenzie
Node on catchment SC #1338,Fitzroy,Nogoa
Node on catchment SC #1348,Fitzroy,Nogoa
Node on catchment SC #1357,Fitzroy,Nogoa
Node on catchment SC #1349,Fitzroy,Nogoa
Node on catchment SC #1377,Fitzroy,Nogoa
Node on catchment SC #1598,Fitzroy,Theresa
Node on catchment SC #1836,Fitzroy,Theresa
Node on catchment SC #1857,Fitzroy,Mackenzie
Node on catchment SC #803,Fitzroy,Isaac
Node on catchment SC #911,Fitzroy,Isaac
Node on catchment SC #913,Fitzroy,Isaac
Node on catchment SC #915,Fitzroy,Isaac
Node on catchment SC #916,Fitzroy,Isaac
Node on catchment SC #819,Fitzroy,Isaac
Node on catchment SC #821,Fitzroy,Isaac
Node on catchment SC #186,Fitzroy,Dawson
Node on catchment SC #185,Fitzroy,Dawson
Node on catchment SC #995,Fitzroy,Isaac
Node on catchment SC #816,Fitzroy,Isaac
Node on catchment SC #815,Fitzroy,Isaac
Node on catchment SC #826,Fitzroy,Isaac
Node on catchment SC #179,Fitzroy,Dawson
Node on catchment SC #180,Fitzroy,Dawson
Node on catchment SC #1482,Fitzroy,Nogoa
Node on catchment SC #1493,Fitzroy,Nogoa
Node on catchment SC #1400,Fitzroy,Nogoa
Node on catchment SC #1744,Fitzroy,Fitzroy
Node on catchment SC #1433,Fitzroy,Nogoa
Node on catchment SC #1443,Fitzroy,Nogoa
Node on catchment SC #1450,Fitzroy,Nogoa
Node on catchment SC #1463,Fitzroy,Nogoa
Node on catchment SC #964,Fitzroy,Isaac
Node on catchment SC #1321,Fitzroy,Theresa
Node on catchment SC #387,Fitzroy,Dawson
Node on catchment SC #388,Fitzroy,Dawson
Node on catchment SC #381,Fitzroy,Dawson
Node on catchment SC #372,Fitzroy,Dawson
Node on catchment SC #371,Fitzroy,Dawson
Outlet Node21,Shoalwater,Shoalwater
Node on catchment SC #356,Fitzroy,Dawson
Node on catchment SC #384,Fitzroy,Dawson
Node on catchment SC #818,Fitzroy,Isaac
Node on catchment SC #817,Fitzroy,Isaac
Node on catchment SC #323,Fitzroy,Dawson
Node on catchment SC #194,Fitzroy,Dawson
Node on catchment SC #1491,Fitzroy,Nogoa
Node on catchment SC #889,Fitzroy,Isaac
Node on catchment SC #892,Fitzroy,Isaac
Node on catchment SC #891,Fitzroy,Isaac
Node on catchment SC #793,Fitzroy,Isaac
Node on catchment SC #896,Fitzroy,Isaac
Node on catchment SC #1841,Fitzroy,Isaac
Node on catchment SC #1432,Fitzroy,Nogoa
Node on catchment SC #1441,Fitzroy,Nogoa
Node on catchment SC #1451,Fitzroy,Nogoa
Node on catchment SC #1391,Fitzroy,Nogoa
Node on catchment SC #485,Fitzroy,Dawson
Node on catchment SC #1122,Fitzroy,Comet
Node on catchment SC #469,Fitzroy,Dawson
Node on catchment SC #1198,Fitzroy,Comet
Node on catchment SC #302,Fitzroy,Dawson
Node on catchment SC #1242,Fitzroy,Comet
Node on catchment SC #587,Fitzroy,Dawson
Node on catchment SC #588,Fitzroy,Dawson
Node on catchment SC #583,Fitzroy,Dawson
Node on catchment SC #582,Fitzroy,Dawson
Node on catchment SC #324,Fitzroy,Dawson
Node on catchment SC #579,Fitzroy,Dawson
Node on catchment SC #580,Fitzroy,Dawson
Node on catchment SC #929,Fitzroy,Isaac
Node on catchment SC #930,Fitzroy,Isaac
Node on catchment SC #931,Fitzroy,Isaac
Node on catchment SC #932,Fitzroy,Isaac
Node on catchment SC #127,Fitzroy,Fitzroy
Node on catchment SC #128,Fitzroy,Fitzroy
Node on catchment SC #934,Fitzroy,Isaac
Node on catchment SC #937,Fitzroy,Isaac
Node on catchment SC #938,Fitzroy,Isaac
Node on catchment SC #288,Fitzroy,Dawson
Node on catchment SC #287,Fitzroy,Dawson
Node on catchment SC #119,Fitzroy,Fitzroy
Node on catchment SC #120,Fitzroy,Fitzroy
Node on catchment SC #121,Fitzroy,Fitzroy
Node on catchment SC #124,Fitzroy,Fitzroy
Node on catchment SC #125,Fitzroy,Fitzroy
Node on catchment SC #126,Fitzroy,Fitzroy
Node on catchment SC #286,Fitzroy,Dawson
Node on catchment SC #1847,Fitzroy,Dawson
Node on catchment SC #271,Fitzroy,Dawson
Node on catchment SC #282,Fitzroy,Dawson
Node on catchment SC #1474,Fitzroy,Nogoa
Node on catchment SC #1424,Fitzroy,Nogoa
Node on catchment SC #1435,Fitzroy,Nogoa
Node on catchment SC #784,Fitzroy,Isaac
Node on catchment SC #781,Fitzroy,Isaac
Node on catchment SC #785,Fitzroy,Isaac
Node on catchment SC #1475,Fitzroy,Nogoa
Node on catchment SC #782,Fitzroy,Isaac
Node on catchment SC #779,Fitzroy,Isaac
Node on catchment SC #780,Fitzroy,Isaac
Node on catchment SC #1306,Fitzroy,Comet
Node on catchment SC #743,Fitzroy,Mackenzie
Node on catchment SC #1687,Fitzroy,Mackenzie
Node on catchment SC #1336,Fitzroy,Nogoa
Node on catchment SC #1347,Fitzroy,Nogoa
Node on catchment SC #1354,Fitzroy,Nogoa
Node on catchment SC #1533,Fitzroy,Theresa
Node on catchment SC #1091,Fitzroy,Mackenzie
Node on catchment SC #1669,Fitzroy,Mackenzie
Node on catchment SC #961,Fitzroy,Isaac
Node on catchment SC #114,Fitzroy,Fitzroy
Node on catchment SC #1831,Fitzroy,Fitzroy
Node on catchment SC #965,Fitzroy,Isaac
Node on catchment SC #472,Fitzroy,Dawson
Node on catchment SC #1703,Fitzroy,Mackenzie
Node on catchment SC #108,Fitzroy,Fitzroy
Node on catchment SC #110,Fitzroy,Fitzroy
Node on catchment SC #112,Fitzroy,Fitzroy
Node on catchment SC #115,Fitzroy,Fitzroy
Node on catchment SC #808,Fitzroy,Isaac
Node on catchment SC #832,Fitzroy,Isaac
Node on catchment SC #806,Fitzroy,Isaac
Node on catchment SC #197,Fitzroy,Dawson
Node on catchment SC #836,Fitzroy,Isaac
Node on catchment SC #835,Fitzroy,Isaac
Node on catchment SC #838,Fitzroy,Isaac
Node on catchment SC #837,Fitzroy,Isaac
Node on catchment SC #178,Fitzroy,Dawson
Node on catchment SC #1852,Fitzroy,Dawson
Node on catchment SC #191,Fitzroy,Dawson
Node on catchment SC #192,Fitzroy,Dawson
Node on catchment SC #1479,Fitzroy,Nogoa
Node on catchment SC #195,Fitzroy,Dawson
Node on catchment SC #196,Fitzroy,Dawson
Node on catchment SC #206,Fitzroy,Dawson
Node on catchment SC #1399,Fitzroy,Nogoa
Node on catchment SC #1393,Fitzroy,Nogoa
Node on catchment SC #517,Fitzroy,Dawson
Node on catchment SC #727,Fitzroy,Dawson
Node on catchment SC #527,Fitzroy,Dawson
Node on catchment SC #528,Fitzroy,Dawson
Node on catchment SC #522,Fitzroy,Dawson
Node on catchment SC #524,Fitzroy,Dawson
Node on catchment SC #669,Fitzroy,Dawson
Node on catchment SC #686,Fitzroy,Dawson
Node on catchment SC #672,Fitzroy,Dawson
Node on catchment SC #681,Fitzroy,Dawson
Node on catchment SC #682,Fitzroy,Dawson
Node on catchment SC #316,Fitzroy,Dawson
Node on catchment SC #318,Fitzroy,Dawson
Node on catchment SC #679,Fitzroy,Dawson
Node on catchment SC #143,Fitzroy,Fitzroy
Node on catchment SC #296,Fitzroy,Dawson
Node on catchment SC #312,Fitzroy,Dawson
Node on catchment SC #949,Fitzroy,Isaac
Node on catchment SC #951,Fitzroy,Isaac
Node on catchment SC #952,Fitzroy,Isaac
Node on catchment SC #956,Fitzroy,Isaac
Node on catchment SC #227,Fitzroy,Dawson
Node on catchment SC #532,Fitzroy,Dawson
Node on catchment SC #221,Fitzroy,Dawson
Node on catchment SC #860,Fitzroy,Isaac
Node on catchment SC #858,Fitzroy,Isaac
Node on catchment SC #226,Fitzroy,Dawson
Node on catchment SC #861,Fitzroy,Isaac
Node on catchment SC #862,Fitzroy,Isaac
Node on catchment SC #1842,Fitzroy,Isaac
Node on catchment SC #865,Fitzroy,Isaac
Node on catchment SC #868,Fitzroy,Isaac
Node on catchment SC #1305,Fitzroy,Comet
Node on catchment SC #391,Fitzroy,Dawson
Node on catchment SC #1394,Fitzroy,Nogoa
Node on catchment SC #724,Fitzroy,Dawson
Node on catchment SC #726,Fitzroy,Dawson
Node on catchment SC #718,Fitzroy,Dawson
Node on catchment SC #721,Fitzroy,Dawson
Node on catchment SC #719,Fitzroy,Dawson
Kroombit Dam,Fitzroy,Dawson
Node on catchment SC #518,Fitzroy,Dawson
Node on catchment SC #513,Fitzroy,Dawson
Node on catchment SC #515,Fitzroy,Dawson
Node on catchment SC #509,Fitzroy,Dawson
Node on catchment SC #508,Fitzroy,Dawson
GS130302A,Fitzroy,Dawson
Node on catchment SC #300,Fitzroy,Dawson
Node on catchment SC #646,Fitzroy,Dawson
Node on catchment SC #1912,Fitzroy,Dawson
Node on catchment SC #422,Fitzroy,Dawson
Node on catchment SC #425,Fitzroy,Dawson
Node on catchment SC #419,Fitzroy,Dawson
Node on catchment SC #418,Fitzroy,Dawson
Node on catchment SC #218,Fitzroy,Dawson
Node on catchment SC #217,Fitzroy,Dawson
Node on catchment SC #212,Fitzroy,Dawson
Node on catchment SC #899,Fitzroy,Isaac
Node on catchment SC #900,Fitzroy,Isaac
Node on catchment SC #215,Fitzroy,Dawson
Node on catchment SC #901,Fitzroy,Isaac
Node on catchment SC #905,Fitzroy,Isaac
Node on catchment SC #298,Fitzroy,Dawson
Node on catchment SC #297,Fitzroy,Dawson
Node on catchment SC #130,Fitzroy,Fitzroy
Node on catchment SC #132,Fitzroy,Fitzroy
Node on catchment SC #133,Fitzroy,Fitzroy
Node on catchment SC #135,Fitzroy,Fitzroy
Node on catchment SC #136,Fitzroy,Fitzroy
Node on catchment SC #295,Fitzroy,Dawson
Node on catchment SC #292,Fitzroy,Dawson
Node on catchment SC #717,Fitzroy,Dawson
Node on catchment SC #715,Fitzroy,Dawson
Node on catchment SC #158,Fitzroy,Dawson
Node on catchment SC #157,Fitzroy,Dawson
Node on catchment SC #708,Fitzroy,Dawson
Node on catchment SC #165,Fitzroy,Dawson
Node on catchment SC #709,Fitzroy,Dawson
Node on catchment SC #795,Fitzroy,Isaac
Outlet Node65,Fitzroy,Fitzroy
Outlet Node66,Fitzroy,Fitzroy
Node on catchment SC #778,Fitzroy,Isaac
Outlet Node60,Shoalwater,Shoalwater
Outlet Node50,Shoalwater,Shoalwater
Outlet Node51,Shoalwater,Shoalwater
Outlet Node53,Shoalwater,Shoalwater
Outlet Node52,Shoalwater,Shoalwater
Outlet Node62,Waterpark,Waterpark
Outlet Node63,Waterpark,Waterpark
Outlet Node64,Waterpark,Waterpark
Node on catchment SC #410,Fitzroy,Dawson
Node on catchment SC #1855,Fitzroy,Dawson
Node on catchment SC #411,Fitzroy,Dawson
Node on catchment SC #1814,Boyne,Boyne
Node on catchment SC #337,Fitzroy,Dawson
Node on catchment SC #330,Fitzroy,Dawson
Node on catchment SC #325,Fitzroy,Dawson
Node on catchment SC #971,Fitzroy,Isaac
Node on catchment SC #166,Fitzroy,Dawson
Node on catchment SC #168,Fitzroy,Dawson
Node on catchment SC #975,Fitzroy,Isaac
Node on catchment SC #977,Fitzroy,Isaac
Node on catchment SC #159,Fitzroy,Dawson
Node on catchment SC #160,Fitzroy,Dawson
Node on catchment SC #163,Fitzroy,Dawson
Node on catchment SC #801,Fitzroy,Isaac
Node on catchment SC #805,Fitzroy,Isaac
Node on catchment SC #807,Fitzroy,Isaac
Node on catchment SC #536,Fitzroy,Dawson
Node on catchment SC #1480,Fitzroy,Nogoa
Node on catchment SC #1401,Fitzroy,Nogoa
Node on catchment SC #1420,Fitzroy,Nogoa
Node on catchment SC #1430,Fitzroy,Nogoa
Node on catchment SC #613,Fitzroy,Dawson
Node on catchment SC #610,Fitzroy,Dawson
Node on catchment SC #576,Fitzroy,Dawson
Node on catchment SC #537,Fitzroy,Dawson
Node on catchment SC #533,Fitzroy,Dawson
Node on catchment SC #697,Fitzroy,Dawson
Node on catchment SC #1839,Fitzroy,Dawson
Node on catchment SC #413,Fitzroy,Dawson
Node on catchment SC #360,Fitzroy,Dawson
Node on catchment SC #368,Fitzroy,Dawson
Node on catchment SC #459,Fitzroy,Dawson
Node on catchment SC #460,Fitzroy,Dawson
Node on catchment SC #361,Fitzroy,Dawson
Node on catchment SC #362,Fitzroy,Dawson
Node on catchment SC #358,Fitzroy,Dawson
Node on catchment SC #364,Fitzroy,Dawson
Node on catchment SC #1099,Fitzroy,Comet
Node on catchment SC #238,Fitzroy,Dawson
Node on catchment SC #144,Fitzroy,Fitzroy
Node on catchment SC #140,Fitzroy,Fitzroy
Node on catchment SC #139,Fitzroy,Fitzroy
Node on catchment SC #153,Fitzroy,Fitzroy
Node on catchment SC #154,Fitzroy,Fitzroy
Node on catchment SC #870,Fitzroy,Isaac
Node on catchment SC #156,Fitzroy,Dawson
Node on catchment SC #869,Fitzroy,Isaac
Node on catchment SC #874,Fitzroy,Isaac
Node on catchment SC #470,Fitzroy,Dawson
Node on catchment SC #1107,Fitzroy,Comet
Node on catchment SC #1116,Fitzroy,Comet
Node on catchment SC #1127,Fitzroy,Comet
Node on catchment SC #1137,Fitzroy,Comet
Node on catchment SC #1147,Fitzroy,Comet
Node on catchment SC #1166,Fitzroy,Comet
Node on catchment SC #1176,Fitzroy,Comet
Node on catchment SC #736,Fitzroy,Mackenzie
Node on catchment SC #1339,Fitzroy,Nogoa
Node on catchment SC #734,Fitzroy,Mackenzie
Node on catchment SC #729,Fitzroy,Dawson
Node on catchment SC #1389,Fitzroy,Nogoa
Node on catchment SC #565,Fitzroy,Dawson
Node on catchment SC #488,Fitzroy,Dawson
Node on catchment SC #1299,Fitzroy,Comet
Node on catchment SC #1310,Fitzroy,Comet
Node on catchment SC #1330,Fitzroy,Nogoa
Node on catchment SC #1340,Fitzroy,Nogoa
Node on catchment SC #1350,Fitzroy,Nogoa
Node on catchment SC #1359,Fitzroy,Nogoa
Node on catchment SC #1369,Fitzroy,Nogoa
Node on catchment SC #1838,Fitzroy,Dawson
Node on catchment SC #350,Fitzroy,Dawson
Node on catchment SC #349,Fitzroy,Dawson
Node on catchment SC #346,Fitzroy,Dawson
Node on catchment SC #313,Fitzroy,Dawson
Node on catchment SC #430,Fitzroy,Dawson
Node on catchment SC #429,Fitzroy,Dawson
Node on catchment SC #267,Fitzroy,Dawson
Node on catchment SC #262,Fitzroy,Dawson
Node on catchment SC #173,Fitzroy,Dawson
Node on catchment SC #174,Fitzroy,Dawson
Node on catchment SC #266,Fitzroy,Dawson
Node on catchment SC #265,Fitzroy,Dawson
Node on catchment SC #106,Fitzroy,Fitzroy
Node on catchment SC #633,Fitzroy,Dawson
Node on catchment SC #99,Fitzroy,Fitzroy
Node on catchment SC #101,Fitzroy,Fitzroy
Node on catchment SC #102,Fitzroy,Fitzroy
Node on catchment SC #105,Fitzroy,Fitzroy
Node on catchment SC #1333,Fitzroy,Nogoa
Node on catchment SC #992,Fitzroy,Isaac
Node on catchment SC #768,Fitzroy,Isaac
Node on catchment SC #765,Fitzroy,Isaac
Node on catchment SC #1834,Fitzroy,Mackenzie
Node on catchment SC #758,Fitzroy,Mackenzie
Node on catchment SC #544,Fitzroy,Dawson
Node on catchment SC #546,Fitzroy,Dawson
Node on catchment SC #521,Fitzroy,Dawson
Node on catchment SC #1294,Fitzroy,Comet
Node on catchment SC #1311,Fitzroy,Comet
Node on catchment SC #1361,Fitzroy,Nogoa
Node on catchment SC #1371,Fitzroy,Nogoa
Node on catchment SC #520,Fitzroy,Dawson
Outlet Node45,Styx,Styx
Outlet Node61,Waterpark,Waterpark
Outlet Node47,Styx,Styx
Outlet Node57,Shoalwater,Shoalwater
Outlet Node46,Styx,Styx
Outlet Node58,Shoalwater,Shoalwater
Outlet Node78,Styx,Styx
Outlet Node49,Shoalwater,Shoalwater
Node on catchment SC #461,Fitzroy,Dawson
Node on catchment SC #462,Fitzroy,Dawson
Node on catchment SC #204,Fitzroy,Dawson
Node on catchment SC #225,Fitzroy,Dawson
Node on catchment SC #246,Fitzroy,Dawson
Node on catchment SC #253,Fitzroy,Dawson
Node on catchment SC #941,Fitzroy,Isaac
Node on catchment SC #945,Fitzroy,Isaac
Node on catchment SC #169,Fitzroy,Dawson
Node on catchment SC #171,Fitzroy,Dawson
Node on catchment SC #176,Fitzroy,Dawson
Node on catchment SC #757,Fitzroy,Mackenzie
Node on catchment SC #754,Fitzroy,Mackenzie
Node on catchment SC #750,Fitzroy,Mackenzie
Node on catchment SC #751,Fitzroy,Mackenzie
Node on catchment SC #1120,Fitzroy,Comet
Node on catchment SC #617,Fitzroy,Dawson
Node on catchment SC #666,Fitzroy,Dawson
Node on catchment SC #661,Fitzroy,Dawson
Node on catchment SC #280,Fitzroy,Dawson
Node on catchment SC #659,Fitzroy,Dawson
Node on catchment SC #1913,Fitzroy,Dawson
Node on catchment SC #454,Fitzroy,Dawson
Node on catchment SC #446,Fitzroy,Dawson
Node on catchment SC #445,Fitzroy,Dawson
Node on catchment SC #449,Fitzroy,Dawson
Node on catchment SC #451,Fitzroy,Dawson
Node on catchment SC #1589,Fitzroy,Theresa
Node on catchment SC #540,Fitzroy,Dawson
Node on catchment SC #375,Fitzroy,Dawson
Node on catchment SC #207,Fitzroy,Dawson
Node on catchment SC #1807,Boyne,Boyne
Node on catchment SC #200,Fitzroy,Dawson
Node on catchment SC #839,Fitzroy,Isaac
Node on catchment SC #205,Fitzroy,Dawson
Node on catchment SC #843,Fitzroy,Isaac
Node on catchment SC #845,Fitzroy,Isaac
Node on catchment SC #526,Fitzroy,Dawson
Node on catchment SC #1250,Fitzroy,Comet
Node on catchment SC #264,Fitzroy,Dawson
Node on catchment SC #705,Fitzroy,Dawson
Node on catchment SC #1854,Fitzroy,Dawson
Node on catchment SC #1379,Fitzroy,Nogoa
Node on catchment SC #577,Fitzroy,Dawson
Node on catchment SC #1130,Fitzroy,Comet
Node on catchment SC #1318,Fitzroy,Theresa
Node on catchment SC #1869,Fitzroy,Nogoa
Node on catchment SC #424,Fitzroy,Dawson
Node on catchment SC #401,Fitzroy,Dawson
Node on catchment SC #406,Fitzroy,Dawson
Node on catchment SC #403,Fitzroy,Dawson
Node on catchment SC #402,Fitzroy,Dawson
Node on catchment SC #394,Fitzroy,Dawson
Node on catchment SC #276,Fitzroy,Dawson
Node on catchment SC #605,Fitzroy,Dawson
Node on catchment SC #272,Fitzroy,Dawson
Node on catchment SC #274,Fitzroy,Dawson
Node on catchment SC #465,Fitzroy,Dawson
Node on catchment SC #1817,Boyne,Boyne
Node on catchment SC #774,Fitzroy,Isaac
Node on catchment SC #775,Fitzroy,Isaac
GS1304021,Fitzroy,Isaac
Node on catchment SC #771,Fitzroy,Isaac
Node on catchment SC #1097,Fitzroy,Comet
Node on catchment SC #1323,Fitzroy,Theresa
Node on catchment SC #1334,Fitzroy,Nogoa
Node on catchment SC #1364,Fitzroy,Nogoa
Node on catchment SC #601,Fitzroy,Dawson
Node on catchment SC #600,Fitzroy,Dawson
Node on catchment SC #1787,Calliope,Calliope
Node on catchment SC #1797,Calliope,Calliope
Node on catchment SC #477,Fitzroy,Dawson
Node on catchment SC #498,Fitzroy,Dawson
Node on catchment SC #474,Fitzroy,Dawson
Node on catchment SC #1706,Fitzroy,Mackenzie
Node on catchment SC #1718,Fitzroy,Fitzroy
Node on catchment SC #1736,Fitzroy,Fitzroy
Node on catchment SC #1140,Fitzroy,Comet
Node on catchment SC #1757,Fitzroy,Fitzroy
Node on catchment SC #1766,Fitzroy,Fitzroy
Node on catchment SC #1777,Calliope,Calliope
Node on catchment SC #415,Fitzroy,Dawson
Node on catchment SC #147,Fitzroy,Fitzroy
Node on catchment SC #1175,Fitzroy,Comet
Node on catchment SC #1189,Fitzroy,Comet
Node on catchment SC #141,Fitzroy,Fitzroy
Node on catchment SC #1109,Fitzroy,Comet
Node on catchment SC #145,Fitzroy,Fitzroy
Node on catchment SC #1828,Fitzroy,Comet
Node on catchment SC #1159,Fitzroy,Comet
Node on catchment SC #1169,Fitzroy,Comet
Node on catchment SC #1187,Fitzroy,Comet
Node on catchment SC #1105,Fitzroy,Comet
Node on catchment SC #1385,Fitzroy,Nogoa
Node on catchment SC #1148,Fitzroy,Comet
Node on catchment SC #1158,Fitzroy,Comet
Node on catchment SC #1507,Fitzroy,Nogoa
Node on catchment SC #1178,Fitzroy,Comet
Node on catchment SC #1149,Fitzroy,Comet
Node on catchment SC #1325,Fitzroy,Theresa
Node on catchment SC #1344,Fitzroy,Nogoa
Node on catchment SC #1355,Fitzroy,Nogoa
Node on catchment SC #1375,Fitzroy,Nogoa
Node on catchment SC #655,Fitzroy,Dawson
Node on catchment SC #596,Fitzroy,Dawson
Node on catchment SC #347,Fitzroy,Dawson
Node on catchment SC #339,Fitzroy,Dawson
Node on catchment SC #314,Fitzroy,Dawson
Node on catchment SC #321,Fitzroy,Dawson
Node on catchment SC #1381,Fitzroy,Nogoa
Node on catchment SC #487,Fitzroy,Dawson
Node on catchment SC #547,Fitzroy,Dawson
Node on catchment SC #1293,Fitzroy,Comet
Node on catchment SC #1322,Fitzroy,Theresa
Node on catchment SC #1332,Fitzroy,Nogoa
Node on catchment SC #1342,Fitzroy,Nogoa
Node on catchment SC #1352,Fitzroy,Nogoa
Node on catchment SC #357,Fitzroy,Dawson
Node on catchment SC #290,Fitzroy,Dawson
Node on catchment SC #440,Fitzroy,Dawson
Node on catchment SC #248,Fitzroy,Dawson
Node on catchment SC #247,Fitzroy,Dawson
Node on catchment SC #1571,Fitzroy,Theresa
Node on catchment SC #242,Fitzroy,Dawson
Node on catchment SC #241,Fitzroy,Dawson
Node on catchment SC #1850,Fitzroy,Comet
Node on catchment SC #1183,Fitzroy,Comet
Node on catchment SC #1101,Fitzroy,Comet
Node on catchment SC #1111,Fitzroy,Comet
Node on catchment SC #94,Fitzroy,Fitzroy
Node on catchment SC #1142,Fitzroy,Comet
Node on catchment SC #1151,Fitzroy,Comet
Node on catchment SC #1162,Fitzroy,Comet
Node on catchment SC #1172,Fitzroy,Comet
Node on catchment SC #747,Fitzroy,Mackenzie
Node on catchment SC #745,Fitzroy,Mackenzie
Node on catchment SC #740,Fitzroy,Mackenzie
Node on catchment SC #739,Fitzroy,Mackenzie
Node on catchment SC #749,Fitzroy,Mackenzie
Node on catchment SC #841,Fitzroy,Isaac
Node on catchment SC #1866,Fitzroy,Dawson
Teviot Ck Dam,Fitzroy,Isaac
Node on catchment SC #1292,Fitzroy,Comet
Node on catchment SC #1363,Fitzroy,Nogoa
Node on catchment SC #447,Fitzroy,Dawson
Node on catchment SC #616,Fitzroy,Dawson
Node on catchment SC #444,Fitzroy,Dawson
Node on catchment SC #442,Fitzroy,Dawson
Node on catchment SC #438,Fitzroy,Dawson
Node on catchment SC #1527,Fitzroy,Theresa
Bundoora Dam,Fitzroy,Mackenzie
Node on catchment SC #656,Fitzroy,Dawson
Node on catchment SC #1119,Fitzroy,Comet
Node on catchment SC #1129,Fitzroy,Comet
Node on catchment SC #1136,Fitzroy,Comet
Node on catchment SC #612,Fitzroy,Dawson
Node on catchment SC #639,Fitzroy,Dawson
Outlet Node2,Styx,Styx
Node on catchment SC #640,Fitzroy,Dawson
Node on catchment SC #641,Fitzroy,Dawson
Node on catchment SC #642,Fitzroy,Dawson
Node on catchment SC #1782,Calliope,Calliope
Node on catchment SC #1793,Calliope,Calliope
Node on catchment SC #1723,Fitzroy,Fitzroy
Node on catchment SC #1732,Fitzroy,Fitzroy
Node on catchment SC #1743,Fitzroy,Fitzroy
Outlet Node28,Fitzroy,Fitzroy
Node on catchment SC #1763,Fitzroy,Fitzroy
Node on catchment SC #1184,Fitzroy,Comet
Node on catchment SC #1181,Fitzroy,Comet
Node on catchment SC #1103,Fitzroy,Comet
Node on catchment SC #1114,Fitzroy,Comet
Node on catchment SC #1123,Fitzroy,Comet
Node on catchment SC #1143,Fitzroy,Comet
Node on catchment SC #1164,Fitzroy,Comet
Node on catchment SC #1165,Fitzroy,Comet
Theodore Weir,Fitzroy,Dawson
Node on catchment SC #1790,Calliope,Calliope
Node on catchment SC #1700,Fitzroy,Mackenzie
Node on catchment SC #1720,Fitzroy,Fitzroy
Node on catchment SC #1739,Fitzroy,Fitzroy
Node on catchment SC #1749,Fitzroy,Fitzroy
Outlet Node31,Fitzroy,Fitzroy
Node on catchment SC #1770,Fitzroy,Fitzroy
Node on catchment SC #1798,Calliope,Calliope
Node on catchment SC #851,Fitzroy,Isaac
Node on catchment SC #1705,Fitzroy,Mackenzie
Node on catchment SC #1728,Fitzroy,Fitzroy
Node on catchment SC #1735,Fitzroy,Fitzroy
Node on catchment SC #1748,Fitzroy,Fitzroy
Node on catchment SC #1768,Fitzroy,Fitzroy
Node on catchment SC #541,Fitzroy,Dawson
Node on catchment SC #1121,Fitzroy,Comet
Node on catchment SC #1141,Fitzroy,Comet
Node on catchment SC #1161,Fitzroy,Comet
Node on catchment SC #1168,Fitzroy,Comet
Node on catchment SC #1835,Fitzroy,Theresa
Node on catchment SC #482,Fitzroy,Dawson
Node on catchment SC #1804,Boyne,Boyne
Node on catchment SC #1396,Fitzroy,Nogoa
Node on catchment SC #75,Waterpark,Waterpark
Node on catchment SC #573,Fitzroy,Dawson
Node on catchment SC #1182,Fitzroy,Comet
Node on catchment SC #1802,Boyne,Boyne
Node on catchment SC #1316,Fitzroy,Theresa
Node on catchment SC #1346,Fitzroy,Nogoa
Outlet Node77,Boyne,Boyne
Outlet Node68,Fitzroy,Fitzroy
Outlet Node67,Fitzroy,Fitzroy
Outlet Node69,Fitzroy,Fitzroy
Outlet Node70,Fitzroy,Fitzroy
Outlet Node75,Calliope,Calliope
Outlet Node73,Calliope,Calliope
Outlet Node74,Calliope,Calliope
Outlet Node76,Boyne,Boyne
Node on catchment SC #494,Fitzroy,Dawson
Node on catchment SC #1186,Fitzroy,Comet
Node on catchment SC #1196,Fitzroy,Comet
Node on catchment SC #1106,Fitzroy,Comet
Node on catchment SC #1125,Fitzroy,Comet
Node on catchment SC #1146,Fitzroy,Comet
Node on catchment SC #1553,Fitzroy,Theresa
Outlet Node54,Shoalwater,Shoalwater
Node on catchment SC #1805,Boyne,Boyne
Node on catchment SC #1815,Boyne,Boyne
Node on catchment SC #1098,Fitzroy,Comet
Node on catchment SC #1916,Fitzroy,Dawson
Neville Hewitt Weir,Fitzroy,Dawson
Bingegang Weir,Fitzroy,Mackenzie
Theresa Ck Dam,Fitzroy,Theresa
Node on catchment SC #1195,Fitzroy,Comet
Node on catchment SC #1785,Calliope,Calliope
Node on catchment SC #1845,Calliope,Calliope
Node on catchment SC #1745,Fitzroy,Fitzroy
Node on catchment SC #1755,Fitzroy,Fitzroy
Outlet Node37,Calliope,Calliope
Node on catchment SC #593,Fitzroy,Dawson
Node on catchment SC #1535,Fitzroy,Theresa
Node on catchment SC #1596,Fitzroy,Theresa
Node on catchment SC #699,Fitzroy,Dawson
Node on catchment SC #1844,Fitzroy,Isaac
Node on catchment SC #1506,Fitzroy,Nogoa
Node on catchment SC #1516,Fitzroy,Theresa
Node on catchment SC #1525,Fitzroy,Theresa
Node on catchment SC #1536,Fitzroy,Theresa
Node on catchment SC #1546,Fitzroy,Theresa
Node on catchment SC #1556,Fitzroy,Theresa
Node on catchment SC #1537,Fitzroy,Theresa
Node on catchment SC #1576,Fitzroy,Theresa
Outlet Node55,Shoalwater,Shoalwater
Outlet Node48,Shoalwater,Shoalwater
Outlet Node38,Boyne,Boyne
Node on catchment SC #1810,Boyne,Boyne
Node on catchment SC #1821,Boyne,Boyne
Bedford Weir,Fitzroy,Mackenzie
Node on catchment SC #866,Fitzroy,Isaac
Node on catchment SC #175,Fitzroy,Dawson
Outlet Node40,Styx,Styx
Outlet Node56,Shoalwater,Shoalwater
Outlet Node41,Styx,Styx
Outlet Node42,Styx,Styx
Outlet Node44,Styx,Styx
Node on catchment SC #1704,Fitzroy,Mackenzie
Node on catchment SC #1829,Fitzroy,Fitzroy
Node on catchment SC #592,Fitzroy,Dawson
Node on catchment SC #1582,Fitzroy,Theresa
Node on catchment SC #1534,Fitzroy,Theresa
Node on catchment SC #1156,Fitzroy,Comet
Node on catchment SC #1523,Fitzroy,Theresa
Node on catchment SC #1543,Fitzroy,Theresa
Node on catchment SC #1542,Fitzroy,Theresa
Node on catchment SC #1572,Fitzroy,Theresa
Node on catchment SC #1826,Boyne,Boyne
Eden Bann Weir,Fitzroy,Fitzroy
Node on catchment SC #895,Fitzroy,Isaac
Moura Weir,Fitzroy,Dawson
Node on catchment SC #1860,Boyne,Boyne
Node on catchment SC #1724,Fitzroy,Fitzroy
Outlet Node29,Fitzroy,Fitzroy
Outlet Node35,Calliope,Calliope
Node on catchment SC #1587,Fitzroy,Theresa
Node on catchment SC #1518,Fitzroy,Theresa
Node on catchment SC #1538,Fitzroy,Theresa
Node on catchment SC #1547,Fitzroy,Theresa
Node on catchment SC #1557,Fitzroy,Theresa
Node on catchment SC #1568,Fitzroy,Theresa
Node on catchment SC #1577,Fitzroy,Theresa
Node on catchment SC #855,Fitzroy,Isaac
Outlet Node32,Fitzroy,Fitzroy
Outlet Node36,Calliope,Calliope
Node on catchment SC #486,Fitzroy,Dawson
Node on catchment SC #1584,Fitzroy,Theresa
Node on catchment SC #1594,Fitzroy,Theresa
Node on catchment SC #649,Fitzroy,Dawson
Node on catchment SC #1504,Fitzroy,Nogoa
GS130206A,Fitzroy,Theresa
Node on catchment SC #1544,Fitzroy,Theresa
Node on catchment SC #1564,Fitzroy,Theresa
Node on catchment SC #1570,Fitzroy,Theresa
Node on catchment SC #1791,Calliope,Calliope
Node on catchment SC #575,Fitzroy,Dawson
Node on catchment SC #1741,Fitzroy,Fitzroy
Node on catchment SC #1761,Fitzroy,Fitzroy
Outlet Node33,Calliope,Calliope
Node on catchment SC #1501,Fitzroy,Nogoa
Node on catchment SC #1521,Fitzroy,Theresa
Node on catchment SC #1551,Fitzroy,Theresa
Node on catchment SC #1813,Boyne,Boyne
Node on catchment SC #1806,Boyne,Boyne
Node on catchment SC #1868,Fitzroy,Theresa
Node on catchment SC #1837,Fitzroy,Dawson
Node on catchment SC #1459,Fitzroy,Nogoa
Node on catchment SC #850,Fitzroy,Isaac
Node on catchment SC #1859,Boyne,Boyne
Node on catchment SC #427,Fitzroy,Dawson
Node on catchment SC #1499,Fitzroy,Nogoa
Node on catchment SC #1520,Fitzroy,Theresa
Node on catchment SC #1549,Fitzroy,Theresa
Node on catchment SC #1559,Fitzroy,Theresa
Node on catchment SC #1476,Fitzroy,Nogoa
Node on catchment SC #1517,Fitzroy,Theresa
Node on catchment SC #1861,Boyne,Boyne
Node on catchment SC #1781,Calliope,Calliope
Node on catchment SC #1567,Fitzroy,Theresa
Node on catchment SC #1503,Fitzroy,Nogoa
Node on catchment SC #990,Fitzroy,Isaac
Outlet Node3,Styx,Styx
Node on catchment SC #625,Fitzroy,Dawson
Node on catchment SC #1812,Boyne,Boyne
Node on catchment SC #81,Fitzroy,Fitzroy
Node on catchment SC #1867,Fitzroy,Theresa
Node on catchment SC #435,Fitzroy,Dawson
Node on catchment SC #506,Fitzroy,Dawson
Node on catchment SC #1288,Fitzroy,Comet
Node on catchment SC #1223,Fitzroy,Comet
Node on catchment SC #1207,Fitzroy,Comet
Node on catchment SC #1590,Fitzroy,Theresa
Node on catchment SC #1258,Fitzroy,Comet
Node on catchment SC #1268,Fitzroy,Comet
Node on catchment SC #1540,Fitzroy,Theresa
Node on catchment SC #334,Fitzroy,Dawson
Node on catchment SC #621,Fitzroy,Dawson
Node on catchment SC #333,Fitzroy,Dawson
Node on catchment SC #37,Styx,Styx
Node on catchment SC #483,Fitzroy,Dawson
Node on catchment SC #1719,Fitzroy,Fitzroy
Node on catchment SC #393,Fitzroy,Dawson
Node on catchment SC #1320,Fitzroy,Theresa
Awoonga Dam,Boyne,Boyne
Fairbairn Dam,Fitzroy,Nogoa
Node on catchment SC #1247,Fitzroy,Comet
Node on catchment SC #622,Fitzroy,Dawson
Node on catchment SC #1327,Fitzroy,Nogoa
Node on catchment SC #396,Fitzroy,Dawson
Node on catchment SC #305,Fitzroy,Dawson
Node on catchment SC #677,Fitzroy,Dawson
Node on catchment SC #395,Fitzroy,Dawson
Node on catchment SC #1840,Fitzroy,Dawson
Node on catchment SC #735,Fitzroy,Mackenzie
Node on catchment SC #811,Fitzroy,Isaac
Node on catchment SC #1376,Fitzroy,Nogoa
Node on catchment SC #1287,Fitzroy,Comet
Node on catchment SC #1234,Fitzroy,Comet
Node on catchment SC #1264,Fitzroy,Comet
Node on catchment SC #504,Fitzroy,Dawson
Node on catchment SC #675,Fitzroy,Dawson
Node on catchment SC #1915,Fitzroy,Comet
Node on catchment SC #183,Fitzroy,Dawson
Outlet Node39,Styx,Styx
Node on catchment SC #619,Fitzroy,Dawson
Node on catchment SC #997,Fitzroy,Isaac
Node on catchment SC #254,Fitzroy,Dawson
Node on catchment SC #1280,Fitzroy,Comet
Node on catchment SC #833,Fitzroy,Isaac
Node on catchment SC #97,Fitzroy,Fitzroy
Node on catchment SC #1200,Fitzroy,Comet
Node on catchment SC #1203,Fitzroy,Comet
Node on catchment SC #1229,Fitzroy,Comet
Node on catchment SC #1239,Fitzroy,Comet
Outlet Node7,Styx,Styx
Node on catchment SC #1260,Fitzroy,Comet
Outlet Node11,Shoalwater,Shoalwater
Outlet Node19,Shoalwater,Shoalwater
Outlet Node25,Waterpark,Waterpark
Node on catchment SC #67,Shoalwater,Shoalwater
Node on catchment SC #673,Fitzroy,Dawson
Tartrus Weir,Fitzroy,Mackenzie
Node on catchment SC #603,Fitzroy,Dawson
Node on catchment SC #1213,Fitzroy,Comet
Node on catchment SC #1243,Fitzroy,Comet
Node on catchment SC #1253,Fitzroy,Comet
Node on catchment SC #1851,Fitzroy,Dawson
Node on catchment SC #809,Fitzroy,Isaac
Node on catchment SC #564,Fitzroy,Dawson
Node on catchment SC #1087,Fitzroy,Mackenzie
Node on catchment SC #849,Fitzroy,Isaac
Node on catchment SC #1017,Fitzroy,Isaac
Node on catchment SC #1047,Fitzroy,Mackenzie
Node on catchment SC #1050,Fitzroy,Mackenzie
Node on catchment SC #1077,Fitzroy,Mackenzie
Outlet Node59,Shoalwater,Shoalwater
Node on catchment SC #563,Fitzroy,Dawson
Outlet Node5,Shoalwater,Shoalwater
Outlet Node4,Styx,Styx
Outlet Node1,Styx,Styx
GS130504B,Fitzroy,Comet
Node on catchment SC #4,Styx,Styx
Node on catchment SC #3,Styx,Styx
Node on catchment SC #1201,Fitzroy,Comet
Node on catchment SC #1221,Fitzroy,Comet
Node on catchment SC #1222,Fitzroy,Comet
Node on catchment SC #1068,Fitzroy,Mackenzie
Node on catchment SC #1000,Fitzroy,Isaac
Node on catchment SC #1038,Fitzroy,Isaac
Node on catchment SC #1071,Fitzroy,Mackenzie
Node on catchment SC #571,Fitzroy,Dawson
Node on catchment SC #554,Fitzroy,Dawson
Node on catchment SC #1204,Fitzroy,Comet
Node on catchment SC #1001,Fitzroy,Isaac
Node on catchment SC #1279,Fitzroy,Comet
Node on catchment SC #1259,Fitzroy,Comet
Outlet Node10,Shoalwater,Shoalwater
Outlet Node18,Shoalwater,Shoalwater
Outlet Node43,Styx,Styx
Fitzroy Barrage,Fitzroy,Fitzroy
Gyranda Weir - Orange Ck Weir,Fitzroy,Dawson
Glebe Weir,Fitzroy,Dawson
Burton Gorge Dam,Fitzroy,Isaac
Lake Nuga Nuga,Fitzroy,Comet
Node on catchment SC #220,Fitzroy,Dawson
Node on catchment SC #230,Fitzroy,Dawson
SC #847,Fitzroy,Isaac
SC #846,Fitzroy,Isaac
SC #823,Fitzroy,Isaac
SC #853,Fitzroy,Isaac
SC #998,Fitzroy,Isaac
SC #1843,Fitzroy,Isaac
SC #822,Fitzroy,Isaac
SC #999,Fitzroy,Isaac
SC #844,Fitzroy,Isaac
SC #871,Fitzroy,Isaac
SC #872,Fitzroy,Isaac
SC #821,Fitzroy,Isaac
SC #996,Fitzroy,Isaac
SC #997,Fitzroy,Isaac
SC #824,Fitzroy,Isaac
SC #857,Fitzroy,Isaac
SC #856,Fitzroy,Isaac
SC #993,Fitzroy,Isaac
SC #869,Fitzroy,Isaac
SC #852,Fitzroy,Isaac
SC #873,Fitzroy,Isaac
SC #870,Fitzroy,Isaac
SC #827,Fitzroy,Isaac
SC #845,Fitzroy,Isaac
SC #991,Fitzroy,Isaac
SC #820,Fitzroy,Isaac
SC #825,Fitzroy,Isaac
SC #851,Fitzroy,Isaac
SC #1863,Fitzroy,Isaac
SC #994,Fitzroy,Isaac
SC #1914,Fitzroy,Isaac
SC #995,Fitzroy,Isaac
SC #875,Fitzroy,Isaac
SC #854,Fitzroy,Isaac
SC #1000,Fitzroy,Isaac
SC #1864,Fitzroy,Isaac
SC #1001,Fitzroy,Isaac
SC #992,Fitzroy,Isaac
SC #987,Fitzroy,Isaac
SC #819,Fitzroy,Isaac
SC #1002,Fitzroy,Isaac
SC #988,Fitzroy,Isaac
SC #843,Fitzroy,Isaac
SC #842,Fitzroy,Isaac
SC #850,Fitzroy,Isaac
SC #1003,Fitzroy,Isaac
SC #840,Fitzroy,Isaac
SC #818,Fitzroy,Isaac
SC #984,Fitzroy,Isaac
SC #874,Fitzroy,Isaac
SC #848,Fitzroy,Isaac
SC #990,Fitzroy,Isaac
SC #867,Fitzroy,Isaac
SC #855,Fitzroy,Isaac
SC #876,Fitzroy,Isaac
SC #868,Fitzroy,Isaac
SC #828,Fitzroy,Isaac
SC #1844,Fitzroy,Isaac
SC #841,Fitzroy,Isaac
SC #989,Fitzroy,Isaac
SC #986,Fitzroy,Isaac
SC #826,Fitzroy,Isaac
SC #1006,Fitzroy,Isaac
SC #817,Fitzroy,Isaac
SC #985,Fitzroy,Isaac
SC #877,Fitzroy,Isaac
SC #976,Fitzroy,Isaac
SC #816,Fitzroy,Isaac
SC #829,Fitzroy,Isaac
SC #812,Fitzroy,Isaac
SC #837,Fitzroy,Isaac
SC #979,Fitzroy,Isaac
SC #815,Fitzroy,Isaac
SC #813,Fitzroy,Isaac
SC #1842,Fitzroy,Isaac
SC #982,Fitzroy,Isaac
SC #849,Fitzroy,Isaac
SC #863,Fitzroy,Isaac
SC #866,Fitzroy,Isaac
SC #838,Fitzroy,Isaac
SC #975,Fitzroy,Isaac
SC #839,Fitzroy,Isaac
SC #897,Fitzroy,Isaac
SC #983,Fitzroy,Isaac
SC #814,Fitzroy,Isaac
SC #898,Fitzroy,Isaac
SC #836,Fitzroy,Isaac
SC #862,Fitzroy,Isaac
SC #834,Fitzroy,Isaac
SC #865,Fitzroy,Isaac
SC #861,Fitzroy,Isaac
SC #835,Fitzroy,Isaac
SC #830,Fitzroy,Isaac
SC #808,Fitzroy,Isaac
SC #859,Fitzroy,Isaac
SC #978,Fitzroy,Isaac
SC #977,Fitzroy,Isaac
SC #864,Fitzroy,Isaac
SC #1004,Fitzroy,Isaac
SC #973,Fitzroy,Isaac
SC #878,Fitzroy,Isaac
SC #811,Fitzroy,Isaac
SC #833,Fitzroy,Isaac
SC #810,Fitzroy,Isaac
SC #1027,Fitzroy,Isaac
SC #1028,Fitzroy,Isaac
SC #860,Fitzroy,Isaac
SC #974,Fitzroy,Isaac
SC #960,Fitzroy,Isaac
SC #981,Fitzroy,Isaac
SC #896,Fitzroy,Isaac
SC #980,Fitzroy,Isaac
SC #970,Fitzroy,Isaac
SC #971,Fitzroy,Isaac
SC #885,Fitzroy,Isaac
SC #884,Fitzroy,Isaac
SC #972,Fitzroy,Isaac
SC #961,Fitzroy,Isaac
SC #809,Fitzroy,Isaac
SC #893,Fitzroy,Isaac
SC #908,Fitzroy,Isaac
SC #1025,Fitzroy,Isaac
SC #1034,Fitzroy,Isaac
SC #959,Fitzroy,Isaac
SC #902,Fitzroy,Isaac
SC #1005,Fitzroy,Isaac
SC #831,Fitzroy,Isaac
SC #899,Fitzroy,Isaac
SC #1841,Fitzroy,Isaac
SC #1026,Fitzroy,Isaac
SC #858,Fitzroy,Isaac
SC #883,Fitzroy,Isaac
SC #969,Fitzroy,Isaac
SC #957,Fitzroy,Isaac
SC #901,Fitzroy,Isaac
SC #900,Fitzroy,Isaac
SC #962,Fitzroy,Isaac
SC #807,Fitzroy,Isaac
SC #882,Fitzroy,Isaac
SC #968,Fitzroy,Isaac
SC #832,Fitzroy,Isaac
SC #1030,Fitzroy,Isaac
SC #880,Fitzroy,Isaac
SC #895,Fitzroy,Isaac
SC #806,Fitzroy,Isaac
SC #967,Fitzroy,Isaac
SC #903,Fitzroy,Isaac
SC #964,Fitzroy,Isaac
SC #909,Fitzroy,Isaac
SC #894,Fitzroy,Isaac
SC #1033,Fitzroy,Isaac
SC #905,Fitzroy,Isaac
SC #965,Fitzroy,Isaac
SC #1018,Fitzroy,Isaac
SC #963,Fitzroy,Isaac
SC #904,Fitzroy,Isaac
SC #966,Fitzroy,Isaac
SC #890,Fitzroy,Isaac
SC #958,Fitzroy,Isaac
SC #892,Fitzroy,Isaac
SC #881,Fitzroy,Isaac
SC #956,Fitzroy,Isaac
SC #891,Fitzroy,Isaac
SC #1024,Fitzroy,Isaac
SC #1,Styx,Styx
SC #1019,Fitzroy,Isaac
SC #1031,Fitzroy,Isaac
SC #887,Fitzroy,Isaac
SC #2,Styx,Styx
SC #889,Fitzroy,Isaac
SC #1021,Fitzroy,Isaac
SC #1032,Fitzroy,Isaac
SC #879,Fitzroy,Isaac
SC #1016,Fitzroy,Isaac
SC #1029,Fitzroy,Isaac
SC #1023,Fitzroy,Isaac
SC #1015,Fitzroy,Isaac
SC #1022,Fitzroy,Isaac
SC #906,Fitzroy,Isaac
SC #1010,Fitzroy,Isaac
SC #907,Fitzroy,Isaac
SC #1011,Fitzroy,Isaac
SC #1017,Fitzroy,Isaac
SC #951,Fitzroy,Isaac
SC #910,Fitzroy,Isaac
SC #914,Fitzroy,Isaac
SC #91870,Styx,Styx
SC #1007,Fitzroy,Isaac
SC #91871,Styx,Styx
SC #7,Styx,Styx
SC #91872,Shoalwater,Shoalwater
SC #91873,Styx,Styx
SC #1013,Fitzroy,Isaac
SC #1008,Fitzroy,Isaac
SC #1009,Fitzroy,Isaac
SC #888,Fitzroy,Isaac
SC #955,Fitzroy,Isaac
SC #1012,Fitzroy,Isaac
SC #952,Fitzroy,Isaac
SC #1020,Fitzroy,Isaac
SC #1014,Fitzroy,Isaac
SC #912,Fitzroy,Isaac
SC #886,Fitzroy,Isaac
SC #805,Fitzroy,Isaac
SC #4,Styx,Styx
SC #804,Fitzroy,Isaac
SC #6,Styx,Styx
SC #802,Fitzroy,Isaac
SC #950,Fitzroy,Isaac
SC #9,Shoalwater,Shoalwater
SC #913,Fitzroy,Isaac
SC #928,Fitzroy,Isaac
SC #927,Fitzroy,Isaac
SC #915,Fitzroy,Isaac
SC #954,Fitzroy,Isaac
SC #953,Fitzroy,Isaac
SC #925,Fitzroy,Isaac
SC #3,Styx,Styx
SC #926,Fitzroy,Isaac
SC #91874,Styx,Styx
SC #923,Fitzroy,Isaac
SC #1554,Fitzroy,Theresa
SC #1550,Fitzroy,Theresa
SC #916,Fitzroy,Isaac
SC #5,Styx,Styx
SC #948,Fitzroy,Isaac
SC #911,Fitzroy,Isaac
SC #949,Fitzroy,Isaac
SC #919,Fitzroy,Isaac
SC #1555,Fitzroy,Theresa
SC #11,Shoalwater,Shoalwater
SC #929,Fitzroy,Isaac
SC #945,Fitzroy,Isaac
SC #947,Fitzroy,Isaac
SC #917,Fitzroy,Isaac
SC #930,Fitzroy,Isaac
SC #924,Fitzroy,Isaac
SC #803,Fitzroy,Isaac
SC #921,Fitzroy,Isaac
SC #8,Styx,Styx
SC #798,Fitzroy,Isaac
SC #13,Shoalwater,Shoalwater
SC #922,Fitzroy,Isaac
SC #1552,Fitzroy,Theresa
SC #91875,Styx,Styx
SC #918,Fitzroy,Isaac
SC #946,Fitzroy,Isaac
SC #91876,Styx,Styx
SC #1548,Fitzroy,Theresa
SC #796,Fitzroy,Isaac
SC #91877,Shoalwater,Shoalwater
SC #938,Fitzroy,Isaac
SC #939,Fitzroy,Isaac
SC #1553,Fitzroy,Theresa
SC #91878,Shoalwater,Shoalwater
SC #10,Shoalwater,Shoalwater
SC #801,Fitzroy,Isaac
SC #797,Fitzroy,Isaac
SC #25,Styx,Styx
SC #1558,Fitzroy,Theresa
SC #1562,Fitzroy,Theresa
SC #1035,Fitzroy,Isaac
SC #19,Styx,Styx
SC #12,Shoalwater,Shoalwater
SC #937,Fitzroy,Isaac
SC #26,Styx,Styx
SC #91879,Shoalwater,Shoalwater
SC #789,Fitzroy,Isaac
SC #944,Fitzroy,Isaac
SC #1549,Fitzroy,Theresa
SC #940,Fitzroy,Isaac
SC #931,Fitzroy,Isaac
SC #920,Fitzroy,Isaac
SC #20,Styx,Styx
SC #1551,Fitzroy,Theresa
SC #91880,Styx,Styx
SC #14,Shoalwater,Shoalwater
SC #941,Fitzroy,Isaac
SC #15,Shoalwater,Shoalwater
SC #943,Fitzroy,Isaac
SC #91881,Waterpark,Waterpark
SC #16,Shoalwater,Shoalwater
SC #24,Styx,Styx
SC #23,Styx,Styx
SC #21,Styx,Styx
SC #800,Fitzroy,Isaac
SC #27,Styx,Styx
SC #942,Fitzroy,Isaac
SC #91882,Styx,Styx
SC #799,Fitzroy,Isaac
SC #781,Fitzroy,Isaac
SC #795,Fitzroy,Isaac
SC #772,Fitzroy,Isaac
SC #1563,Fitzroy,Theresa
SC #28,Shoalwater,Shoalwater
SC #17,Shoalwater,Shoalwater
SC #91883,Shoalwater,Shoalwater
SC #18,Shoalwater,Shoalwater
SC #1036,Fitzroy,Isaac
SC #773,Fitzroy,Isaac
SC #45,Styx,Styx
SC #936,Fitzroy,Isaac
SC #1560,Fitzroy,Theresa
SC #932,Fitzroy,Isaac
SC #22,Styx,Styx
SC #780,Fitzroy,Isaac
SC #1545,Fitzroy,Theresa
SC #1588,Fitzroy,Theresa
SC #1547,Fitzroy,Theresa
SC #788,Fitzroy,Isaac
SC #91884,Styx,Styx
SC #794,Fitzroy,Isaac
SC #29,Shoalwater,Shoalwater
SC #1586,Fitzroy,Theresa
SC #91885,Shoalwater,Shoalwater
SC #91886,Styx,Styx
SC #1559,Fitzroy,Theresa
SC #793,Fitzroy,Isaac
SC #30,Styx,Styx
SC #1557,Fitzroy,Theresa
SC #33,Styx,Styx
SC #782,Fitzroy,Isaac
SC #34,Shoalwater,Shoalwater
SC #790,Fitzroy,Isaac
SC #934,Fitzroy,Isaac
SC #91887,Shoalwater,Shoalwater
SC #787,Fitzroy,Isaac
SC #933,Fitzroy,Isaac
SC #779,Fitzroy,Isaac
SC #1556,Fitzroy,Theresa
SC #935,Fitzroy,Isaac
SC #1592,Fitzroy,Theresa
SC #785,Fitzroy,Isaac
SC #791,Fitzroy,Isaac
SC #1040,Fitzroy,Isaac
SC #784,Fitzroy,Isaac
SC #1561,Fitzroy,Theresa
SC #1546,Fitzroy,Theresa
SC #1591,Fitzroy,Theresa
SC #783,Fitzroy,Isaac
SC #35,Styx,Styx
SC #1565,Fitzroy,Theresa
SC #1544,Fitzroy,Theresa
SC #44,Styx,Styx
SC #786,Fitzroy,Isaac
SC #43,Styx,Styx
SC #48,Shoalwater,Shoalwater
SC #36,Styx,Styx
SC #777,Fitzroy,Isaac
SC #46,Shoalwater,Shoalwater
SC #31,Styx,Styx
SC #91888,Shoalwater,Shoalwater
SC #1543,Fitzroy,Theresa
SC #1585,Fitzroy,Theresa
SC #792,Fitzroy,Isaac
SC #1041,Fitzroy,Isaac
SC #1564,Fitzroy,Theresa
SC #778,Fitzroy,Isaac
SC #774,Fitzroy,Isaac
SC #47,Shoalwater,Shoalwater
SC #1653,Fitzroy,Mackenzie
SC #1566,Fitzroy,Theresa
SC #775,Fitzroy,Isaac
SC #49,Shoalwater,Shoalwater
SC #52,Shoalwater,Shoalwater
SC #91889,Shoalwater,Shoalwater
SC #32,Styx,Styx
SC #91890,Shoalwater,Shoalwater
SC #776,Fitzroy,Isaac
SC #1042,Fitzroy,Isaac
SC #1646,Fitzroy,Mackenzie
SC #770,Fitzroy,Isaac
SC #37,Styx,Styx
SC #771,Fitzroy,Isaac
SC #1647,Fitzroy,Mackenzie
SC #91891,Shoalwater,Shoalwater
SC #40,Styx,Styx
SC #42,Styx,Styx
SC #50,Shoalwater,Shoalwater
SC #51,Shoalwater,Shoalwater
SC #1541,Fitzroy,Theresa
SC #1652,Fitzroy,Mackenzie
SC #1593,Fitzroy,Theresa
SC #91892,Shoalwater,Shoalwater
SC #1043,Fitzroy,Isaac
SC #53,Shoalwater,Shoalwater
SC #1039,Fitzroy,Isaac
SC #1868,Fitzroy,Theresa
SC #1611,Fitzroy,Theresa
SC #91893,Shoalwater,Shoalwater
SC #1542,Fitzroy,Theresa
SC #54,Shoalwater,Shoalwater
SC #1575,Fitzroy,Theresa
SC #1867,Fitzroy,Theresa
SC #1650,Fitzroy,Mackenzie
SC #1572,Fitzroy,Theresa
SC #41,Styx,Styx
SC #38,Styx,Styx
SC #57,Shoalwater,Shoalwater
SC #1613,Fitzroy,Theresa
SC #91894,Shoalwater,Shoalwater
SC #61,Shoalwater,Shoalwater
SC #1667,Fitzroy,Mackenzie
SC #1540,Fitzroy,Theresa
SC #769,Fitzroy,Isaac
SC #1571,Fitzroy,Theresa
SC #39,Styx,Styx
SC #1574,Fitzroy,Theresa
SC #59,Shoalwater,Shoalwater
SC #1856,Fitzroy,Theresa
SC #1584,Fitzroy,Theresa
SC #1835,Fitzroy,Theresa
SC #768,Fitzroy,Isaac
SC #1539,Fitzroy,Theresa
SC #1654,Fitzroy,Mackenzie
SC #766,Fitzroy,Isaac
SC #1590,Fitzroy,Theresa
SC #1645,Fitzroy,Mackenzie
SC #1583,Fitzroy,Theresa
SC #1648,Fitzroy,Mackenzie
SC #1721,Fitzroy,Fitzroy
SC #1614,Fitzroy,Theresa
SC #64,Shoalwater,Shoalwater
SC #1848,Fitzroy,Mackenzie
SC #58,Shoalwater,Shoalwater
SC #765,Fitzroy,Isaac
SC #71,Shoalwater,Shoalwater
SC #1038,Fitzroy,Isaac
SC #1651,Fitzroy,Mackenzie
SC #1649,Fitzroy,Mackenzie
SC #1640,Fitzroy,Mackenzie
SC #55,Shoalwater,Shoalwater
SC #56,Shoalwater,Shoalwater
SC #1581,Fitzroy,Theresa
SC #60,Shoalwater,Shoalwater
SC #1663,Fitzroy,Mackenzie
SC #1668,Fitzroy,Mackenzie
SC #1538,Fitzroy,Theresa
SC #764,Fitzroy,Mackenzie
SC #1642,Fitzroy,Mackenzie
SC #1725,Fitzroy,Fitzroy
SC #76,Waterpark,Waterpark
SC #1576,Fitzroy,Theresa
SC #767,Fitzroy,Isaac
SC #1037,Fitzroy,Isaac
SC #1589,Fitzroy,Theresa
SC #1722,Fitzroy,Fitzroy
SC #1641,Fitzroy,Mackenzie
SC #1573,Fitzroy,Theresa
SC #77,Waterpark,Waterpark
SC #1834,Fitzroy,Mackenzie
SC #1619,Fitzroy,Theresa
SC #1673,Fitzroy,Mackenzie
SC #1587,Fitzroy,Theresa
SC #1655,Fitzroy,Mackenzie
SC #1830,Waterpark,Waterpark
SC #62,Shoalwater,Shoalwater
SC #1044,Fitzroy,Mackenzie
SC #1045,Fitzroy,Mackenzie
SC #1733,Fitzroy,Fitzroy
SC #70,Shoalwater,Shoalwater
SC #1724,Fitzroy,Fitzroy
SC #1726,Fitzroy,Fitzroy
SC #763,Fitzroy,Mackenzie
SC #1740,Fitzroy,Fitzroy
SC #63,Shoalwater,Shoalwater
SC #1674,Fitzroy,Mackenzie
SC #1570,Fitzroy,Theresa
SC #66,Shoalwater,Shoalwater
SC #1720,Fitzroy,Fitzroy
SC #1746,Fitzroy,Fitzroy
SC #1634,Fitzroy,Mackenzie
SC #1631,Fitzroy,Mackenzie
SC #1612,Fitzroy,Theresa
SC #1618,Fitzroy,Theresa
SC #1665,Fitzroy,Mackenzie
SC #1580,Fitzroy,Theresa
SC #1666,Fitzroy,Mackenzie
SC #1568,Fitzroy,Theresa
SC #1644,Fitzroy,Mackenzie
SC #1643,Fitzroy,Mackenzie
SC #1046,Fitzroy,Mackenzie
SC #759,Fitzroy,Mackenzie
SC #1610,Fitzroy,Theresa
SC #1567,Fitzroy,Theresa
SC #1635,Fitzroy,Mackenzie
SC #1727,Fitzroy,Fitzroy
SC #65,Shoalwater,Shoalwater
SC #1582,Fitzroy,Theresa
SC #1661,Fitzroy,Mackenzie
SC #1723,Fitzroy,Fitzroy
SC #1569,Fitzroy,Theresa
SC #67,Shoalwater,Shoalwater
SC #1604,Fitzroy,Theresa
SC #1664,Fitzroy,Mackenzie
SC #1670,Fitzroy,Mackenzie
SC #1636,Fitzroy,Mackenzie
SC #1732,Fitzroy,Fitzroy
SC #78,Waterpark,Waterpark
SC #1734,Fitzroy,Fitzroy
SC #1632,Fitzroy,Mackenzie
SC #1829,Fitzroy,Fitzroy
SC #1609,Fitzroy,Theresa
SC #762,Fitzroy,Mackenzie
SC #1633,Fitzroy,Mackenzie
SC #1577,Fitzroy,Theresa
SC #1639,Fitzroy,Mackenzie
SC #1579,Fitzroy,Theresa
SC #1730,Fitzroy,Fitzroy
SC #1638,Fitzroy,Mackenzie
SC #68,Shoalwater,Shoalwater
SC #1637,Fitzroy,Mackenzie
SC #1630,Fitzroy,Mackenzie
SC #69,Shoalwater,Shoalwater
SC #1598,Fitzroy,Theresa
SC #1662,Fitzroy,Mackenzie
SC #1578,Fitzroy,Theresa
SC #1617,Fitzroy,Theresa
SC #758,Fitzroy,Mackenzie
SC #1737,Fitzroy,Fitzroy
SC #1047,Fitzroy,Mackenzie
SC #1537,Fitzroy,Theresa
SC #1672,Fitzroy,Mackenzie
SC #75,Waterpark,Waterpark
SC #1059,Fitzroy,Mackenzie
SC #1738,Fitzroy,Fitzroy
SC #1656,Fitzroy,Mackenzie
SC #760,Fitzroy,Mackenzie
SC #74,Waterpark,Waterpark
SC #1600,Fitzroy,Theresa
SC #1616,Fitzroy,Theresa
SC #1535,Fitzroy,Theresa
SC #1718,Fitzroy,Fitzroy
SC #1660,Fitzroy,Mackenzie
SC #1742,Fitzroy,Fitzroy
SC #1728,Fitzroy,Fitzroy
SC #1060,Fitzroy,Mackenzie
SC #1719,Fitzroy,Fitzroy
SC #117,Fitzroy,Fitzroy
SC #1048,Fitzroy,Mackenzie
SC #72,Waterpark,Waterpark
SC #1857,Fitzroy,Mackenzie
SC #1608,Fitzroy,Theresa
SC #1626,Fitzroy,Mackenzie
SC #1675,Fitzroy,Mackenzie
SC #73,Waterpark,Waterpark
SC #1050,Fitzroy,Mackenzie
SC #1049,Fitzroy,Mackenzie
SC #1729,Fitzroy,Fitzroy
SC #1659,Fitzroy,Mackenzie
SC #1536,Fitzroy,Theresa
SC #1658,Fitzroy,Mackenzie
SC #1599,Fitzroy,Theresa
SC #1731,Fitzroy,Fitzroy
SC #116,Fitzroy,Fitzroy
SC #1657,Fitzroy,Mackenzie
SC #1061,Fitzroy,Mackenzie
SC #1747,Fitzroy,Fitzroy
SC #1671,Fitzroy,Mackenzie
SC #1058,Fitzroy,Mackenzie
SC #1062,Fitzroy,Mackenzie
SC #1669,Fitzroy,Mackenzie
SC #1051,Fitzroy,Mackenzie
SC #1597,Fitzroy,Theresa
SC #91895,Waterpark,Waterpark
SC #1629,Fitzroy,Mackenzie
SC #761,Fitzroy,Mackenzie
SC #1717,Fitzroy,Fitzroy
SC #1531,Fitzroy,Theresa
SC #1623,Fitzroy,Mackenzie
SC #1741,Fitzroy,Fitzroy
SC #1596,Fitzroy,Theresa
SC #1736,Fitzroy,Fitzroy
SC #1678,Fitzroy,Mackenzie
SC #757,Fitzroy,Mackenzie
SC #1625,Fitzroy,Mackenzie
SC #752,Fitzroy,Mackenzie
SC #111,Fitzroy,Fitzroy
SC #119,Fitzroy,Fitzroy
SC #1606,Fitzroy,Theresa
SC #124,Fitzroy,Fitzroy
SC #1055,Fitzroy,Mackenzie
SC #1065,Fitzroy,Mackenzie
SC #1831,Fitzroy,Fitzroy
SC #1615,Fitzroy,Theresa
SC #753,Fitzroy,Mackenzie
SC #120,Fitzroy,Fitzroy
SC #1595,Fitzroy,Theresa
SC #1627,Fitzroy,Mackenzie
SC #1052,Fitzroy,Mackenzie
SC #126,Fitzroy,Fitzroy
SC #1739,Fitzroy,Fitzroy
SC #125,Fitzroy,Fitzroy
SC #115,Fitzroy,Fitzroy
SC #1750,Fitzroy,Fitzroy
SC #1735,Fitzroy,Fitzroy
SC #1716,Fitzroy,Fitzroy
SC #121,Fitzroy,Fitzroy
SC #1622,Fitzroy,Mackenzie
SC #1524,Fitzroy,Theresa
SC #1527,Fitzroy,Theresa
SC #127,Fitzroy,Fitzroy
SC #1317,Fitzroy,Theresa
SC #1594,Fitzroy,Theresa
SC #1529,Fitzroy,Theresa
SC #1744,Fitzroy,Fitzroy
SC #1628,Fitzroy,Mackenzie
SC #1745,Fitzroy,Fitzroy
SC #1677,Fitzroy,Mackenzie
SC #1620,Fitzroy,Theresa
SC #1708,Fitzroy,Mackenzie
SC #122,Fitzroy,Fitzroy
SC #118,Fitzroy,Fitzroy
SC #1748,Fitzroy,Fitzroy
SC #1713,Fitzroy,Fitzroy
SC #112,Fitzroy,Fitzroy
SC #1064,Fitzroy,Mackenzie
SC #1601,Fitzroy,Theresa
SC #1066,Fitzroy,Mackenzie
SC #1743,Fitzroy,Fitzroy
SC #1053,Fitzroy,Mackenzie
SC #1602,Fitzroy,Theresa
SC #1063,Fitzroy,Mackenzie
SC #1530,Fitzroy,Theresa
SC #1749,Fitzroy,Fitzroy
SC #1607,Fitzroy,Theresa
SC #1624,Fitzroy,Mackenzie
SC #114,Fitzroy,Fitzroy
SC #1753,Fitzroy,Fitzroy
SC #123,Fitzroy,Fitzroy
SC #751,Fitzroy,Mackenzie
SC #756,Fitzroy,Mackenzie
SC #1676,Fitzroy,Mackenzie
SC #754,Fitzroy,Mackenzie
SC #750,Fitzroy,Mackenzie
SC #1534,Fitzroy,Theresa
SC #1054,Fitzroy,Mackenzie
SC #1067,Fitzroy,Mackenzie
SC #1528,Fitzroy,Theresa
SC #755,Fitzroy,Mackenzie
SC #110,Fitzroy,Fitzroy
SC #1533,Fitzroy,Theresa
SC #108,Fitzroy,Fitzroy
SC #109,Fitzroy,Fitzroy
SC #1751,Fitzroy,Fitzroy
SC #1603,Fitzroy,Theresa
SC #1715,Fitzroy,Fitzroy
SC #1832,Fitzroy,Mackenzie
SC #1752,Fitzroy,Fitzroy
SC #113,Fitzroy,Fitzroy
SC #1679,Fitzroy,Mackenzie
SC #1707,Fitzroy,Mackenzie
SC #1517,Fitzroy,Theresa
SC #1525,Fitzroy,Theresa
SC #1526,Fitzroy,Theresa
SC #1523,Fitzroy,Theresa
SC #1514,Fitzroy,Theresa
SC #1520,Fitzroy,Theresa
SC #1833,Fitzroy,Mackenzie
SC #107,Fitzroy,Fitzroy
SC #746,Fitzroy,Mackenzie
SC #128,Fitzroy,Fitzroy
SC #1516,Fitzroy,Theresa
SC #1621,Fitzroy,Mackenzie
SC #1605,Fitzroy,Theresa
SC #1518,Fitzroy,Theresa
SC #749,Fitzroy,Mackenzie
SC #1521,Fitzroy,Theresa
SC #1532,Fitzroy,Theresa
SC #1522,Fitzroy,Theresa
SC #1068,Fitzroy,Mackenzie
SC #1508,Fitzroy,Nogoa
SC #1484,Fitzroy,Nogoa
SC #1515,Fitzroy,Theresa
SC #1510,Fitzroy,Nogoa
SC #1069,Fitzroy,Mackenzie
SC #1083,Fitzroy,Mackenzie
SC #748,Fitzroy,Mackenzie
SC #1322,Fitzroy,Theresa
SC #1519,Fitzroy,Theresa
SC #1705,Fitzroy,Mackenzie
SC #1505,Fitzroy,Nogoa
SC #1056,Fitzroy,Mackenzie
SC #1321,Fitzroy,Theresa
SC #1319,Fitzroy,Theresa
SC #1323,Fitzroy,Theresa
SC #106,Fitzroy,Fitzroy
SC #100,Fitzroy,Fitzroy
SC #1082,Fitzroy,Mackenzie
SC #1706,Fitzroy,Mackenzie
SC #130,Fitzroy,Fitzroy
SC #1836,Fitzroy,Theresa
SC #1509,Fitzroy,Nogoa
SC #105,Fitzroy,Fitzroy
SC #1057,Fitzroy,Mackenzie
SC #129,Fitzroy,Fitzroy
SC #1093,Fitzroy,Mackenzie
SC #1320,Fitzroy,Theresa
SC #1084,Fitzroy,Mackenzie
SC #742,Fitzroy,Mackenzie
SC #1325,Fitzroy,Theresa
SC #1709,Fitzroy,Mackenzie
SC #101,Fitzroy,Fitzroy
SC #102,Fitzroy,Fitzroy
SC #1511,Fitzroy,Nogoa
SC #1498,Fitzroy,Nogoa
SC #1091,Fitzroy,Mackenzie
SC #1513,Fitzroy,Theresa
SC #1316,Fitzroy,Theresa
SC #1680,Fitzroy,Mackenzie
SC #98,Fitzroy,Fitzroy
SC #1324,Fitzroy,Theresa
SC #79,Waterpark,Waterpark
SC #747,Fitzroy,Mackenzie
SC #1092,Fitzroy,Mackenzie
SC #1090,Fitzroy,Mackenzie
SC #1085,Fitzroy,Mackenzie
SC #741,Fitzroy,Mackenzie
SC #99,Fitzroy,Fitzroy
SC #131,Fitzroy,Fitzroy
SC #1500,Fitzroy,Nogoa
SC #1704,Fitzroy,Mackenzie
SC #1507,Fitzroy,Nogoa
SC #104,Fitzroy,Fitzroy
SC #1710,Fitzroy,Mackenzie
SC #1094,Fitzroy,Mackenzie
SC #1318,Fitzroy,Theresa
SC #1699,Fitzroy,Mackenzie
SC #1485,Fitzroy,Nogoa
SC #1070,Fitzroy,Mackenzie
SC #103,Fitzroy,Fitzroy
SC #1506,Fitzroy,Nogoa
SC #1071,Fitzroy,Mackenzie
SC #1697,Fitzroy,Mackenzie
SC #97,Fitzroy,Fitzroy
SC #1492,Fitzroy,Nogoa
SC #740,Fitzroy,Mackenzie
SC #1096,Fitzroy,Mackenzie
SC #1315,Fitzroy,Comet
SC #1483,Fitzroy,Nogoa
SC #1086,Fitzroy,Mackenzie
SC #134,Fitzroy,Fitzroy
SC #745,Fitzroy,Mackenzie
SC #1504,Fitzroy,Nogoa
SC #95,Fitzroy,Fitzroy
SC #132,Fitzroy,Fitzroy
SC #94,Fitzroy,Fitzroy
SC #1087,Fitzroy,Mackenzie
SC #1711,Fitzroy,Mackenzie
SC #1493,Fitzroy,Nogoa
SC #744,Fitzroy,Mackenzie
SC #1326,Fitzroy,Theresa
SC #1512,Fitzroy,Nogoa
SC #1305,Fitzroy,Comet
SC #1754,Fitzroy,Fitzroy
SC #1095,Fitzroy,Mackenzie
SC #1308,Fitzroy,Comet
SC #93,Fitzroy,Fitzroy
SC #1479,Fitzroy,Nogoa
SC #1097,Fitzroy,Comet
SC #1703,Fitzroy,Mackenzie
SC #1098,Fitzroy,Comet
SC #1698,Fitzroy,Mackenzie
SC #1306,Fitzroy,Comet
SC #1482,Fitzroy,Nogoa
SC #1685,Fitzroy,Mackenzie
SC #1503,Fitzroy,Nogoa
SC #1332,Fitzroy,Nogoa
SC #133,Fitzroy,Fitzroy
SC #91896,Waterpark,Waterpark
SC #1081,Fitzroy,Mackenzie
SC #1333,Fitzroy,Nogoa
SC #1072,Fitzroy,Mackenzie
SC #1696,Fitzroy,Mackenzie
SC #1681,Fitzroy,Mackenzie
SC #1712,Fitzroy,Mackenzie
SC #1491,Fitzroy,Nogoa
SC #1714,Fitzroy,Fitzroy
SC #1869,Fitzroy,Nogoa
SC #92,Fitzroy,Fitzroy
SC #1911,Fitzroy,Fitzroy
SC #1695,Fitzroy,Mackenzie
SC #1858,Fitzroy,Fitzroy
SC #1686,Fitzroy,Mackenzie
SC #1502,Fitzroy,Nogoa
SC #96,Fitzroy,Fitzroy
SC #135,Fitzroy,Fitzroy
SC #1827,Fitzroy,Comet
SC #81,Fitzroy,Fitzroy
SC #1480,Fitzroy,Nogoa
SC #1501,Fitzroy,Nogoa
SC #1481,Fitzroy,Nogoa
SC #80,Waterpark,Waterpark
SC #1700,Fitzroy,Mackenzie
SC #1334,Fitzroy,Nogoa
SC #1702,Fitzroy,Mackenzie
SC #1682,Fitzroy,Mackenzie
SC #1497,Fitzroy,Nogoa
SC #1089,Fitzroy,Mackenzie
SC #84,Fitzroy,Fitzroy
SC #1499,Fitzroy,Nogoa
SC #1701,Fitzroy,Mackenzie
SC #743,Fitzroy,Mackenzie
SC #1495,Fitzroy,Nogoa
SC #1307,Fitzroy,Comet
SC #1314,Fitzroy,Comet
SC #1496,Fitzroy,Nogoa
SC #1331,Fitzroy,Nogoa
SC #82,Fitzroy,Fitzroy
SC #1475,Fitzroy,Nogoa
SC #1088,Fitzroy,Mackenzie
SC #91897,Waterpark,Waterpark
SC #1330,Fitzroy,Nogoa
SC #1494,Fitzroy,Nogoa
SC #137,Fitzroy,Fitzroy
SC #739,Fitzroy,Mackenzie
SC #1327,Fitzroy,Nogoa
SC #734,Fitzroy,Mackenzie
SC #738,Fitzroy,Mackenzie
SC #86,Fitzroy,Fitzroy
SC #139,Fitzroy,Fitzroy
SC #1310,Fitzroy,Comet
SC #1328,Fitzroy,Nogoa
SC #1329,Fitzroy,Nogoa
SC #1292,Fitzroy,Comet
SC #136,Fitzroy,Fitzroy
SC #1478,Fitzroy,Nogoa
SC #1311,Fitzroy,Comet
SC #1309,Fitzroy,Comet
SC #1100,Fitzroy,Comet
SC #138,Fitzroy,Fitzroy
SC #91,Fitzroy,Fitzroy
SC #1099,Fitzroy,Comet
SC #1313,Fitzroy,Comet
SC #85,Fitzroy,Fitzroy
SC #1101,Fitzroy,Comet
SC #1756,Fitzroy,Fitzroy
SC #1692,Fitzroy,Mackenzie
SC #156,Fitzroy,Fitzroy
SC #1687,Fitzroy,Mackenzie
SC #735,Fitzroy,Mackenzie
SC #736,Fitzroy,Mackenzie
SC #1304,Fitzroy,Comet
SC #1312,Fitzroy,Comet
SC #1487,Fitzroy,Nogoa
SC #737,Fitzroy,Mackenzie
SC #1694,Fitzroy,Mackenzie
SC #1076,Fitzroy,Mackenzie
SC #1103,Fitzroy,Comet
SC #153,Fitzroy,Fitzroy
SC #83,Fitzroy,Fitzroy
SC #1476,Fitzroy,Nogoa
SC #1102,Fitzroy,Comet
SC #1293,Fitzroy,Comet
SC #1335,Fitzroy,Nogoa
SC #1303,Fitzroy,Comet
SC #1684,Fitzroy,Mackenzie
SC #1073,Fitzroy,Mackenzie
SC #1477,Fitzroy,Nogoa
SC #1336,Fitzroy,Nogoa
SC #1683,Fitzroy,Mackenzie
SC #87,Fitzroy,Fitzroy
SC #88,Fitzroy,Fitzroy
SC #1104,Fitzroy,Comet
SC #90,Fitzroy,Fitzroy
SC #89,Fitzroy,Fitzroy
SC #1338,Fitzroy,Nogoa
SC #1486,Fitzroy,Nogoa
SC #91898,Fitzroy,Fitzroy
SC #716,Fitzroy,Dawson
SC #1302,Fitzroy,Comet
SC #1077,Fitzroy,Mackenzie
SC #140,Fitzroy,Fitzroy
SC #1693,Fitzroy,Mackenzie
SC #1080,Fitzroy,Mackenzie
SC #154,Fitzroy,Fitzroy
SC #91899,Fitzroy,Fitzroy
SC #1474,Fitzroy,Nogoa
SC #1301,Fitzroy,Comet
SC #1466,Fitzroy,Nogoa
SC #1074,Fitzroy,Mackenzie
SC #1075,Fitzroy,Mackenzie
SC #1473,Fitzroy,Nogoa
SC #141,Fitzroy,Fitzroy
SC #733,Fitzroy,Dawson
SC #728,Fitzroy,Dawson
SC #157,Fitzroy,Dawson
SC #1294,Fitzroy,Comet
SC #1337,Fitzroy,Nogoa
SC #1691,Fitzroy,Mackenzie
SC #1467,Fitzroy,Nogoa
SC #1295,Fitzroy,Comet
SC #1490,Fitzroy,Nogoa
SC #1472,Fitzroy,Nogoa
SC #1488,Fitzroy,Nogoa
SC #1688,Fitzroy,Mackenzie
SC #142,Fitzroy,Fitzroy
SC #1105,Fitzroy,Comet
SC #1759,Fitzroy,Fitzroy
SC #1299,Fitzroy,Comet
SC #1078,Fitzroy,Mackenzie
SC #1300,Fitzroy,Comet
SC #1755,Fitzroy,Fitzroy
SC #1079,Fitzroy,Mackenzie
SC #152,Fitzroy,Fitzroy
SC #365,Fitzroy,Dawson
SC #155,Fitzroy,Fitzroy
SC #1471,Fitzroy,Nogoa
SC #1108,Fitzroy,Comet
SC #1296,Fitzroy,Comet
SC #1339,Fitzroy,Nogoa
SC #730,Fitzroy,Dawson
SC #1689,Fitzroy,Mackenzie
SC #1340,Fitzroy,Nogoa
SC #1690,Fitzroy,Mackenzie
SC #715,Fitzroy,Dawson
SC #717,Fitzroy,Dawson
SC #1757,Fitzroy,Fitzroy
SC #1106,Fitzroy,Comet
SC #158,Fitzroy,Dawson
SC #1119,Fitzroy,Comet
SC #1758,Fitzroy,Fitzroy
SC #182,Fitzroy,Dawson
SC #718,Fitzroy,Dawson
SC #91900,Fitzroy,Fitzroy
SC #161,Fitzroy,Dawson
SC #1107,Fitzroy,Comet
SC #91901,Fitzroy,Fitzroy
SC #159,Fitzroy,Dawson
SC #181,Fitzroy,Dawson
SC #1489,Fitzroy,Nogoa
SC #714,Fitzroy,Dawson
SC #1114,Fitzroy,Comet
SC #146,Fitzroy,Fitzroy
SC #1279,Fitzroy,Comet
SC #1112,Fitzroy,Comet
SC #143,Fitzroy,Fitzroy
SC #1120,Fitzroy,Comet
SC #1297,Fitzroy,Comet
SC #1465,Fitzroy,Nogoa
SC #1298,Fitzroy,Comet
SC #91902,Fitzroy,Fitzroy
SC #731,Fitzroy,Dawson
SC #145,Fitzroy,Fitzroy
SC #727,Fitzroy,Dawson
SC #1341,Fitzroy,Nogoa
SC #1283,Fitzroy,Comet
SC #144,Fitzroy,Fitzroy
SC #91903,Fitzroy,Fitzroy
SC #1110,Fitzroy,Comet
SC #151,Fitzroy,Fitzroy
SC #1109,Fitzroy,Comet
SC #163,Fitzroy,Dawson
SC #729,Fitzroy,Dawson
SC #160,Fitzroy,Dawson
SC #1765,Fitzroy,Fitzroy
SC #1763,Fitzroy,Fitzroy
SC #1761,Fitzroy,Fitzroy
SC #1115,Fitzroy,Comet
SC #1280,Fitzroy,Comet
SC #1281,Fitzroy,Comet
SC #1282,Fitzroy,Comet
SC #1116,Fitzroy,Comet
SC #726,Fitzroy,Dawson
SC #150,Fitzroy,Fitzroy
SC #1153,Fitzroy,Comet
SC #732,Fitzroy,Dawson
SC #190,Fitzroy,Dawson
SC #162,Fitzroy,Dawson
SC #1764,Fitzroy,Fitzroy
SC #1111,Fitzroy,Comet
SC #724,Fitzroy,Dawson
SC #1344,Fitzroy,Nogoa
SC #1342,Fitzroy,Nogoa
SC #184,Fitzroy,Dawson
SC #1343,Fitzroy,Nogoa
SC #180,Fitzroy,Dawson
SC #1113,Fitzroy,Comet
SC #725,Fitzroy,Dawson
SC #1464,Fitzroy,Nogoa
SC #1762,Fitzroy,Fitzroy
SC #1766,Fitzroy,Fitzroy
SC #187,Fitzroy,Dawson
SC #719,Fitzroy,Dawson
SC #147,Fitzroy,Fitzroy
SC #1291,Fitzroy,Comet
SC #363,Fitzroy,Dawson
SC #164,Fitzroy,Dawson
SC #165,Fitzroy,Dawson
SC #720,Fitzroy,Dawson
SC #721,Fitzroy,Dawson
SC #149,Fitzroy,Fitzroy
SC #1274,Fitzroy,Comet
SC #1152,Fitzroy,Comet
SC #364,Fitzroy,Dawson
SC #148,Fitzroy,Fitzroy
SC #1287,Fitzroy,Comet
SC #1469,Fitzroy,Nogoa
SC #1773,Calliope,Calliope
SC #1124,Fitzroy,Comet
SC #179,Fitzroy,Dawson
SC #1121,Fitzroy,Comet
SC #1470,Fitzroy,Nogoa
SC #1346,Fitzroy,Nogoa
SC #91904,Calliope,Calliope
SC #1345,Fitzroy,Nogoa
SC #1468,Fitzroy,Nogoa
SC #1460,Fitzroy,Nogoa
SC #188,Fitzroy,Dawson
SC #1284,Fitzroy,Comet
SC #1290,Fitzroy,Comet
SC #1286,Fitzroy,Comet
SC #1117,Fitzroy,Comet
SC #167,Fitzroy,Dawson
SC #183,Fitzroy,Dawson
SC #1285,Fitzroy,Comet
SC #1288,Fitzroy,Comet
SC #186,Fitzroy,Dawson
SC #1351,Fitzroy,Nogoa
SC #185,Fitzroy,Dawson
SC #366,Fitzroy,Dawson
SC #723,Fitzroy,Dawson
SC #1289,Fitzroy,Comet
SC #189,Fitzroy,Dawson
SC #166,Fitzroy,Dawson
SC #713,Fitzroy,Dawson
SC #722,Fitzroy,Dawson
SC #178,Fitzroy,Dawson
SC #1767,Fitzroy,Fitzroy
SC #1462,Fitzroy,Nogoa
SC #1126,Fitzroy,Comet
SC #1150,Fitzroy,Comet
SC #1118,Fitzroy,Comet
SC #1768,Fitzroy,Fitzroy
SC #177,Fitzroy,Dawson
SC #1273,Fitzroy,Comet
SC #1122,Fitzroy,Comet
SC #367,Fitzroy,Dawson
SC #1458,Fitzroy,Nogoa
SC #370,Fitzroy,Dawson
SC #1347,Fitzroy,Nogoa
SC #1770,Fitzroy,Fitzroy
SC #193,Fitzroy,Dawson
SC #1386,Fitzroy,Nogoa
SC #1456,Fitzroy,Nogoa
SC #1772,Fitzroy,Fitzroy
SC #1348,Fitzroy,Nogoa
SC #168,Fitzroy,Dawson
SC #170,Fitzroy,Dawson
SC #1463,Fitzroy,Nogoa
SC #1375,Fitzroy,Nogoa
SC #1151,Fitzroy,Comet
SC #199,Fitzroy,Dawson
SC #1123,Fitzroy,Comet
SC #1136,Fitzroy,Comet
SC #385,Fitzroy,Dawson
SC #1459,Fitzroy,Nogoa
SC #1800,Calliope,Calliope
SC #1278,Fitzroy,Comet
SC #1385,Fitzroy,Nogoa
SC #1376,Fitzroy,Nogoa
SC #368,Fitzroy,Dawson
SC #262,Fitzroy,Dawson
SC #1356,Fitzroy,Nogoa
SC #198,Fitzroy,Dawson
SC #1771,Fitzroy,Fitzroy
SC #1828,Fitzroy,Comet
SC #1137,Fitzroy,Comet
SC #369,Fitzroy,Dawson
SC #1125,Fitzroy,Comet
SC #1140,Fitzroy,Comet
SC #169,Fitzroy,Dawson
SC #1769,Fitzroy,Fitzroy
SC #1374,Fitzroy,Nogoa
SC #1276,Fitzroy,Comet
SC #1799,Calliope,Calliope
SC #1275,Fitzroy,Comet
SC #1353,Fitzroy,Nogoa
SC #1457,Fitzroy,Nogoa
SC #1277,Fitzroy,Comet
SC #1349,Fitzroy,Nogoa
SC #1452,Fitzroy,Nogoa
SC #1350,Fitzroy,Nogoa
SC #1461,Fitzroy,Nogoa
SC #171,Fitzroy,Dawson
SC #362,Fitzroy,Dawson
SC #712,Fitzroy,Dawson
SC #176,Fitzroy,Dawson
SC #1389,Fitzroy,Nogoa
SC #1352,Fitzroy,Nogoa
SC #172,Fitzroy,Dawson
SC #1358,Fitzroy,Nogoa
SC #1384,Fitzroy,Nogoa
SC #1377,Fitzroy,Nogoa
SC #1387,Fitzroy,Nogoa
SC #1369,Fitzroy,Nogoa
SC #1128,Fitzroy,Comet
SC #1138,Fitzroy,Comet
SC #1391,Fitzroy,Nogoa
SC #264,Fitzroy,Dawson
SC #1388,Fitzroy,Nogoa
SC #263,Fitzroy,Dawson
SC #1354,Fitzroy,Nogoa
SC #361,Fitzroy,Dawson
SC #196,Fitzroy,Dawson
SC #91905,Calliope,Calliope
SC #1392,Fitzroy,Nogoa
SC #197,Fitzroy,Dawson
SC #1801,Calliope,Calliope
SC #1272,Fitzroy,Comet
SC #1798,Calliope,Calliope
SC #1454,Fitzroy,Nogoa
SC #359,Fitzroy,Dawson
SC #1141,Fitzroy,Comet
SC #1775,Calliope,Calliope
SC #382,Fitzroy,Dawson
SC #1449,Fitzroy,Nogoa
SC #1455,Fitzroy,Nogoa
SC #173,Fitzroy,Dawson
SC #1431,Fitzroy,Nogoa
SC #1390,Fitzroy,Nogoa
SC #91906,Boyne,Boyne
SC #708,Fitzroy,Dawson
SC #201,Fitzroy,Dawson
SC #1777,Calliope,Calliope
SC #1444,Fitzroy,Nogoa
SC #192,Fitzroy,Dawson
SC #1453,Fitzroy,Nogoa
SC #1393,Fitzroy,Nogoa
SC #1127,Fitzroy,Comet
SC #1129,Fitzroy,Comet
SC #1139,Fitzroy,Comet
SC #710,Fitzroy,Dawson
SC #195,Fitzroy,Dawson
SC #1355,Fitzroy,Nogoa
SC #194,Fitzroy,Dawson
SC #204,Fitzroy,Dawson
SC #174,Fitzroy,Dawson
SC #203,Fitzroy,Dawson
SC #265,Fitzroy,Dawson
SC #360,Fitzroy,Dawson
SC #1451,Fitzroy,Nogoa
SC #200,Fitzroy,Dawson
SC #1845,Calliope,Calliope
SC #1797,Calliope,Calliope
SC #1368,Fitzroy,Nogoa
SC #1445,Fitzroy,Nogoa
SC #202,Fitzroy,Dawson
SC #1360,Fitzroy,Nogoa
SC #709,Fitzroy,Dawson
SC #1130,Fitzroy,Comet
SC #383,Fitzroy,Dawson
SC #1135,Fitzroy,Comet
SC #1450,Fitzroy,Nogoa
SC #1795,Calliope,Calliope
SC #1794,Calliope,Calliope
SC #1776,Calliope,Calliope
SC #91907,Calliope,Calliope
SC #1357,Fitzroy,Nogoa
SC #1430,Fitzroy,Nogoa
SC #1359,Fitzroy,Nogoa
SC #711,Fitzroy,Dawson
SC #1378,Fitzroy,Nogoa
SC #1796,Calliope,Calliope
SC #1361,Fitzroy,Nogoa
SC #1852,Fitzroy,Dawson
SC #1270,Fitzroy,Comet
SC #376,Fitzroy,Dawson
SC #1131,Fitzroy,Comet
SC #1362,Fitzroy,Nogoa
SC #705,Fitzroy,Dawson
SC #1443,Fitzroy,Nogoa
SC #1363,Fitzroy,Nogoa
SC #1790,Calliope,Calliope
SC #175,Fitzroy,Dawson
SC #1379,Fitzroy,Nogoa
SC #1271,Fitzroy,Comet
SC #1395,Fitzroy,Nogoa
SC #1394,Fitzroy,Nogoa
SC #1381,Fitzroy,Nogoa
SC #1132,Fitzroy,Comet
SC #1380,Fitzroy,Nogoa
SC #1142,Fitzroy,Comet
SC #1432,Fitzroy,Nogoa
SC #1143,Fitzroy,Comet
SC #261,Fitzroy,Dawson
SC #259,Fitzroy,Dawson
SC #268,Fitzroy,Dawson
SC #191,Fitzroy,Dawson
SC #1784,Calliope,Calliope
SC #1446,Fitzroy,Nogoa
SC #1269,Fitzroy,Comet
SC #1782,Calliope,Calliope
SC #1383,Fitzroy,Nogoa
SC #208,Fitzroy,Dawson
SC #1433,Fitzroy,Nogoa
SC #379,Fitzroy,Dawson
SC #266,Fitzroy,Dawson
SC #91908,Boyne,Boyne
SC #1441,Fitzroy,Nogoa
SC #707,Fitzroy,Dawson
SC #1435,Fitzroy,Nogoa
SC #1411,Fitzroy,Nogoa
SC #1778,Calliope,Calliope
SC #1791,Calliope,Calliope
SC #1146,Fitzroy,Comet
SC #1396,Fitzroy,Nogoa
SC #1781,Calliope,Calliope
SC #260,Fitzroy,Dawson
SC #1802,Boyne,Boyne
SC #207,Fitzroy,Dawson
SC #706,Fitzroy,Dawson
SC #386,Fitzroy,Dawson
SC #1779,Calliope,Calliope
SC #1371,Fitzroy,Nogoa
SC #267,Fitzroy,Dawson
SC #1382,Fitzroy,Nogoa
SC #270,Fitzroy,Dawson
SC #1397,Fitzroy,Nogoa
SC #1780,Calliope,Calliope
SC #269,Fitzroy,Dawson
SC #1370,Fitzroy,Nogoa
SC #1847,Fitzroy,Dawson
SC #1434,Fitzroy,Nogoa
SC #1147,Fitzroy,Comet
SC #1785,Calliope,Calliope
SC #1783,Calliope,Calliope
SC #1793,Calliope,Calliope
SC #358,Fitzroy,Dawson
SC #1144,Fitzroy,Comet
SC #1268,Fitzroy,Comet
SC #381,Fitzroy,Dawson
SC #1364,Fitzroy,Nogoa
SC #1398,Fitzroy,Nogoa
SC #1447,Fitzroy,Nogoa
SC #1786,Calliope,Calliope
SC #1156,Fitzroy,Comet
SC #1787,Calliope,Calliope
SC #211,Fitzroy,Dawson
SC #1367,Fitzroy,Nogoa
SC #374,Fitzroy,Dawson
SC #209,Fitzroy,Dawson
SC #1133,Fitzroy,Comet
SC #1145,Fitzroy,Comet
SC #205,Fitzroy,Dawson
SC #1429,Fitzroy,Nogoa
SC #258,Fitzroy,Dawson
SC #377,Fitzroy,Dawson
SC #1448,Fitzroy,Nogoa
SC #1412,Fitzroy,Nogoa
SC #206,Fitzroy,Dawson
SC #375,Fitzroy,Dawson
SC #1134,Fitzroy,Comet
SC #1860,Boyne,Boyne
SC #1436,Fitzroy,Nogoa
SC #1789,Calliope,Calliope
SC #1442,Fitzroy,Nogoa
SC #1792,Calliope,Calliope
SC #1859,Boyne,Boyne
SC #1258,Fitzroy,Comet
SC #1788,Calliope,Calliope
SC #1838,Fitzroy,Dawson
SC #1266,Fitzroy,Comet
SC #210,Fitzroy,Dawson
SC #1160,Fitzroy,Comet
SC #1157,Fitzroy,Comet
SC #1264,Fitzroy,Comet
SC #1257,Fitzroy,Comet
SC #1399,Fitzroy,Nogoa
SC #1265,Fitzroy,Comet
SC #273,Fitzroy,Dawson
SC #215,Fitzroy,Dawson
SC #1406,Fitzroy,Nogoa
SC #1259,Fitzroy,Comet
SC #1158,Fitzroy,Comet
SC #373,Fitzroy,Dawson
SC #213,Fitzroy,Dawson
SC #1159,Fitzroy,Comet
SC #216,Fitzroy,Dawson
SC #371,Fitzroy,Dawson
SC #1242,Fitzroy,Comet
SC #1414,Fitzroy,Nogoa
SC #1161,Fitzroy,Comet
SC #217,Fitzroy,Dawson
SC #384,Fitzroy,Dawson
SC #1804,Boyne,Boyne
SC #378,Fitzroy,Dawson
SC #372,Fitzroy,Dawson
SC #1440,Fitzroy,Nogoa
SC #1267,Fitzroy,Comet
SC #286,Fitzroy,Dawson
SC #212,Fitzroy,Dawson
SC #1437,Fitzroy,Nogoa
SC #1861,Boyne,Boyne
SC #380,Fitzroy,Dawson
SC #1805,Boyne,Boyne
SC #271,Fitzroy,Dawson
SC #1413,Fitzroy,Nogoa
SC #1825,Boyne,Boyne
SC #1407,Fitzroy,Nogoa
SC #1803,Boyne,Boyne
SC #357,Fitzroy,Dawson
SC #257,Fitzroy,Dawson
SC #1263,Fitzroy,Comet
SC #214,Fitzroy,Dawson
SC #1410,Fitzroy,Nogoa
SC #225,Fitzroy,Dawson
SC #218,Fitzroy,Dawson
SC #1372,Fitzroy,Nogoa
SC #1260,Fitzroy,Comet
SC #1373,Fitzroy,Nogoa
SC #348,Fitzroy,Dawson
SC #272,Fitzroy,Dawson
SC #347,Fitzroy,Dawson
SC #275,Fitzroy,Dawson
SC #219,Fitzroy,Dawson
SC #1148,Fitzroy,Comet
SC #354,Fitzroy,Dawson
SC #224,Fitzroy,Dawson
SC #1810,Boyne,Boyne
SC #1807,Boyne,Boyne
SC #274,Fitzroy,Dawson
SC #1808,Boyne,Boyne
SC #1408,Fitzroy,Nogoa
SC #285,Fitzroy,Dawson
SC #253,Fitzroy,Dawson
SC #226,Fitzroy,Dawson
SC #254,Fitzroy,Dawson
SC #1155,Fitzroy,Comet
SC #1439,Fitzroy,Nogoa
SC #1409,Fitzroy,Nogoa
SC #1239,Fitzroy,Comet
SC #277,Fitzroy,Dawson
SC #1400,Fitzroy,Nogoa
SC #1405,Fitzroy,Nogoa
SC #1428,Fitzroy,Nogoa
SC #1162,Fitzroy,Comet
SC #1806,Boyne,Boyne
SC #1163,Fitzroy,Comet
SC #353,Fitzroy,Dawson
SC #222,Fitzroy,Dawson
SC #1415,Fitzroy,Nogoa
SC #1846,Boyne,Boyne
SC #1256,Fitzroy,Comet
SC #227,Fitzroy,Dawson
SC #246,Fitzroy,Dawson
SC #1164,Fitzroy,Comet
SC #1809,Boyne,Boyne
SC #256,Fitzroy,Dawson
SC #704,Fitzroy,Dawson
SC #287,Fitzroy,Dawson
SC #276,Fitzroy,Dawson
SC #255,Fitzroy,Dawson
SC #1811,Boyne,Boyne
SC #349,Fitzroy,Dawson
SC #252,Fitzroy,Dawson
SC #355,Fitzroy,Dawson
SC #1401,Fitzroy,Nogoa
SC #1149,Fitzroy,Comet
SC #247,Fitzroy,Dawson
SC #346,Fitzroy,Dawson
SC #1849,Fitzroy,Dawson
SC #1438,Fitzroy,Nogoa
SC #223,Fitzroy,Dawson
SC #1243,Fitzroy,Comet
SC #1234,Fitzroy,Comet
SC #1812,Boyne,Boyne
SC #288,Fitzroy,Dawson
SC #220,Fitzroy,Dawson
SC #1254,Fitzroy,Comet
SC #1366,Fitzroy,Nogoa
SC #1427,Fitzroy,Nogoa
SC #345,Fitzroy,Dawson
SC #221,Fitzroy,Dawson
SC #1365,Fitzroy,Nogoa
SC #356,Fitzroy,Dawson
SC #1235,Fitzroy,Comet
SC #1154,Fitzroy,Comet
SC #1165,Fitzroy,Comet
SC #1238,Fitzroy,Comet
SC #1253,Fitzroy,Comet
SC #1866,Fitzroy,Dawson
SC #1404,Fitzroy,Nogoa
SC #279,Fitzroy,Dawson
SC #1416,Fitzroy,Nogoa
SC #1166,Fitzroy,Comet
SC #350,Fitzroy,Dawson
SC #278,Fitzroy,Dawson
SC #315,Fitzroy,Dawson
SC #295,Fitzroy,Dawson
SC #1813,Boyne,Boyne
SC #1824,Boyne,Boyne
SC #228,Fitzroy,Dawson
SC #1244,Fitzroy,Comet
SC #352,Fitzroy,Dawson
SC #229,Fitzroy,Dawson
SC #344,Fitzroy,Dawson
SC #1418,Fitzroy,Nogoa
SC #1167,Fitzroy,Comet
SC #322,Fitzroy,Dawson
SC #1262,Fitzroy,Comet
SC #314,Fitzroy,Dawson
SC #1417,Fitzroy,Nogoa
SC #1420,Fitzroy,Nogoa
SC #251,Fitzroy,Dawson
SC #1255,Fitzroy,Comet
SC #1175,Fitzroy,Comet
SC #1853,Fitzroy,Dawson
SC #1419,Fitzroy,Nogoa
SC #1402,Fitzroy,Nogoa
SC #321,Fitzroy,Dawson
SC #248,Fitzroy,Dawson
SC #312,Fitzroy,Dawson
SC #1424,Fitzroy,Nogoa
SC #280,Fitzroy,Dawson
SC #1837,Fitzroy,Dawson
SC #313,Fitzroy,Dawson
SC #1916,Fitzroy,Dawson
SC #1403,Fitzroy,Nogoa
SC #1261,Fitzroy,Comet
SC #1168,Fitzroy,Comet
SC #1826,Boyne,Boyne
SC #1426,Fitzroy,Nogoa
SC #1422,Fitzroy,Nogoa
SC #296,Fitzroy,Dawson
SC #231,Fitzroy,Dawson
SC #1240,Fitzroy,Comet
SC #230,Fitzroy,Dawson
SC #1862,Fitzroy,Dawson
SC #91911,Fitzroy,Dawson
SC #1822,Boyne,Boyne
SC #387,Fitzroy,Dawson
SC #232,Fitzroy,Dawson
SC #281,Fitzroy,Dawson
SC #233,Fitzroy,Dawson
SC #282,Fitzroy,Dawson
SC #351,Fitzroy,Dawson
SC #316,Fitzroy,Dawson
SC #1241,Fitzroy,Comet
SC #1250,Fitzroy,Comet
SC #289,Fitzroy,Dawson
SC #318,Fitzroy,Dawson
SC #311,Fitzroy,Dawson
SC #317,Fitzroy,Dawson
SC #323,Fitzroy,Dawson
SC #1421,Fitzroy,Nogoa
SC #1821,Boyne,Boyne
SC #234,Fitzroy,Dawson
SC #241,Fitzroy,Dawson
SC #1169,Fitzroy,Comet
SC #388,Fitzroy,Dawson
SC #1170,Fitzroy,Comet
SC #703,Fitzroy,Dawson
SC #1172,Fitzroy,Comet
SC #389,Fitzroy,Dawson
SC #1245,Fitzroy,Comet
SC #1171,Fitzroy,Comet
SC #1246,Fitzroy,Comet
SC #1425,Fitzroy,Nogoa
SC #1423,Fitzroy,Nogoa
SC #297,Fitzroy,Dawson
SC #390,Fitzroy,Dawson
SC #1814,Boyne,Boyne
SC #343,Fitzroy,Dawson
SC #235,Fitzroy,Dawson
SC #1247,Fitzroy,Comet
SC #1823,Boyne,Boyne
SC #298,Fitzroy,Dawson
SC #250,Fitzroy,Dawson
SC #290,Fitzroy,Dawson
SC #283,Fitzroy,Dawson
SC #324,Fitzroy,Dawson
SC #284,Fitzroy,Dawson
SC #342,Fitzroy,Dawson
SC #1249,Fitzroy,Comet
SC #310,Fitzroy,Dawson
SC #319,Fitzroy,Dawson
SC #236,Fitzroy,Dawson
SC #320,Fitzroy,Dawson
SC #242,Fitzroy,Dawson
SC #245,Fitzroy,Dawson
SC #1248,Fitzroy,Comet
SC #1173,Fitzroy,Comet
SC #1176,Fitzroy,Comet
SC #243,Fitzroy,Dawson
SC #299,Fitzroy,Dawson
SC #1181,Fitzroy,Comet
SC #249,Fitzroy,Dawson
SC #244,Fitzroy,Dawson
SC #1252,Fitzroy,Comet
SC #237,Fitzroy,Dawson
SC #1851,Fitzroy,Dawson
SC #1237,Fitzroy,Comet
SC #1815,Boyne,Boyne
SC #291,Fitzroy,Dawson
SC #1820,Boyne,Boyne
SC #1236,Fitzroy,Comet
SC #336,Fitzroy,Dawson
SC #1251,Fitzroy,Comet
SC #239,Fitzroy,Dawson
SC #1174,Fitzroy,Comet
SC #1177,Fitzroy,Comet
SC #293,Fitzroy,Dawson
SC #335,Fitzroy,Dawson
SC #325,Fitzroy,Dawson
SC #238,Fitzroy,Dawson
SC #333,Fitzroy,Dawson
SC #300,Fitzroy,Dawson
SC #326,Fitzroy,Dawson
SC #1854,Fitzroy,Dawson
SC #305,Fitzroy,Dawson
SC #1178,Fitzroy,Comet
SC #398,Fitzroy,Dawson
SC #328,Fitzroy,Dawson
SC #327,Fitzroy,Dawson
SC #309,Fitzroy,Dawson
SC #1233,Fitzroy,Comet
SC #1816,Boyne,Boyne
SC #341,Fitzroy,Dawson
SC #1182,Fitzroy,Comet
SC #306,Fitzroy,Dawson
SC #1179,Fitzroy,Comet
SC #1195,Fitzroy,Comet
SC #702,Fitzroy,Dawson
SC #334,Fitzroy,Dawson
SC #1850,Fitzroy,Comet
SC #337,Fitzroy,Dawson
SC #397,Fitzroy,Dawson
SC #292,Fitzroy,Dawson
SC #1180,Fitzroy,Comet
SC #294,Fitzroy,Dawson
SC #391,Fitzroy,Dawson
SC #339,Fitzroy,Dawson
SC #338,Fitzroy,Dawson
SC #1819,Boyne,Boyne
SC #340,Fitzroy,Dawson
SC #396,Fitzroy,Dawson
SC #1183,Fitzroy,Comet
SC #1227,Fitzroy,Comet
SC #240,Fitzroy,Dawson
SC #1194,Fitzroy,Comet
SC #1818,Boyne,Boyne
SC #330,Fitzroy,Dawson
SC #329,Fitzroy,Dawson
SC #393,Fitzroy,Dawson
SC #1232,Fitzroy,Comet
SC #392,Fitzroy,Dawson
SC #399,Fitzroy,Dawson
SC #1184,Fitzroy,Comet
SC #1222,Fitzroy,Comet
SC #1193,Fitzroy,Comet
SC #332,Fitzroy,Dawson
SC #1817,Boyne,Boyne
SC #1228,Fitzroy,Comet
SC #331,Fitzroy,Dawson
SC #1221,Fitzroy,Comet
SC #1185,Fitzroy,Comet
SC #404,Fitzroy,Dawson
SC #301,Fitzroy,Dawson
SC #302,Fitzroy,Dawson
SC #1188,Fitzroy,Comet
SC #1223,Fitzroy,Comet
SC #1224,Fitzroy,Comet
SC #1225,Fitzroy,Comet
SC #1220,Fitzroy,Comet
SC #1186,Fitzroy,Comet
SC #1196,Fitzroy,Comet
SC #1229,Fitzroy,Comet
SC #1197,Fitzroy,Comet
SC #1231,Fitzroy,Comet
SC #402,Fitzroy,Dawson
SC #395,Fitzroy,Dawson
SC #1226,Fitzroy,Comet
SC #1198,Fitzroy,Comet
SC #1187,Fitzroy,Comet
SC #1230,Fitzroy,Comet
SC #1192,Fitzroy,Comet
SC #1839,Fitzroy,Dawson
SC #403,Fitzroy,Dawson
SC #1915,Fitzroy,Comet
SC #1190,Fitzroy,Comet
SC #657,Fitzroy,Dawson
SC #1213,Fitzroy,Comet
SC #308,Fitzroy,Dawson
SC #1199,Fitzroy,Comet
SC #1215,Fitzroy,Comet
SC #303,Fitzroy,Dawson
SC #304,Fitzroy,Dawson
SC #1214,Fitzroy,Comet
SC #405,Fitzroy,Dawson
SC #1189,Fitzroy,Comet
SC #1200,Fitzroy,Comet
SC #1219,Fitzroy,Comet
SC #406,Fitzroy,Dawson
SC #701,Fitzroy,Dawson
SC #1191,Fitzroy,Comet
SC #307,Fitzroy,Dawson
SC #407,Fitzroy,Dawson
SC #658,Fitzroy,Dawson
SC #408,Fitzroy,Dawson
SC #394,Fitzroy,Dawson
SC #664,Fitzroy,Dawson
SC #697,Fitzroy,Dawson
SC #1216,Fitzroy,Comet
SC #660,Fitzroy,Dawson
SC #409,Fitzroy,Dawson
SC #656,Fitzroy,Dawson
SC #698,Fitzroy,Dawson
SC #412,Fitzroy,Dawson
SC #699,Fitzroy,Dawson
SC #1855,Fitzroy,Dawson
SC #400,Fitzroy,Dawson
SC #401,Fitzroy,Dawson
SC #1218,Fitzroy,Comet
SC #644,Fitzroy,Dawson
SC #1201,Fitzroy,Comet
SC #1212,Fitzroy,Comet
SC #665,Fitzroy,Dawson
SC #410,Fitzroy,Dawson
SC #700,Fitzroy,Dawson
SC #1202,Fitzroy,Comet
SC #643,Fitzroy,Dawson
SC #662,Fitzroy,Dawson
SC #1203,Fitzroy,Comet
SC #645,Fitzroy,Dawson
SC #416,Fitzroy,Dawson
SC #1211,Fitzroy,Comet
SC #1204,Fitzroy,Comet
SC #1217,Fitzroy,Comet
SC #411,Fitzroy,Dawson
SC #417,Fitzroy,Dawson
SC #1206,Fitzroy,Comet
SC #415,Fitzroy,Dawson
SC #685,Fitzroy,Dawson
SC #696,Fitzroy,Dawson
SC #663,Fitzroy,Dawson
SC #413,Fitzroy,Dawson
SC #626,Fitzroy,Dawson
SC #661,Fitzroy,Dawson
SC #627,Fitzroy,Dawson
SC #624,Fitzroy,Dawson
SC #642,Fitzroy,Dawson
SC #683,Fitzroy,Dawson
SC #680,Fitzroy,Dawson
SC #695,Fitzroy,Dawson
SC #659,Fitzroy,Dawson
SC #414,Fitzroy,Dawson
SC #421,Fitzroy,Dawson
SC #1205,Fitzroy,Comet
SC #641,Fitzroy,Dawson
SC #1210,Fitzroy,Comet
SC #1207,Fitzroy,Comet
SC #681,Fitzroy,Dawson
SC #420,Fitzroy,Dawson
SC #647,Fitzroy,Dawson
SC #655,Fitzroy,Dawson
SC #418,Fitzroy,Dawson
SC #623,Fitzroy,Dawson
SC #640,Fitzroy,Dawson
SC #679,Fitzroy,Dawson
SC #682,Fitzroy,Dawson
SC #646,Fitzroy,Dawson
SC #648,Fitzroy,Dawson
SC #1209,Fitzroy,Comet
SC #653,Fitzroy,Dawson
SC #419,Fitzroy,Dawson
SC #678,Fitzroy,Dawson
SC #684,Fitzroy,Dawson
SC #674,Fitzroy,Dawson
SC #622,Fitzroy,Dawson
SC #694,Fitzroy,Dawson
SC #667,Fitzroy,Dawson
SC #625,Fitzroy,Dawson
SC #422,Fitzroy,Dawson
SC #424,Fitzroy,Dawson
SC #1208,Fitzroy,Comet
SC #638,Fitzroy,Dawson
SC #639,Fitzroy,Dawson
SC #619,Fitzroy,Dawson
SC #651,Fitzroy,Dawson
SC #668,Fitzroy,Dawson
SC #432,Fitzroy,Dawson
SC #620,Fitzroy,Dawson
SC #423,Fitzroy,Dawson
SC #621,Fitzroy,Dawson
SC #431,Fitzroy,Dawson
SC #628,Fitzroy,Dawson
SC #677,Fitzroy,Dawson
SC #614,Fitzroy,Dawson
SC #615,Fitzroy,Dawson
SC #617,Fitzroy,Dawson
SC #652,Fitzroy,Dawson
SC #688,Fitzroy,Dawson
SC #693,Fitzroy,Dawson
SC #629,Fitzroy,Dawson
SC #650,Fitzroy,Dawson
SC #649,Fitzroy,Dawson
SC #1865,Fitzroy,Dawson
SC #654,Fitzroy,Dawson
SC #673,Fitzroy,Dawson
SC #675,Fitzroy,Dawson
SC #676,Fitzroy,Dawson
SC #618,Fitzroy,Dawson
SC #426,Fitzroy,Dawson
SC #1912,Fitzroy,Dawson
SC #425,Fitzroy,Dawson
SC #613,Fitzroy,Dawson
SC #611,Fitzroy,Dawson
SC #635,Fitzroy,Dawson
SC #637,Fitzroy,Dawson
SC #427,Fitzroy,Dawson
SC #666,Fitzroy,Dawson
SC #433,Fitzroy,Dawson
SC #692,Fitzroy,Dawson
SC #691,Fitzroy,Dawson
SC #672,Fitzroy,Dawson
SC #428,Fitzroy,Dawson
SC #689,Fitzroy,Dawson
SC #430,Fitzroy,Dawson
SC #440,Fitzroy,Dawson
SC #634,Fitzroy,Dawson
SC #690,Fitzroy,Dawson
SC #438,Fitzroy,Dawson
SC #605,Fitzroy,Dawson
SC #429,Fitzroy,Dawson
SC #636,Fitzroy,Dawson
SC #607,Fitzroy,Dawson
SC #686,Fitzroy,Dawson
SC #604,Fitzroy,Dawson
SC #610,Fitzroy,Dawson
SC #687,Fitzroy,Dawson
SC #616,Fitzroy,Dawson
SC #671,Fitzroy,Dawson
SC #434,Fitzroy,Dawson
SC #568,Fitzroy,Dawson
SC #670,Fitzroy,Dawson
SC #465,Fitzroy,Dawson
SC #435,Fitzroy,Dawson
SC #633,Fitzroy,Dawson
SC #608,Fitzroy,Dawson
SC #669,Fitzroy,Dawson
SC #612,Fitzroy,Dawson
SC #467,Fitzroy,Dawson
SC #441,Fitzroy,Dawson
SC #460,Fitzroy,Dawson
SC #1913,Fitzroy,Dawson
SC #459,Fitzroy,Dawson
SC #601,Fitzroy,Dawson
SC #569,Fitzroy,Dawson
SC #442,Fitzroy,Dawson
SC #461,Fitzroy,Dawson
SC #439,Fitzroy,Dawson
SC #609,Fitzroy,Dawson
SC #567,Fitzroy,Dawson
SC #579,Fitzroy,Dawson
SC #436,Fitzroy,Dawson
SC #631,Fitzroy,Dawson
SC #437,Fitzroy,Dawson
SC #603,Fitzroy,Dawson
SC #632,Fitzroy,Dawson
SC #606,Fitzroy,Dawson
SC #470,Fitzroy,Dawson
SC #576,Fitzroy,Dawson
SC #575,Fitzroy,Dawson
SC #600,Fitzroy,Dawson
SC #602,Fitzroy,Dawson
SC #577,Fitzroy,Dawson
SC #462,Fitzroy,Dawson
SC #469,Fitzroy,Dawson
SC #466,Fitzroy,Dawson
SC #570,Fitzroy,Dawson
SC #463,Fitzroy,Dawson
SC #468,Fitzroy,Dawson
SC #471,Fitzroy,Dawson
SC #586,Fitzroy,Dawson
SC #464,Fitzroy,Dawson
SC #443,Fitzroy,Dawson
SC #566,Fitzroy,Dawson
SC #578,Fitzroy,Dawson
SC #580,Fitzroy,Dawson
SC #591,Fitzroy,Dawson
SC #565,Fitzroy,Dawson
SC #574,Fitzroy,Dawson
SC #1840,Fitzroy,Dawson
SC #599,Fitzroy,Dawson
SC #515,Fitzroy,Dawson
SC #560,Fitzroy,Dawson
SC #513,Fitzroy,Dawson
SC #472,Fitzroy,Dawson
SC #587,Fitzroy,Dawson
SC #444,Fitzroy,Dawson
SC #581,Fitzroy,Dawson
SC #598,Fitzroy,Dawson
SC #564,Fitzroy,Dawson
SC #448,Fitzroy,Dawson
SC #630,Fitzroy,Dawson
SC #585,Fitzroy,Dawson
SC #582,Fitzroy,Dawson
SC #573,Fitzroy,Dawson
SC #514,Fitzroy,Dawson
SC #452,Fitzroy,Dawson
SC #518,Fitzroy,Dawson
SC #446,Fitzroy,Dawson
SC #596,Fitzroy,Dawson
SC #571,Fitzroy,Dawson
SC #588,Fitzroy,Dawson
SC #450,Fitzroy,Dawson
SC #583,Fitzroy,Dawson
SC #563,Fitzroy,Dawson
SC #584,Fitzroy,Dawson
SC #473,Fitzroy,Dawson
SC #559,Fitzroy,Dawson
SC #590,Fitzroy,Dawson
SC #517,Fitzroy,Dawson
SC #516,Fitzroy,Dawson
SC #572,Fitzroy,Dawson
SC #474,Fitzroy,Dawson
SC #592,Fitzroy,Dawson
SC #445,Fitzroy,Dawson
SC #458,Fitzroy,Dawson
SC #589,Fitzroy,Dawson
SC #597,Fitzroy,Dawson
SC #562,Fitzroy,Dawson
SC #457,Fitzroy,Dawson
SC #521,Fitzroy,Dawson
SC #520,Fitzroy,Dawson
SC #561,Fitzroy,Dawson
SC #519,Fitzroy,Dawson
SC #593,Fitzroy,Dawson
SC #595,Fitzroy,Dawson
SC #451,Fitzroy,Dawson
SC #594,Fitzroy,Dawson
SC #475,Fitzroy,Dawson
SC #447,Fitzroy,Dawson
SC #522,Fitzroy,Dawson
SC #524,Fitzroy,Dawson
SC #449,Fitzroy,Dawson
SC #454,Fitzroy,Dawson
SC #482,Fitzroy,Dawson
SC #523,Fitzroy,Dawson
SC #453,Fitzroy,Dawson
SC #456,Fitzroy,Dawson
SC #455,Fitzroy,Dawson
SC #526,Fitzroy,Dawson
SC #504,Fitzroy,Dawson
SC #476,Fitzroy,Dawson
SC #525,Fitzroy,Dawson
SC #532,Fitzroy,Dawson
SC #544,Fitzroy,Dawson
SC #556,Fitzroy,Dawson
SC #558,Fitzroy,Dawson
SC #557,Fitzroy,Dawson
SC #547,Fitzroy,Dawson
SC #481,Fitzroy,Dawson
SC #483,Fitzroy,Dawson
SC #527,Fitzroy,Dawson
SC #536,Fitzroy,Dawson
SC #506,Fitzroy,Dawson
SC #554,Fitzroy,Dawson
SC #478,Fitzroy,Dawson
SC #484,Fitzroy,Dawson
SC #533,Fitzroy,Dawson
SC #541,Fitzroy,Dawson
SC #546,Fitzroy,Dawson
SC #555,Fitzroy,Dawson
SC #485,Fitzroy,Dawson
SC #477,Fitzroy,Dawson
SC #540,Fitzroy,Dawson
SC #545,Fitzroy,Dawson
SC #528,Fitzroy,Dawson
SC #505,Fitzroy,Dawson
SC #548,Fitzroy,Dawson
SC #537,Fitzroy,Dawson
SC #552,Fitzroy,Dawson
SC #529,Fitzroy,Dawson
SC #480,Fitzroy,Dawson
SC #553,Fitzroy,Dawson
SC #549,Fitzroy,Dawson
SC #531,Fitzroy,Dawson
SC #503,Fitzroy,Dawson
SC #508,Fitzroy,Dawson
SC #479,Fitzroy,Dawson
SC #486,Fitzroy,Dawson
SC #550,Fitzroy,Dawson
SC #551,Fitzroy,Dawson
SC #507,Fitzroy,Dawson
SC #530,Fitzroy,Dawson
SC #494,Fitzroy,Dawson
SC #539,Fitzroy,Dawson
SC #487,Fitzroy,Dawson
SC #538,Fitzroy,Dawson
SC #488,Fitzroy,Dawson
SC #489,Fitzroy,Dawson
SC #493,Fitzroy,Dawson
SC #543,Fitzroy,Dawson
SC #542,Fitzroy,Dawson
SC #490,Fitzroy,Dawson
SC #495,Fitzroy,Dawson
SC #502,Fitzroy,Dawson
SC #535,Fitzroy,Dawson
SC #534,Fitzroy,Dawson
SC #512,Fitzroy,Dawson
SC #509,Fitzroy,Dawson
SC #511,Fitzroy,Dawson
SC #510,Fitzroy,Dawson
SC #491,Fitzroy,Dawson
SC #492,Fitzroy,Dawson
SC #501,Fitzroy,Dawson
SC #496,Fitzroy,Dawson
SC #497,Fitzroy,Dawson
SC #498,Fitzroy,Dawson
SC #500,Fitzroy,Dawson
SC #499,Fitzroy,Dawson
