Region,Site,Node,Year,RepresentivityRating,Flow,TSS,TN,PN,NOX,NH4,DIN,DON,TP,PP,DIP,DOP,Site Code,Display Name
BM,Burnett River at Ben Anderson Barrage Headwater,136014A,2006-2007,Indicative,35183,,,,,,,,,,,,136014A,136014A Burnett River at Ben Anderson Barrage Headwater
BM,Burnett River at Ben Anderson Barrage Headwater,136014A,2007-2008,Good,88074,,,,,,,,,,,,136014A,136014A Burnett River at Ben Anderson Barrage Headwater
BM,Burnett River at Ben Anderson Barrage Headwater,136014A,2008-2009,Indicative,33107,,,,,,,,,,,,136014A,136014A Burnett River at Ben Anderson Barrage Headwater
BM,Burnett River at Ben Anderson Barrage Headwater,136014A,2009-2010,Excellent,966998,146732,1262,542,101,114,215,578,181,185,25,23,136014A,136014A Burnett River at Ben Anderson Barrage Headwater
BM,Burnett River at Ben Anderson Barrage Headwater,136014A,2010-2011,Excellent,8884946,2578047,15990,10270,760,689,1450,4261,3776,3174,402,286,136014A,136014A Burnett River at Ben Anderson Barrage Headwater
BM,Burnett River at Ben Anderson Barrage Headwater,136014A,2011-2012,Good,629170,14732,395,108,29,15,44,244,47,32,9,13,136014A,136014A Burnett River at Ben Anderson Barrage Headwater
BM,Burnett River at Ben Anderson Barrage Headwater,136014A,2012-2013,Excellent,7357652,3724459,12151,7255,1466,535,2000,2897,2920,2606,282,78,136014A,136014A Burnett River at Ben Anderson Barrage Headwater
BM,Burnett River at Ben Anderson Barrage Headwater,136014A,2013-2014,Moderate,213960,1316,102,25,5.3,1,6.3,70,6.4,3.8,0.3,2.1,136014A,136014A Burnett River at Ben Anderson Barrage Headwater
BM,Burnett River at Ben Anderson Barrage Headwater,136014A,2014-2015,Good,731508.4444,99000,840,350,120,69,190,300,150,120,17,8.2,136014A,136014A Burnett River at Ben Anderson Barrage Headwater
BM,Burnett River at Ben Anderson Barrage Headwater,136014A,2015-2016,Good,369403,6500,240,54,21,13,34,150,31,18,7.4,4.9,136014A,136014A Burnett River at Ben Anderson Barrage Headwater
BM,Burnett River at Ben Anderson Barrage Headwater,136014A,2016-2017,Good,543044.8341,56000,580,190,110,27,140,250,94,71,16,6.5,136014A,136014A Burnett River at Ben Anderson Barrage Headwater
BM,Burnett River at Ben Anderson Barrage Headwater,136014A,2017-2018,Good,850000,35000,710,180,140,30,170,360,100,61,29,10,136014A,136014A Burnett River at Ben Anderson Barrage Headwater
BM,Burnett River at Ben Anderson Barrage Headwater,136014A,2018-2019,Good,180000,1800,110,27,18,3.9,22,60,7.7,4,1.2,2,136014A,136014A Burnett River at Ben Anderson Barrage Headwater
BM,Burnett River at Ben Anderson Barrage Headwater,136014A,2019-2020,Moderate,340000,2500,250,79,49,6.3,55,120,13,10,1.4,3.4,136014A,136014A Burnett River at Ben Anderson Barrage Headwater
BM,Burnett River at Ben Anderson Barrage Headwater,136014A,2020-2021,Moderate,120000,320,55,12,2.2,0.48,2.7,40,3.7,2.8,0.075,1.8,136014A,136014A Burnett River at Ben Anderson Barrage Headwater
BM,Burnett River at Ben Anderson Barrage Headwater,136014A,2021-2022,Good,2900000,440000,3500,1300,740,120,860,1400,690,490,160,52,136014A,136014A Burnett River at Ben Anderson Barrage Headwater
BM,Burnett River at Ben Anderson Barrage Headwater,136014A,2022-2023,Good,1200000,130000,1400,570,260,26,290,570,260,180,70,27,136014A,136014A Burnett River at Ben Anderson Barrage Headwater
BM,Burnett River at Ben Anderson Barrage Headwater,136014A,2023-2024,Moderate,340000,4800,260,66,22,17,38,160,28,18,6.3,4.2,136014A,136014A Burnett River at Ben Anderson Barrage Headwater
BM,Burnett River at Eidsvold,136106A,2009-2010,Excellent,162767,14765,311,93,48,13,61,166,48,30,15,8,136106A,136106A Burnett River at Eidsvold
BM,Burnett River at Eidsvold,136106A,2010-2011,Indicative,2042501,335665,2558,1201,152,82,234,1124,721,444,229,61,136106A,136106A Burnett River at Eidsvold
BM,Burnett River at Eidsvold,136106A,2011-2012,Good,186021,14070,177,80,14,6,20,78,32,21,6,5,136106A,136106A Burnett River at Eidsvold
BM,Burnett River at Jones Weir Tail Water,136094A,2006-2007,Indicative,4897,,,,,,,,,,,,136094A,136094A Burnett River at Jones Weir Tail Water
BM,Burnett River at Jones Weir Tail Water,136094A,2007-2008,Good,8298,,,,,,,,,,,,136094A,136094A Burnett River at Jones Weir Tail Water
BM,Burnett River at Jones Weir Tail Water,136094A,2008-2009,Good,53682,,,,,,,,,,,,136094A,136094A Burnett River at Jones Weir Tail Water
BM,Burnett River at Jones Weir Tail Water,136094A,2009-2010,Excellent,762160,398154,1408,828,70,47,117,423,341,294,27,21,136094A,136094A Burnett River at Jones Weir Tail Water
BM,Burnett River at Jones Weir Tail Water,136094A,2010-2011,Good,6286570,1604385,9672,5350,413,254,667,3630,2255,1862,278,174,136094A,136094A Burnett River at Jones Weir Tail Water
BM,Burnett River at Jones Weir Tail Water,136094A,2011-2012,Good,341695,45816,324,119,30,23,53,152,65,49,8,8,136094A,136094A Burnett River at Jones Weir Tail Water
BM,Burnett River at Mount Lawless,136002D,2006-2007,Indicative,5478,,,,,,,,,,,,136002D,136002D Burnett River at Mount Lawless
BM,Burnett River at Mount Lawless,136002D,2007-2008,Good,86640,,,,,,,,,,,,136002D,136002D Burnett River at Mount Lawless
BM,Burnett River at Mount Lawless,136002D,2008-2009,Indicative,117937,,,,,,,,,,,,136002D,136002D Burnett River at Mount Lawless
BM,Burnett River at Mount Lawless,136002D,2009-2010,Excellent,820135,547924,1479,1077,68,25,93,505,330,325,34,18,136002D,136002D Burnett River at Mount Lawless
BM,Burnett River at Mount Lawless,136002D,2010-2011,Excellent,8399244,3385860,16965,11759,332,250,582,4669,4747,4145,394,250,136002D,136002D Burnett River at Mount Lawless
BM,Burnett River at Mount Lawless,136002D,2011-2012,Indicative,457330,28327,407,123,55,14,70,212,75,44,21,11,136002D,136002D Burnett River at Mount Lawless
BM,Burnett River at Mount Lawless,136002D,2015-2016,Excellent,328338,69000,450,270,23,9.3,32,150,110,86,16,4,136002D,136002D Burnett River at Mount Lawless
BM,Burnett River at Mount Lawless,136002D,2016-2017,Excellent,463359.267,370000,1200,900,81,12,92,250,330,310,13,10,136002D,136002D Burnett River at Mount Lawless
BM,Burnett River at Mount Lawless,136002D,2017-2018,Excellent,760000,280000,1000,650,45,15,60,350,230,190,27,12,136002D,136002D Burnett River at Mount Lawless
BM,Burnett River at Mount Lawless,136002D,2018-2019,Excellent,96000,14000,140,86,7.5,2.4,9.8,40,25,20,2.2,2,136002D,136002D Burnett River at Mount Lawless
BM,Burnett River at Mount Lawless,136002D,2019-2020,Excellent,190000,39000,310,160,33,3.4,36,120,53,46,4.3,3.1,136002D,136002D Burnett River at Mount Lawless
BM,Burnett River at Mount Lawless,136002D,2020-2021,Good,36000,460,34,11,0.25,0.63,0.88,22,2.8,1.7,0.1,1.1,136002D,136002D Burnett River at Mount Lawless
BM,Burnett River at Mount Lawless,136002D,2021-2022,Excellent,2800000,5500000,16000,10000,340,190,530,1500,3800,2800,130,52,136002D,136002D Burnett River at Mount Lawless
BM,Burnett River at Mount Lawless,136002D,2022-2023,Good,1200000,210000,1500,780,170,20,190,540,350,270,63,18,136002D,136002D Burnett River at Mount Lawless
BM,Burnett River at Mount Lawless,136002D,2023-2024,Excellent,330000,23000,380,140,65,16,80,160,65,42,18,5,136002D,136002D Burnett River at Mount Lawless
BM,Elliott River at Dr Mays Crossing,137003A,2019-2020,Good,2900,8.6,1.7,0.44,0.24,0.038,0.28,0.96,0.061,0.04,0.0055,0.035,137003A,137003A Elliott River at Dr Mays Crossing
BM,Elliott River at Dr Mays Crossing,137003A,2020-2021,Moderate,960,3.1,0.89,0.22,0.39,0.013,0.4,0.26,0.033,0.021,0.0015,0.011,137003A,137003A Elliott River at Dr Mays Crossing
BM,Elliott River at Dr Mays Crossing,137003A,2021-2022,Moderate,50000,15000,140,94,4.2,2.2,6.5,36,23,19,1.3,2.2,137003A,137003A Elliott River at Dr Mays Crossing
BM,Elliott River at Dr Mays Crossing,137003A,2022-2023,Good,29000,2000,31,10,6.9,0.39,7.3,14,3.6,2.4,0.64,0.59,137003A,137003A Elliott River at Dr Mays Crossing
BM,Elliott River at Dr Mays Crossing,137003A,2023-2024,Good,7200,22,8.5,1.1,4.3,0.21,4.5,2.8,0.23,0.15,0.019,0.11,137003A,137003A Elliott River at Dr Mays Crossing
BM,Gregory River at Isis Highway,137101A,2022-2023,Moderate,31000,2500,43,19,1.7,0.31,2.1,23,3.4,2.7,0.2,0.63,137101A,137101A Gregory River at Isis Highway
BM,Gregory River at Isis Highway,137101A,2023-2024,Good,37000,2000,70,24,5.8,0.33,6.1,40,3.3,2.5,0.24,0.71,137101A,137101A Gregory River at Isis Highway
BM,Gregory River at Leesons,137103A,2018-2019,Excellent,16000,1400,22,6.3,5,0.76,5.7,9.7,1.8,1.4,0.15,0.27,137103A,137103A Gregory River at Leesons
BM,Gregory River at Leesons,137103A,2019-2020,Excellent,8900,440,14,3.4,2.9,0.32,3.2,7.1,0.92,0.71,0.078,0.17,137103A,137103A Gregory River at Leesons
BM,Gregory River at Leesons,137103A,2020-2021,Moderate,960,2.6,0.62,0.091,0.072,0.079,0.15,0.38,0.13,0.061,0.045,0.02,137103A,137103A Gregory River at Leesons
BM,Gregory River at Leesons,137103A,2021-2022,Excellent,270000,35000,370,140,34,4.7,39,190,41,32,3.5,5.5,137103A,137103A Gregory River at Leesons
BM,Gregory River at Leesons,137103A,2022-2023,Excellent,58000,3000,68,20,12,1.3,13,34,6.4,4.9,0.72,0.95,137103A,137103A Gregory River at Leesons
BM,Gregory River at Leesons,137103A,2023-2024,Excellent,48000,2200,75,25,7.6,1.2,8.8,41,5.8,4.5,0.45,0.83,137103A,137103A Gregory River at Leesons
BM,Gregory River at Promisedland Road,1371003,2020-2021,Moderate,170,51,0.25,0.094,0.0069,0.061,0.068,0.085,0.02,0.016,0.00061,0.0032,1371003,1371003 Gregory River at Promisedland Road
BM,Gregory River at Promisedland Road,1371003,2021-2022,Good,200000,39000,270,120,30,1.7,31,120,30,28,0.68,2.4,1371003,1371003 Gregory River at Promisedland Road
BM,Kolan River at Barrage,1350016,2019-2020,Good,28000,340,20,5.5,0.78,0.53,1.3,13,1.4,0.92,0.12,0.42,1350016,1350016 Kolan River at Barrage
BM,Kolan River at Barrage,1350016,2020-2021,Good,17000,22,9.2,1.1,0.23,0.17,0.4,8,0.33,0.23,0.026,0.17,1350016,1350016 Kolan River at Barrage
BM,Kolan River at Barrage,1350016,2021-2022,Good,910000,85000,1000,340,120,34,150,510,130,97,20,20,1350016,1350016 Kolan River at Barrage
BM,Kolan River at Barrage,1350016,2022-2023,Moderate,700000,52000,680,250,92,14,110,320,100,71,19,8.9,1350016,1350016 Kolan River at Barrage
BM,Kolan River at Barrage,1350016,2023-2024,Moderate,6500,560,17,13,0.18,0.16,0.34,3.2,2,1.9,0.061,0.078,1350016,1350016 Kolan River at Barrage
BM,Mary River at Fishermans Pocket,138007A,2016-2017,Excellent,204590.4228,35000,280,100,62,5.9,68,110,48,40,4.7,3.7,138007A,138007A Mary River at Fishermans Pocket
BM,Mary River at Fishermans Pocket,138007A,2017-2018,Excellent,810000,84000,860,320,170,13,180,350,140,110,19,12,138007A,138007A Mary River at Fishermans Pocket
BM,Mary River at Fishermans Pocket,138007A,2018-2019,Excellent,310000,19000,260,90,48,5.1,53,110,41,28,7.5,5.1,138007A,138007A Mary River at Fishermans Pocket
BM,Mary River at Fishermans Pocket,138007A,2019-2020,Excellent,220000,15000,230,66,67,2.2,70,95,27,21,3.7,2.9,138007A,138007A Mary River at Fishermans Pocket
BM,Mary River at Fishermans Pocket,138007A,2020-2021,Excellent,240000,12000,220,70,38,4.1,43,110,35,26,5.3,5.1,138007A,138007A Mary River at Fishermans Pocket
BM,Mary River at Fishermans Pocket,138007A,2021-2022,Good,4200000,1400000,5500,3000,960,53,1000,1500,1200,1100,82,60,138007A,138007A Mary River at Fishermans Pocket
BM,Mary River at Fishermans Pocket,138007A,2022-2023,Good,650000,97000,650,320,130,12,140,180,130,110,10,8.2,138007A,138007A Mary River at Fishermans Pocket
BM,Mary River at Fishermans Pocket,138007A,2023-2024,Excellent,670000,290000,1200,840,51,19,70,320,270,250,11,13,138007A,138007A Mary River at Fishermans Pocket
BM,Mary River at Home Park,138014A,2013-2014,Excellent,482049,88000,690,220,260,15,280,190,91,80,5.3,5.8,138014A,138014A Mary River at Home Park
BM,Mary River at Home Park,138014A,2014-2015,Excellent,1174237,230000,1400,620,280,27,310,460,260,230,24,14,138014A,138014A Mary River at Home Park
BM,Mary River at Home Park,138014A,2015-2016,Excellent,342200,52000,360,140,48,13,61,160,61,47,9.5,4.5,138014A,138014A Mary River at Home Park
BM,Mary River at Home Park,138014A,2016-2017,Good,443268,84000,650,250,110,18,130,260,96,78,9.5,8.4,138014A,138014A Mary River at Home Park
BM,Mary River at Home Park,138014A,2017-2018,Excellent,1300000,130000,1400,470,230,36,260,650,200,150,32,22,138014A,138014A Mary River at Home Park
BM,Mary River at Home Park,138014A,2018-2019,Excellent,530000,52000,530,180,98,19,120,240,72,51,13,9.3,138014A,138014A Mary River at Home Park
BM,Mary River at Home Park,138014A,2019-2020,Excellent,420000,54000,620,210,180,12,190,220,68,60,9.9,4.6,138014A,138014A Mary River at Home Park
BM,Mary River at Home Park,138014A,2020-2021,Excellent,280000,10000,230,53,46,6.2,52,120,29,18,5.9,7.4,138014A,138014A Mary River at Home Park
BM,Mary River at Home Park,138014A,2021-2022,Excellent,6700000,1700000,8100,4200,1000,160,1200,2600,1800,1500,160,140,138014A,138014A Mary River at Home Park
BM,Mary River at Home Park,138014A,2022-2023,Good,960000,140000,990,490,130,15,140,360,180,150,24,14,138014A,138014A Mary River at Home Park
BM,Mary River at Home Park,138014A,2023-2024,Excellent,1100000,190000,1500,670,210,35,240,590,250,210,30,16,138014A,138014A Mary River at Home Park
BM,Moore Park Drainage at Moore Park Road,1350051,2019-2020,Excellent,14000,540,41,4.9,21,5.1,26,9.7,3.4,2.8,0.5,0.18,1350051,1350051 Moore Park Drainage at Moore Park Road
BM,Moore Park Drainage at Moore Park Road,1350051,2020-2021,Excellent,480,10,0.52,0.074,0.2,0.11,0.31,0.13,0.049,0.035,0.0067,0.0097,1350051,1350051 Moore Park Drainage at Moore Park Road
BM,Moore Park Drainage at Moore Park Road,1350051,2021-2022,Excellent,5900,330,8.2,2.2,2.5,0.62,3.1,2.9,1.6,1.1,0.43,0.12,1350051,1350051 Moore Park Drainage at Moore Park Road
BM,Moore Park Drainage at Moore Park Road,1350051,2022-2023,Indicative,2400,60,2.7,0.46,0.94,0.39,1.3,0.93,0.31,0.25,0.036,0.027,1350051,1350051 Moore Park Drainage at Moore Park Road
BM,Moore Park Drainage at Moore Park Road,1350051,2023-2024,Good,3000,61,4.1,0.79,1.5,0.37,1.9,1.4,0.46,0.35,0.081,0.04,1350051,1350051 Moore Park Drainage at Moore Park Road
BM,Splitters Creek at Henkers Road,1360009,2019-2020,Good,7700,330,13,2.3,3.3,0.96,4.3,6.5,1.9,1.1,0.64,0.2,1360009,1360009 Splitters Creek at Henkers Road
BM,Splitters Creek at Henkers Road,1360009,2020-2021,Good,2200,11,1.8,0.31,0.029,0.016,0.045,1.5,0.12,0.075,0.013,0.03,1360009,1360009 Splitters Creek at Henkers Road
BM,Splitters Creek at Henkers Road,1360009,2021-2022,Excellent,65000,3300,92,24,11,2.4,14,54,18,10,4.7,2.7,1360009,1360009 Splitters Creek at Henkers Road
BM,Splitters Creek at Henkers Road,1360009,2022-2023,Good,21000,1700,24,8.4,3.2,0.37,3.6,12,6.1,3.7,1.7,0.71,1360009,1360009 Splitters Creek at Henkers Road
BM,Splitters Creek at Henkers Road,1360009,2023-2024,Excellent,12000,200,18,4,1.9,0.48,2.4,11,1.9,1,0.36,0.46,1360009,1360009 Splitters Creek at Henkers Road
BM,Stockyard Creek at Wallerawang,1371035,2019-2020,Good,430,9.6,0.6,0.12,0.089,0.025,0.11,0.37,0.025,0.016,0.00061,0.012,1371035,1371035 Stockyard Creek at Wallerawang
BM,Stockyard Creek at Wallerawang,1371035,2020-2021,Indicative,1100,7.6,0.77,0.13,0.021,0.012,0.033,0.61,0.027,0.017,0.0018,0.017,1371035,1371035 Stockyard Creek at Wallerawang
BM,Stockyard Creek at Wallerawang,1371035,2021-2022,Excellent,74000,3400,88,24,11,1.8,13,51,8.7,6.7,0.85,1.4,1371035,1371035 Stockyard Creek at Wallerawang
BM,Stockyard Creek at Wallerawang,1371035,2022-2023,Moderate,13000,170,11,2.3,1.1,0.2,1.3,7.6,0.82,0.61,0.1,0.16,1371035,1371035 Stockyard Creek at Wallerawang
BM,Stockyard Creek at Wallerawang,1371035,2023-2024,Moderate,11000,210,14,4,0.81,0.15,0.96,8.7,0.94,0.57,0.095,0.33,1371035,1371035 Stockyard Creek at Wallerawang
BM,Tinana Creek at Barrage Headwater,138008A,2013-2014,Indicative,146808.7092,3800,160,32,36,6.9,43,74,9.2,7.2,0.38,1.8,138008A,138008A Tinana Creek at Barrage Headwater
BM,Tinana Creek at Barrage Headwater,138008A,2014-2015,Excellent,160695.8701,4100,150,26,9.2,4.7,14,98,11,6.3,0.5,2.2,138008A,138008A Tinana Creek at Barrage Headwater
BM,Tinana Creek at Barrage Headwater,138008A,2015-2016,Excellent,105365,1700,97,21,7.3,4.7,12,64,7.7,5.2,0.42,2.1,138008A,138008A Tinana Creek at Barrage Headwater
BM,Tinana Creek at Barrage Headwater,138008A,2016-2017,Good,127318.0119,3800,150,37,14,7.6,22,87,12,8.1,0.87,2.8,138008A,138008A Tinana Creek at Barrage Headwater
BM,Tinana Creek at Barrage Headwater,138008A,2017-2018,Excellent,240000,11000,290,81,23,8.6,31,180,25,17,1.9,5.6,138008A,138008A Tinana Creek at Barrage Headwater
BM,Tinana Creek at Barrage Headwater,138008A,2018-2019,Excellent,170000,4700,210,59,16,17,33,110,14,10,0.67,3,138008A,138008A Tinana Creek at Barrage Headwater
BM,Tinana Creek at Barrage Headwater,138008A,2019-2020,Excellent,150000,12000,220,69,28,3.7,32,110,17,14,1.1,2.1,138008A,138008A Tinana Creek at Barrage Headwater
BM,Tinana Creek at Barrage Headwater,138008A,2020-2021,Good,20000,110,19,3.4,0.74,0.67,1.4,14,1.5,0.98,0.12,0.49,138008A,138008A Tinana Creek at Barrage Headwater
BM,Tinana Creek at Barrage Headwater,138008A,2021-2022,Excellent,2000000,170000,2000,860,99,36,140,1000,290,250,17,30,138008A,138008A Tinana Creek at Barrage Headwater
BM,Tinana Creek at Barrage Headwater,138008A,2022-2023,Good,200000,15000,200,82,15,2.7,18,98,24,19,1.3,3.1,138008A,138008A Tinana Creek at Barrage Headwater
BM,Tinana Creek at Barrage Headwater,138008A,2023-2024,Good,300000,3100,370,79,14,9.1,23,270,22,12,3.1,8,138008A,138008A Tinana Creek at Barrage Headwater
BM,Welcome Creek at Gooburrum Road,,2020-2021,Moderate,450,8.6,0.49,0.13,0.1,0.022,0.12,0.23,0.11,0.064,0.035,0.013,1350053,1350053 Welcome Creek at Gooburrum Road
BM,Welcome Creek at Gooburrum Road,,2021-2022,Excellent,2200,130,2.9,0.77,0.58,0.17,0.75,1.4,1,0.36,0.57,0.096,1350053,1350053 Welcome Creek at Gooburrum Road
BM,Welcome Creek at Gooburrum Road,,2022-2023,Moderate,1500,98,2.3,0.68,0.51,0.091,0.6,1,0.82,0.28,0.46,0.081,1350053,1350053 Welcome Creek at Gooburrum Road
BM,Welcome Creek at Gooburrum Road,,2023-2024,Moderate,1000,47,2.2,0.54,0.8,0.079,0.88,0.83,0.82,0.26,0.5,0.059,1350053,1350053 Welcome Creek at Gooburrum Road
BM,Yellow Waterholes Creek at Dahls Road,1370040,2019-2020,Good,250,2.1,0.37,0.098,0.065,0.012,0.077,0.19,0.12,0.04,0.02,0.067,1370040,1370040 Yellow Waterholes Creek at Dahls Road
BM,Yellow Waterholes Creek at Dahls Road,1370040,2020-2021,Indicative,73,0.84,0.077,0.022,0.012,0.0037,0.016,0.039,0.019,0.0047,0.011,0.0035,1370040,1370040 Yellow Waterholes Creek at Dahls Road
BM,Yellow Waterholes Creek at Dahls Road,1370040,2021-2022,Excellent,7600,480,9.5,2.9,2.3,0.22,2.5,4.1,3.3,1.5,1.6,0.25,1370040,1370040 Yellow Waterholes Creek at Dahls Road
BM,Yellow Waterholes Creek at Dahls Road,1370040,2022-2023,Good,2700,300,4.5,1.5,1.6,0.13,1.7,1.2,1.8,0.94,0.75,0.13,1370040,1370040 Yellow Waterholes Creek at Dahls Road
BM,Yellow Waterholes Creek at Dahls Road,1370040,2023-2024,Good,350,2.6,0.9,0.047,0.73,0.012,0.75,0.11,0.049,0.026,0.017,0.01,1370040,1370040 Yellow Waterholes Creek at Dahls Road
BU,Barratta Creek at Northcote,119101a,2009-2010,Moderate,245486,21360,267,52,98,5,103,114,30,15,11,5,119101A,119101A Barratta Creek at Northcote
BU,Barratta Creek at Northcote,119101a,2010-2011,Excellent,600261,183218,845,289,57,12,68,321,156,75,25,25,119101A,119101A Barratta Creek at Northcote
BU,Barratta Creek at Northcote,119101a,2011-2012,Excellent,325917,10689,317,94,62,5,67,157,60,26,24,11,119101A,119101A Barratta Creek at Northcote
BU,Barratta Creek at Northcote,119101a,2012-2013,Excellent,127452,5471,226,55,88,5.4,93,78,24,12,10,2,119101A,119101A Barratta Creek at Northcote
BU,Barratta Creek at Northcote,119101a,2013-2014,Excellent,123084,7448,177,33,73,3.2,76,64,19,7,9,1.8,119101A,119101A Barratta Creek at Northcote
BU,Barratta Creek at Northcote,119101a,2014-2015,Excellent,62831.83248,5500,150,27,75,8,83,43,11,6.6,3.3,1.3,119101A,119101A Barratta Creek at Northcote
BU,Barratta Creek at Northcote,119101a,2015-2016,Excellent,39710,4300,88,23,36,2.7,38,28,8.8,5.9,2.2,0.76,119101A,119101A Barratta Creek at Northcote
BU,Barratta Creek at Northcote,119101a,2016-2017,Excellent,89682.687,6800,160,41,62,2.7,65,58,19,9.6,7.2,2,119101A,119101A Barratta Creek at Northcote
BU,Barratta Creek at Northcote,119101a,2017-2018,Excellent,140000,12000,150,51,21,3.3,24,72,24,13,6.6,4,119101A,119101A Barratta Creek at Northcote
BU,Barratta Creek at Northcote,119101a,2018-2019,Excellent,460000,34000,450,210,54,6.3,60,180,62,43,12,6.6,119101A,119101A Barratta Creek at Northcote
BU,Barratta Creek at Northcote,119101a,2019-2020,Excellent,81000,7400,140,42,45,1.5,46,56,14,8.9,3.4,1.8,119101A,119101A Barratta Creek at Northcote
BU,Barratta Creek at Northcote,119101a,2020-2021,Excellent,130000,8600,180,43,59,4,63,78,22,11,8.3,2.4,119101A,119101A Barratta Creek at Northcote
BU,Barratta Creek at Northcote,119101a,2021-2022,Excellent,130000,11000,250,44,120,4.7,120,85,24,11,9.2,3.8,119101A,119101A Barratta Creek at Northcote
BU,Barratta Creek at Northcote,119101a,2022-2023,Excellent,320000,30000,290,96,43,10,54,140,49,31,13,4,119101A,119101A Barratta Creek at Northcote
BU,Barratta Creek at Northcote,119101a,2023-2024,Excellent,84000,3200,110,29,26,1.5,28,51,13,7,4.5,1.7,119101A,119101A Barratta Creek at Northcote
BU,Belyando River at Gregory Dev Road,120301b,2006-2007,Good,242581,75645,160,64,5,3,8,87,33,26,4,3,120301B,120301B Belyando River at Gregory Dev Road
BU,Belyando River at Gregory Dev Road,120301b,2007-2008,Good,3373114,169193,3153,1570,28,33,61,1522,584,413,130,59,120301B,120301B Belyando River at Gregory Dev Road
BU,Belyando River at Gregory Dev Road,120301b,2008-2009,,374450,66528,347,156,5,5,10,181,73,51,16,7,120301B,120301B Belyando River at Gregory Dev Road
BU,Belyando River at Gregory Dev Road,120301b,2009-2010,Excellent,905216.8536,190000,740,300,8,18,26,420,170,120,41,14,120301B,120301B Belyando River at Gregory Dev Road
BU,Belyando River at Gregory Dev Road,120301b,2010-2011,Good,2616028.563,410000,2300,1200,19,29,48,1100,650,460,160,62,120301B,120301B Belyando River at Gregory Dev Road
BU,Belyando River at Gregory Dev Road,120301b,2011-2012,Excellent,1861037.189,160000,1300,430,24,21,45,870,390,200,150,53,120301B,120301B Belyando River at Gregory Dev Road
BU,Belyando River at Gregory Dev Road,120301b,2012-2013,Good,55716.12432,19000,63,34,1.9,1.6,3.5,26,15,11,2.8,0.65,120301B,120301B Belyando River at Gregory Dev Road
BU,Black River at Bruce Highway,117002A,2019-2020,Moderate,26000,5900,32,13,7.2,0.21,7.4,12,6.1,4.2,1.5,0.4,117002A,117002A Black River at Bruce Highway
BU,Black River at Bruce Highway,117002A,2020-2021,Excellent,87000,17000,78,34,15,0.57,16,29,15,12,2.4,1.4,117002A,117002A Black River at Bruce Highway
BU,Black River at Bruce Highway,117002A,2021-2022,Good,62000,5200,38,11,9.3,0.42,9.7,18,6.1,4,1.5,0.68,117002A,117002A Black River at Bruce Highway
BU,Black River at Bruce Highway,117002A,2022-2023,Good,77000,8600,51,26,3.5,1.4,4.9,20,7.9,5.9,1.3,1.1,117002A,117002A Black River at Bruce Highway
BU,Black River at Bruce Highway,117002A,2023-2024,Good,56000,4700,34,13,3,0.62,3.6,18,4.4,2.8,1.1,0.78,117002A,117002A Black River at Bruce Highway
BU,Bonnie Doon Creek at Strathalbyn,,2019-2020,Moderate,1300,11000,,,,,,,3.4,,,,1200125,1200125 Bonnie Doon Creek at Strathalbyn
BU,Bonnie Doon Creek at Strathalbyn,,2020-2021,Good,19000,30000,42,,,,,,22,,,,1200125,1200125 Bonnie Doon Creek at Strathalbyn
BU,Bonnie Doon Creek at Strathalbyn,,2021-2022,Good,6500,14000,13,,,,,,7.9,,,,1200125,1200125 Bonnie Doon Creek at Strathalbyn
BU,Bonnie Doon Creek at Strathalbyn,,2022-2023,Indicative,15,15,0.021,,,,,,0.011,,,,1200125,1200125 Bonnie Doon Creek at Strathalbyn
BU,Bowen River at Myuna,120205a,2012-2013,Excellent,1127536,2330871,3101,2663,82,61,143,303,1935,1865,59,14,120205A,120205A Bowen River at Myuna
BU,Bowen River at Myuna,120205a,2013-2014,Excellent,431341,206789,616,398,49,8.9,58,152,163,137,14,5.7,120205A,120205A Bowen River at Myuna
BU,Bowen River at Myuna,120205a,2014-2015,Excellent,234262.634,430000,630,790,35,18,52,72,270,390,15,2.6,120205A,120205A Bowen River at Myuna
BU,Bowen River at Myuna,120205a,2015-2016,Excellent,369641,790000,1200,1100,58,11,69,120,600,580,21,3.8,120205A,120205A Bowen River at Myuna
BU,Bowen River at Myuna,120205a,2016-2017,Excellent,1639942.213,11000000,13000,13000,99,31,130,400,6300,6200,30,21,120205A,120205A Bowen River at Myuna
BU,Bowen River at Myuna,120205a,2017-2018,Excellent,280000,210000,290,230,22,4.2,26,60,120,110,7.5,4.6,120205A,120205A Bowen River at Myuna
BU,Bowen River at Myuna,120205a,2018-2019,Excellent,980000,580000,1500,1000,180,20,200,220,520,490,21,12,120205A,120205A Bowen River at Myuna
BU,Bowen River at Myuna,120205a,2019-2020,Excellent,260000,310000,340,,,,,,120,,,,120205A,120205A Bowen River at Myuna
BU,Bowen River at Myuna,120205a,2019-2020,Moderate,260000,,,220,42,3.2,45,68,,110,6,3.2,120205A,120205A Bowen River at Myuna
BU,Bowen River at Myuna,120205a,2020-2021,Excellent,230000,460000,710,600,38,9.8,48,66,320,310,8.9,3,120205A,120205A Bowen River at Myuna
BU,Bowen River at Myuna,120205a,2021-2022,Excellent,210000,110000,240,170,18,3.2,21,44,120,110,8.4,3.5,120205A,120205A Bowen River at Myuna
BU,Bowen River at Myuna,120205a,2022-2023,Excellent,920000,2000000,2300,1900,64,19,83,260,1100,1000,34,14,120205A,120205A Bowen River at Myuna
BU,Bowen River at Myuna,120205a,2023-2024,Excellent,350000,100000,280,200,13,9.8,23,70,110,100,8.1,4,120205A,120205A Bowen River at Myuna
BU,Burdekin River at Home Hill Inkerman Bridge,Outlet Node21,2006-2007,Good,9168801,6490261,10013,6252,1576,107,1683,1828,3221,2936,212,97,120001A,120001A Burdekin River at Home Hill Inkerman Bridge
BU,Burdekin River at Home Hill Inkerman Bridge,Outlet Node21,2007-2008,Good,27970635,12625837,32655,22549,2165,228,2393,7584,9148,8273,726,323,120001A,120001A Burdekin River at Home Hill Inkerman Bridge
BU,Burdekin River at Home Hill Inkerman Bridge,Outlet Node21,2008-2009,Good,29490715,9836193,23691,13944,1345,855,2200,7448,6938,6361,732,296,120001A,120001A Burdekin River at Home Hill Inkerman Bridge
BU,Burdekin River at Home Hill Inkerman Bridge,Outlet Node21,2009-2010,Good,7906763,1937798,6411,3080,1195,108,1303,2129,2213,1915,241,99,120001A,120001A Burdekin River at Home Hill Inkerman Bridge
BU,Burdekin River at Home Hill Inkerman Bridge,Outlet Node21,2010-2011,Excellent,34759867,6167024,21450,11294,2343,246,2589,7586,8410,6672,983,1135,120001A,120001A Burdekin River at Home Hill Inkerman Bridge
BU,Burdekin River at Home Hill Inkerman Bridge,Outlet Node21,2011-2012,Good,14992382,3269175,10566,5785,1094,94,1188,3604,3380,2714,482,340,120001A,120001A Burdekin River at Home Hill Inkerman Bridge
BU,Burdekin River at Home Hill Inkerman Bridge,Outlet Node21,2012-2013,Good,4056498,2540339,5460,3139,762,38,799,1517,1861,1461,355,40,120001A,120001A Burdekin River at Home Hill Inkerman Bridge
BU,Burdekin River at Home Hill Inkerman Bridge,Outlet Node21,2013-2014,Good,1493850,222150,862,397,115,18,133,333,162,126,35,15,120001A,120001A Burdekin River at Home Hill Inkerman Bridge
BU,Burdekin River at Home Hill Inkerman Bridge,Outlet Node21,2014-2015,Good,892715.9011,700000,1000,620,140,14,150,230,410,380,25,9.4,120001A,120001A Burdekin River at Home Hill Inkerman Bridge
BU,Burdekin River at Home Hill Inkerman Bridge,Outlet Node21,2015-2016,Good,1565589,700000,1500,870,250,34,280,390,460,420,34,18,120001A,120001A Burdekin River at Home Hill Inkerman Bridge
BU,Burdekin River at Home Hill Inkerman Bridge,Outlet Node21,2016-2017,Good,4385234.112,4000000,8700,7300,530,45,580,890,3500,3300,130,44,120001A,120001A Burdekin River at Home Hill Inkerman Bridge
BU,Burdekin River at Home Hill Inkerman Bridge,Outlet Node21,2017-2018,Good,5500000,1600000,4500,2400,910,32,940,1200,1200,1100,85,65,120001A,120001A Burdekin River at Home Hill Inkerman Bridge
BU,Burdekin River at Home Hill Inkerman Bridge,Outlet Node21,2018-2019,Excellent,17000000,7100000,16000,10000,1400,450,1900,3500,5600,5100,310,210,120001A,120001A Burdekin River at Home Hill Inkerman Bridge
BU,Burdekin River at Home Hill Inkerman Bridge,Outlet Node21,2019-2020,Good,2300000,250000,1400,500,330,8.2,340,530,240,190,42,26,120001A,120001A Burdekin River at Home Hill Inkerman Bridge
BU,Burdekin River at Home Hill Inkerman Bridge,Outlet Node21,2020-2021,Excellent,8500000,2100000,7000,3900,1000,34,1000,2100,1900,1600,170,140,120001A,120001A Burdekin River at Home Hill Inkerman Bridge
BU,Burdekin River at Home Hill Inkerman Bridge,Outlet Node21,2021-2022,Good,4600000,790000,3000,1400,600,24,620,960,780,670,69,61,120001A,120001A Burdekin River at Home Hill Inkerman Bridge
BU,Burdekin River at Home Hill Inkerman Bridge,Outlet Node21,2022-2023,Good,10000000,1500000,6800,3400,950,22,970,2400,1900,1500,300,120,120001A,120001A Burdekin River at Home Hill Inkerman Bridge
BU,Burdekin River at Home Hill Inkerman Bridge,Outlet Node21,2023-2024,Good,5800000,280000,3000,1500,490,10,500,1100,660,540,120,64,120001A,120001A Burdekin River at Home Hill Inkerman Bridge
BU,Burdekin River at Hydro Site,BFD,2017-2018,Moderate,5500000,1100000,3600,1500,850,69,920,1100,940,840,63,78,120015A,120015A Burdekin River at Hydro Site
BU,Burdekin River at Hydro Site,BFD,2018-2019,Good,14000000,4500000,9300,4800,840,560,1400,3100,3100,2800,130,170,120015A,120015A Burdekin River at Hydro Site
BU,Burdekin River at Sellheim,120002c,2006-2007,Good,4456379,2467723,4270,2902,246,53,299,1069,1130,996,126,48,120002C,120002C Burdekin River at Sellheim
BU,Burdekin River at Sellheim,120002c,2007-2008,Good,6233034,7130920,11366,9261,229,48,277,1828,4822,4565,159,117,120002C,120002C Burdekin River at Sellheim
BU,Burdekin River at Sellheim,120002c,2008-2009,Good,19541803,14599906,24920,19108,342,135,477,5290,8515,7814,517,278,120002C,120002C Burdekin River at Sellheim
BU,Burdekin River at Sellheim,120002c,2009-2010,Good,2612301,3620561,3185,2415,139,33,172,598,1828,1720,62,51,120002C,120002C Burdekin River at Sellheim
BU,Burdekin River at Sellheim,120002c,2010-2011,Indicative,16996964,6076617,12287,8433,377,152,528,3345,4182,3533,393,408,120002C,120002C Burdekin River at Sellheim
BU,Burdekin River at Sellheim,120002c,2011-2012,Indicative,6588776,2414241,5075,3159,407,44,451,1462,1970,1654,197,145,120002C,120002C Burdekin River at Sellheim
BU,Burdekin River at Sellheim,120002c,2012-2013,Moderate,1931876,609844,1542,830,246,15,261,452,315,258,66,19,120002C,120002C Burdekin River at Sellheim
BU,Burdekin River at Sellheim,120002c,2013-2014,Good,1782369,2056144,2615,1133,185,18,203,437,994,449,42,18,120002C,120002C Burdekin River at Sellheim
BU,Burdekin River at Sellheim,120002c,2014-2015,Good,263966.3554,56000,97,30,17,2.1,19,47,22,15,2.3,5.7,120002C,120002C Burdekin River at Sellheim
BU,Burdekin River at Sellheim,120002c,2015-2016,Good,1119678,1500000,2900,2300,280,22,300,300,1100,1000,15,11,120002C,120002C Burdekin River at Sellheim
BU,Burdekin River at Sellheim,120002c,2016-2017,Good,1719723.731,3000000,4300,3600,240,26,270,360,1700,1600,20,22,120002C,120002C Burdekin River at Sellheim
BU,Burdekin River at Sellheim,120002c,2017-2018,Good,5600000,4400000,7800,6100,340,120,460,1200,2800,2600,71,62,120002C,120002C Burdekin River at Sellheim
BU,Burdekin River at Sellheim,120002c,2019-2020,Moderate,1300000,1500000,2400,1800,210,5.7,210,380,900,880,24,13,120002C,120002C Burdekin River at Sellheim
BU,Burdekin River at Sellheim,120002c,2020-2021,Good,6100000,6500000,11000,8800,430,27,460,1600,4300,4100,100,72,120002C,120002C Burdekin River at Sellheim
BU,Burdekin River at Sellheim,120002c,2021-2022,Moderate,2500000,1600000,3800,2700,340,27,370,690,1600,1400,64,81,120002C,120002C Burdekin River at Sellheim
BU,Cape River at Taemas,120302b,2006-2007,Good,767957,217154,622,230,135,7,142,251,74,61,6,8,120302B,120302B Cape River at Taemas
BU,Cape River at Taemas,120302b,2007-2008,Good,2311815,746676,2188,1396,58,14,72,720,384,336,15,38,120302B,120302B Cape River at Taemas
BU,Cape River at Taemas,120302b,2008-2009,Good,2357156,555198,1738,878,22,16,39,821,210,145,19,67,120302B,120302B Cape River at Taemas
BU,Cape River at Taemas,120302b,2009-2010,Excellent,774352,185522,519,288,3,6,9,236,94,79,6,14,120302B,120302B Cape River at Taemas
BU,Cape River at Taemas,120302b,2010-2011,Moderate,1804455,539420,1806,1250,21,13,34,630,395,403,12,50,120302B,120302B Cape River at Taemas
BU,Cape River at Taemas,120302b,2011-2012,Excellent,1514892,222762,1197,643,20,10,30,528,249,216,16,32,120302B,120302B Cape River at Taemas
BU,Don River at Bowen,121003a,2016-2017,Good,248984.2044,340000,1100,940,58,4.1,62,81,340,290,38,5.3,121003A,121003A Don River at Bowen
BU,Don River at Bowen,121003a,2017-2018,Excellent,37000,14000,55,40,4.5,0.52,5,9.6,17,12,3.7,1,1210045,1210045 Don River at Bowen
BU,Don River at Bowen,121003a,2018-2019,Excellent,170000,43000,190,130,13,2.2,15,51,57,37,17,3.1,1210045,1210045 Don River at Bowen
BU,Don River at Bowen,121003a,2019-2020,Excellent,61000,38000,150,120,11,1.1,12,20,42,33,7.5,0.83,1210045,1210045 Don River at Bowen
BU,Don River at Bowen,121003a,2020-2021,Excellent,58000,27000,130,97,12,0.82,13,20,40,29,9.8,1,1210045,1210045 Don River at Bowen
BU,Don River at Bowen,121003a,2021-2022,Good,48000,24000,100,70,18,0.79,19,13,28,18,7,2.4,1210045,1210045 Don River at Bowen
BU,Don River at Bowen,121003a,2022-2023,Excellent,200000,45000,220,130,23,1,24,65,68,39,25,3.7,1210045,1210045 Don River at Bowen
BU,Don River at Bowen,121003a,2023-2024,Good,57000,7700,83,40,16,5.2,22,21,27,15,12,1.4,1210045,1210045 Don River at Bowen
BU,Haughton River at Giru Weir Headwater,,2019-2020,Moderate,180000,12000,160,36,39,5.2,44,80,25,14,9.3,2.3,1190039,1190039 Haughton River at Giru Weir Headwater
BU,Haughton River at Giru Weir Headwater,,2020-2021,Good,290000,23000,240,88,41,7.3,49,100,43,27,13,4.5,1190039,1190039 Haughton River at Giru Weir Headwater
BU,Haughton River at Giru Weir Headwater,,2021-2022,Good,150000,12000,110,49,21,2.8,24,42,32,14,15,2.6,1190039,1190039 Haughton River at Giru Weir Headwater
BU,Haughton River at Giru Weir Headwater,,2022-2023,Good,660000,89000,500,270,20,8.6,29,200,98,72,20,6.6,1190039,1190039 Haughton River at Giru Weir Headwater
BU,Haughton River at Giru Weir Headwater,,2023-2024,Moderate,240000,26000,230,120,20,4,24,86,41,32,7.9,2.5,1190039,1190039 Haughton River at Giru Weir Headwater
BU,Haughton River at Powerline,119003a,2013-2014,Moderate,239700,32421,185,55,49,4.2,53,75,28,17,10,2.5,119003A,119003A Haughton River at Powerline
BU,Haughton River at Powerline,119003a,2014-2015,Moderate,46511.87724,620,17,4.1,2.2,0.4,2.6,10,2.2,1.6,0.43,0.47,119003A,119003A Haughton River at Powerline
BU,Haughton River at Powerline,119003a,2015-2016,Indicative,115549,14000,98,43,15,2,17,38,22,16,4.8,1.4,119003A,119003A Haughton River at Powerline
BU,Haughton River at Powerline,119003a,2016-2017,Good,148957.7825,21000,140,71,23,1.2,24,45,24,18,4.4,1.6,119003A,119003A Haughton River at Powerline
BU,Haughton River at Powerline,119003a,2017-2018,Good,360000,54000,260,130,21,2.7,23,100,60,41,13,5.1,119003A,119003A Haughton River at Powerline
BU,Haughton River at Powerline,119003a,2018-2019,Moderate,1500000,310000,1300,750,140,12,150,370,290,230,39,16,119003A,119003A Haughton River at Powerline
BU,Ross River at Aplins Weir Headwater,118103A,2019-2020,Good,27000,69,9.5,1.8,0.29,0.23,0.51,6.6,0.84,0.49,0.25,0.29,118103A,118103A Ross River at Aplins Weir Headwater
BU,Ross River at Aplins Weir Headwater,118103A,2020-2021,Good,30000,200,14,2.3,1.3,0.73,2,9.6,2,0.86,0.72,0.56,118103A,118103A Ross River at Aplins Weir Headwater
BU,Ross River at Aplins Weir Headwater,118103A,2021-2022,Indicative,6200,52,3.2,0.74,0.35,0.13,0.47,2,0.42,0.15,0.17,0.096,118103A,118103A Ross River at Aplins Weir Headwater
BU,Ross River at Aplins Weir Headwater,118103A,2022-2023,Good,35000,400,24,7.4,1.1,1.7,2.8,14,1.8,1.1,0.27,0.44,118103A,118103A Ross River at Aplins Weir Headwater
BU,Ross River at Aplins Weir Headwater,118103A,2023-2024,Moderate,19000,82,10,2.5,0.46,0.47,0.93,6.7,0.71,0.35,0.2,0.21,118103A,118103A Ross River at Aplins Weir Headwater
BU,Suttor River at Bowen Dev Road,120310a,2007-2008,Indicative,1285273,235562,1090,417,27,23,50,621,236,181,43,23,120310A,120310A Suttor River at Bowen Dev Road
BU,Suttor River at Bowen Dev Road,120310a,2008-2009,Indicative,250612,92054,288,143,10,3,13,132,65,53,9,4,120310A,120310A Suttor River at Bowen Dev Road
BU,Suttor River at Bowen Dev Road,120310a,2009-2010,Excellent,390806,58456,334,127,9,6,15,192,69,50,11,7,120310A,120310A Suttor River at Bowen Dev Road
BU,Suttor River at Bowen Dev Road,120310a,2010-2011,Good,2045512,160740,1605,613,14,22,36,886,375,185,83,122,120310A,120310A Suttor River at Bowen Dev Road
BU,Suttor River at Bowen Dev Road,120310a,2011-2012,Good,803929,55576,693,206,6,8,15,473,153,93,40,21,120310A,120310A Suttor River at Bowen Dev Road
CY,Bullhead Creek at Upstream Laura River,,2020-2021,Good,19000,8400,36,20,8,0.49,8.5,7.8,11,8.9,1.7,0.5,1051037,1051037 Bullhead Creek at Upstream Laura River
CY,East Normanby River at Mulligan Highway,105105A,2016-2017,Good,121429.7168,27000,88,40,11,1,12,32,16,14,0.56,1.3,105105A,105105A East Normanby River at Mulligan Highway
CY,East Normanby River at Mulligan Highway,105105A,2018-2019,Excellent,440000,140000,370,250,47,5.4,52,75,67,62,2.9,4.5,105105A,105105A East Normanby River at Mulligan Highway
CY,East Normanby River at Mulligan Highway,105105A,2019-2020,Excellent,45000,23000,53,37,5.2,0.26,5.5,10,9.7,9.1,0.32,0.49,105105A,105105A East Normanby River at Mulligan Highway
CY,East Normanby River at Mulligan Highway,105105A,2020-2021,Excellent,100000,24000,77,41,12,0.73,13,24,13,12,0.53,1.2,105105A,105105A East Normanby River at Mulligan Highway
CY,East Normanby River at Mulligan Highway,105105A,2021-2022,Excellent,140000,39000,110,63,13,1.4,14,31,22,20,0.75,2.1,105105A,105105A East Normanby River at Mulligan Highway
CY,East Normanby River at Mulligan Highway,105105A,2022-2023,Excellent,230000,41000,130,74,12,0.98,13,45,19,17,1.4,2.6,105105A,105105A East Normanby River at Mulligan Highway
CY,East Normanby River at Mulligan Highway,105105A,2023-2024,Good,420000,140000,310,210,22,3.2,25,74,55,48,2.4,6.4,105105A,105105A East Normanby River at Mulligan Highway
CY,Laura River at Beefwoods Station,,2021-2022,Excellent,16000,6700,23,16,1.3,0.22,1.5,5.5,5.4,4.9,0.33,0.21,1051044,1051044 Laura River at Beefwoods Station
CY,Laura River at Carroll's Crossing,,2020-2021,Good,77000,300000,250,210,3.9,2,5.8,31,77,74,2.5,0.77,1051017,1051017 Laura River at Carroll's Crossing
CY,Laura River at Carroll's Crossing,,2021-2022,Indicative,43000,4400,27,11,2.6,0.32,2.9,14,4.2,3.6,0.31,0.45,1051017,1051017 Laura River at Carroll's Crossing
CY,Laura River at Carroll's Crossing,,2022-2023,Moderate,160000,16000,120,49,19,0.76,20,54,16,13,1.9,1.8,1051017,1051017 Laura River at Carroll's Crossing
CY,Laura River at Coal Seam Creek,105102A,2016-2017,Good,398264.3143,150000,570,450,18,2.4,20,110,100,96,2.8,4.2,105102A,105102A Laura River at Coal Seam Creek
CY,Laura River at Coal Seam Creek,105102A,2017-2018,Good,150000,31000,120,76,2.9,1.2,4.2,42,22,19,0.19,2.3,105102A,105102A Laura River at Coal Seam Creek
CY,Laura River at Coal Seam Creek,105102A,2018-2019,Good,880000,160000,710,490,17,5.6,23,190,130,120,5.3,9.2,105102A,105102A Laura River at Coal Seam Creek
CY,Laura River at Coal Seam Creek,105102A,2020-2021,Good,420000,85000,360,250,10,1.7,12,100,68,62,1.4,4.9,105102A,105102A Laura River at Coal Seam Creek
CY,Laura River at Coal Seam Creek,105102A,2021-2022,Moderate,220000,56000,210,150,10,1.4,12,48,48,42,1.6,4.2,105102A,105102A Laura River at Coal Seam Creek
CY,Laura River at Coal Seam Creek,105102A,2022-2023,Good,870000,140000,690,470,33,1.8,35,180,110,100,5,8.7,105102A,105102A Laura River at Coal Seam Creek
CY,Laura River at Turalba,,2022-2023,Excellent,79000,19000,79,48,6,2.3,8.4,23,15,13,1,1.1,1051022,1051022 Laura River at Turalba
CY,Laura River at Turalba,,2023-2024,Indicative,200000,,,160,31,7.7,39,60,,29,4.1,2.3,1051022,1051022 Laura River at Turalba
CY,Laura River at Turalba,,2023-2024,Moderate,200000,55000,260,,,,,,49,,,,1051022,1051022 Laura River at Turalba
CY,Normanby River at Kalpowar Crossing,105107A,2006-2007,Excellent,1765705,58518,723,170,36,22,58,499,87,49,20,23,105107A,105107A Normanby River at Kalpowar Crossing
CY,Normanby River at Kalpowar Crossing,105107A,2007-2008,Good,3649220,206429,1841,595,43,53,96,1143,167,70,30,78,105107A,105107A Normanby River at Kalpowar Crossing
CY,Normanby River at Kalpowar Crossing,105107A,2008-2009,Good,2349685,100584,1098,266,58,30,87,753,98,72,18,25,105107A,105107A Normanby River at Kalpowar Crossing
CY,Normanby River at Kalpowar Crossing,105107A,2009-2010,Good,2927302,173214,1326,65,59,46,105,1229,159,126,30,14,105107A,105107A Normanby River at Kalpowar Crossing
CY,Normanby River at Kalpowar Crossing,105107A,2010-2011,Moderate,5960435,268468,5605,481,74,68,142,839,318,159,31,141,105107A,105107A Normanby River at Kalpowar Crossing
CY,Normanby River at Kalpowar Crossing,105107A,2011-2012,Good,1162420,46207,494,139,13,9,22,338,87,65,3,28,105107A,105107A Normanby River at Kalpowar Crossing
CY,Normanby River at Kalpowar Crossing,105107A,2012-2013,,1827697,142316,,,,,,,,,,,105107A,105107A Normanby River at Kalpowar Crossing
CY,Normanby River at Kalpowar Crossing,105107A,2013-2014,Good,2635686,142838,1165,404,22,30,52,710,171,138,15,29,105107A,105107A Normanby River at Kalpowar Crossing
CY,Normanby River at Kalpowar Crossing,105107A,2014-2015,Good,1556335.963,29000,690,280,16,19,35,380,80,64,3.7,17,105107A,105107A Normanby River at Kalpowar Crossing
CY,Normanby River at Kalpowar Crossing,105107A,2015-2016,Moderate,1784562,62000,910,250,46,37,82,580,120,95,5,23,105107A,105107A Normanby River at Kalpowar Crossing
CY,Normanby River at Kalpowar Crossing,105107A,2016-2017,Good,2001271.101,58000,890,310,50,28,78,500,110,94,9.5,20,105107A,105107A Normanby River at Kalpowar Crossing
CY,Normanby River at Kalpowar Crossing,105107A,2017-2018,Good,2300000,110000,1400,480,100,32,140,750,190,150,13,28,105107A,105107A Normanby River at Kalpowar Crossing
CY,Normanby River at Kalpowar Crossing,105107A,2018-2019,Good,6300000,210000,2900,1300,47,73,120,1600,420,310,38,93,105107A,105107A Normanby River at Kalpowar Crossing
CY,Normanby River at Kalpowar Crossing,105107A,2019-2020,Excellent,1500000,45000,730,210,41,16,57,470,86,68,9.6,16,105107A,105107A Normanby River at Kalpowar Crossing
CY,Normanby River at Kalpowar Crossing,105107A,2020-2021,Good,3100000,58000,1400,440,74,27,100,890,260,160,21,92,105107A,105107A Normanby River at Kalpowar Crossing
CY,Normanby River at Kalpowar Crossing,105107A,2021-2022,Good,1800000,45000,750,210,34,16,49,510,110,82,8.2,23,105107A,105107A Normanby River at Kalpowar Crossing
CY,Normanby River at Kalpowar Crossing,105107A,2023-2024,Good,8500000,180000,3200,890,190,57,250,2000,440,280,38,140,105107A,105107A Normanby River at Kalpowar Crossing
CY,Pascoe River at Garraway Creek,102102A,2022-2023,Good,2100000,45000,650,250,70,11,81,330,48,32,4.6,26,102102A,102102A Pascoe River at Garraway Creek
CY,Pascoe River at Garraway Creek,102102A,2023-2024,Good,2000000,76000,940,440,140,11,150,350,43,29,1.8,20,102102A,102102A Pascoe River at Garraway Creek
CY,Pascoe River at Wattle Hills Station,1021014,2016-2017,Good,1421450.847,49000,550,150,70,11,81,310,31,20,2.8,14,102102A,102102A Pascoe River at Wattle Hills Station
CY,Pascoe River at Wattle Hills Station,1021014,2017-2018,Good,1800000,56000,580,180,53,12,65,340,47,31,0.9,20,1021014,1021014 Pascoe River at Wattle Hills Station
CY,Pascoe River at Wattle Hills Station,1021014,2018-2019,Good,2800000,120000,1400,660,150,21,170,530,98,84,11,28,1021014,1021014 Pascoe River at Wattle Hills Station
CY,Pascoe River at Wattle Hills Station,1021014,2019-2020,Good,1000000,36000,480,100,130,5.8,140,240,29,21,1.6,10,1021014,1021014 Pascoe River at Wattle Hills Station
CY,Pascoe River at Wattle Hills Station,1021014,2020-2021,Good,2200000,70000,910,300,140,7.4,140,470,61,38,5.3,39,1021014,1021014 Pascoe River at Wattle Hills Station
CY,West Normanby River at Mount Sellheim,105106A,2016-2017,Good,176329.7348,62000,160,95,7,1.3,8.2,53,39,34,1.6,3.2,105106A,105106A West Normanby River at Mount Sellheim
CY,West Normanby River at Mount Sellheim,105106A,2017-2018,Moderate,140000,78000,200,150,3.7,1.6,5.3,45,50,47,0.91,1.9,105106A,105106A West Normanby River at Mount Sellheim
CY,West Normanby River at Mount Sellheim,105106A,2018-2019,Excellent,820000,390000,810,590,51,8.6,59,170,220,180,17,9.6,105106A,105106A West Normanby River at Mount Sellheim
CY,West Normanby River at Mount Sellheim,105106A,2019-2020,Excellent,140000,49000,130,77,12,0.7,13,41,29,26,2.4,1.6,105106A,105106A West Normanby River at Mount Sellheim
CY,West Normanby River at Mount Sellheim,105106A,2020-2021,Excellent,230000,56000,,,,,,,,,,,105106A,105106A West Normanby River at Mount Sellheim
CY,West Normanby River at Mount Sellheim,105106A,2020-2021,Good,230000,,170,100,12,1.3,13,57,39,35,2.7,2.9,105106A,105106A West Normanby River at Mount Sellheim
CY,West Normanby River at Mount Sellheim,105106A,2021-2022,Excellent,170000,63000,150,94,7,1.2,8.2,47,39,34,2.1,3,105106A,105106A West Normanby River at Mount Sellheim
CY,West Normanby River at Mount Sellheim,105106A,2022-2023,Good,390000,110000,290,170,13,9.8,23,95,60,54,4.2,4.8,105106A,105106A West Normanby River at Mount Sellheim
CY,West Normanby River at Mount Sellheim,105106A,2023-2024,Excellent,1000000,550000,1700,,70,25,95,240,380,,20,19,105106A,105106A West Normanby River at Mount Sellheim
CY,West Normanby River at Mount Sellheim,105106A,2023-2024,Good,1000000,,,1400,,,,,,350,,,105106A,105106A West Normanby River at Mount Sellheim
FI,Comet River at Comet Weir,GS130504B,2007-2008,Moderate,1243050.87,761682,1721,819,154,46,200,702,998,692,298,16,130504B,130504B Comet River at Comet Weir
FI,Comet River at Comet Weir,GS130504B,2008-2009,Good,191368.0951,,,,,,,,,,,,130504B,130504B Comet River at Comet Weir
FI,Comet River at Comet Weir,GS130504B,2009-2010,Good,2271923.712,1455773,2709,1561,159,47,206,943,1791,1223,471,94,130504B,130504B Comet River at Comet Weir
FI,Comet River at Comet Weir,GS130504B,2010-2011,Indicative,5439219.442,1348668,4996,2829,614,128,741,2227,2497,1502,921,90,130504B,130504B Comet River at Comet Weir
FI,Comet River at Comet Weir,GS130504B,2011-2012,Moderate,1107558.237,696008,1404,896,159,14,173,336,806,598,178,34,130504B,130504B Comet River at Comet Weir
FI,Comet River at Comet Weir,GS130504B,2012-2013,Good,110692.5379,61586,131,72,16,2,18,41,53,41,10,1,130504B,130504B Comet River at Comet Weir
FI,Comet River at Comet Weir,GS130504B,2014-2015,Good,101520.999,120000,210,140,20,2,22,46,130,110,18,4,130504B,130504B Comet River at Comet Weir
FI,Comet River at Comet Weir,GS130504B,2015-2016,Moderate,21736,35000,60,46,5,2,7,8,34,30,4,0,130504B,130504B Comet River at Comet Weir
FI,Comet River at Comet Weir,GS130504B,2016-2017,Good,120403.3561,140000,310,180,60,2,62,63,160,130,24,3,130504B,130504B Comet River at Comet Weir
FI,Comet River at Comet Weir,GS130504B,2017-2018,Good,69000,67000,120,79,9.8,1.4,11,33,64,52,11,1.8,130504B,130504B Comet River at Comet Weir
FI,Comet River at Comet Weir,GS130504B,2018-2019,Moderate,35000,34000,86,63,8.8,0.83,9.6,14,44,40,3.4,0.7,130504B,130504B Comet River at Comet Weir
FI,Comet River at Comet Weir,GS130504B,2019-2020,Excellent,150000,180000,390,270,45,2.6,48,68,200,180,19,2,130504B,130504B Comet River at Comet Weir
FI,Comet River at Comet Weir,GS130504B,2020-2021,Good,48000,42000,170,130,11,0.9,12,22,55,47,7.1,0.87,130504B,130504B Comet River at Comet Weir
FI,Comet River at Comet Weir,GS130504B,2021-2022,Good,170000,190000,410,220,94,5.3,100,88,210,170,31,7.3,130504B,130504B Comet River at Comet Weir
FI,Comet River at Comet Weir,GS130504B,2022-2023,Excellent,300000,98000,560,260,110,20,130,170,250,160,84,7.3,130504B,130504B Comet River at Comet Weir
FI,Dawson River at Neville Hewitt Weir Tailwater,Neville Hewitt Weir,2017-2018,Moderate,350000,110000,600,340,74,8.9,83,180,170,130,37,7.2,130361B,130361B Dawson River at Neville Hewitt Weir Tailwater
FI,Dawson River at Neville Hewitt Weir Tailwater,Neville Hewitt Weir,2018-2019,Good,17000,3000,20,11,3.3,0.49,3.8,5.3,5.4,3.5,1.4,0.4,130361B,130361B Dawson River at Neville Hewitt Weir Tailwater
FI,Dawson River at Neville Hewitt Weir Tailwater,Neville Hewitt Weir,2019-2020,Moderate,590000,770000,1700,,,,,,580,,,,130361B,130361B Dawson River at Neville Hewitt Weir Tailwater
FI,Dawson River at Neville Hewitt Weir Tailwater,Neville Hewitt Weir,2020-2021,Good,87000,22000,140,73,28,1.2,30,37,44,36,5.6,1.8,130361B,130361B Dawson River at Neville Hewitt Weir Tailwater
FI,Dawson River at Neville Hewitt Weir Tailwater,Neville Hewitt Weir,2021-2022,Good,1200000,630000,2600,1700,270,33,300,620,900,730,140,26,130361B,130361B Dawson River at Neville Hewitt Weir Tailwater
FI,Dawson River at Neville Hewitt Weir Tailwater,Neville Hewitt Weir,2022-2023,Moderate,500000,82000,570,360,93,1.7,94,320,180,160,92,9.2,130361B,130361B Dawson River at Neville Hewitt Weir Tailwater
FI,Dawson River at Neville Hewitt Weir Tailwater,Neville Hewitt Weir,2023-2024,Good,450000,19000,680,330,82,15,97,240,230,150,73,12,130361B,130361B Dawson River at Neville Hewitt Weir Tailwater
FI,Dawson River at Taroom,GS130302A,2010-2011,Moderate,4712790.312,1004782,6234,3764,124,84,208,2930,2733,1037,1451,185,130302A,130302A Dawson River at Taroom
FI,Dawson River at Taroom,GS130302A,2012-2013,Good,106612,28344,179,82,14,2,16,72,61,27,31,2,130302A,130302A Dawson River at Taroom
FI,Dawson River at Taroom,GS130302A,2013-2014,Good,46173,26308,86,39,11,1,12,24,32,21,10,1,130302A,130302A Dawson River at Taroom
FI,Dawson River at Taroom,GS130302A,2014-2015,Good,247257,130000,440,250,57,5,62,130,140,93,40,11,130302A,130302A Dawson River at Taroom
FI,Dawson River at Taroom,GS130302A,2015-2016,Excellent,244037,100000,400,220,29,6,35,140,140,94,44,6.1,130302A,130302A Dawson River at Taroom
FI,Dawson River at Taroom,GS130302A,2016-2017,Good,207777,63000,360,170,14,5.8,19,150,120,60,53,6.4,130302A,130302A Dawson River at Taroom
FI,Dawson River at Taroom,GS130302A,2017-2018,Moderate,240000,72000,380,200,32,9.6,42,150,130,76,50,6.4,130302A,130302A Dawson River at Taroom
FI,Dawson River at Taroom,GS130302A,2018-2019,Good,46000,29000,99,55,13,0.9,14,26,30,22,7,1.1,130302A,130302A Dawson River at Taroom
FI,Dawson River at Taroom,GS130302A,2019-2020,Good,370000,320000,1000,620,140,8.4,140,240,270,210,47,19,130302A,130302A Dawson River at Taroom
FI,Dawson River at Taroom,GS130302A,2020-2021,Good,120000,82000,300,180,38,1.9,40,76,84,67,13,4.7,130302A,130302A Dawson River at Taroom
FI,Dawson River at Taroom,GS130302A,2021-2022,Good,1100000,410000,1700,910,110,20,130,640,630,350,240,46,130302A,130302A Dawson River at Taroom
FI,Dawson River at Taroom,GS130302A,2022-2023,Good,390000,130000,650,330,49,4.7,54,270,290,130,140,13,130302A,130302A Dawson River at Taroom
FI,Dawson River at Taroom,GS130302A,2023-2024,Good,440000,97000,860,470,120,5.1,120,270,300,170,130,6.9,130302A,130302A Dawson River at Taroom
FI,Fitzroy River at Fitzroy River Water,GS1300000,2017-2018,Good,970000,410000,1400,740,280,7.2,290,360,590,480,91,9.8,1300040,1300040 Fitzroy River at Fitzroy River Water
FI,Fitzroy River at Fitzroy River Water,GS1300000,2018-2019,Good,1300000,110000,1100,320,250,16,270,550,250,160,59,22,1300040,1300040 Fitzroy River at Fitzroy River Water
FI,Fitzroy River at Fitzroy River Water,GS1300000,2019-2020,Excellent,2500000,930000,4200,2100,1000,28,1000,1100,1200,920,190,55,1300040,1300040 Fitzroy River at Fitzroy River Water
FI,Fitzroy River at Fitzroy River Water,GS1300000,2020-2021,Good,390000,16000,340,100,69,5,74,160,66,51,11,6.3,1300040,1300040 Fitzroy River at Fitzroy River Water
FI,Fitzroy River at Fitzroy River Water,GS1300000,2021-2022,Good,3500000,2000000,6100,3500,1100,34,1100,1500,2100,1800,280,53,1300040,1300040 Fitzroy River at Fitzroy River Water
FI,Fitzroy River at Fitzroy River Water,GS1300000,2022-2023,Good,3400000,690000,4100,1700,790,55,850,1500,1300,870,360,96,1300040,1300040 Fitzroy River at Fitzroy River Water
FI,Fitzroy River at Fitzroy River Water,GS1300000,2023-2024,Good,1800000,130000,2300,870,640,32,670,790,830,560,240,38,1300040,1300040 Fitzroy River at Fitzroy River Water
FI,Fitzroy River at Rockhampton,GS1300000,2006-2007,,872784,235443,,,,,,,,,,,1300040,1300040 Fitzroy River at Fitzroy River Water
FI,Fitzroy River at Rockhampton,GS1300000,2007-2008,Good,12414773,4920301,15692,9427,1623,233,1857,4389,5815,4703,1050,132,1300040,1300040 Fitzroy River at Fitzroy River Water
FI,Fitzroy River at Rockhampton,GS1300000,2008-2009,Good,2164758,474947,2068,801,440,20,460,782,714,471,210,31,1300040,1300040 Fitzroy River at Fitzroy River Water
FI,Fitzroy River at Rockhampton,GS1300000,2009-2010,Good,10961125,3563583,12989,4291,1945,115,2060,6646,5321,3863,1143,411,1300040,1300040 Fitzroy River at Fitzroy River Water
FI,Fitzroy River at Rockhampton,GS1300000,2010-2011,Good,38538796,6969482,35794,16834,3324,535,3859,15057,15148,8725,5080,1541,1300040,1300040 Fitzroy River at Fitzroy River Water
FI,Fitzroy River at Rockhampton,GS1300000,2011-2012,Good,7221975,1315051,6409,3043,866,81,947,2394,2652,1594,887,208,1300040,1300040 Fitzroy River at Fitzroy River Water
FI,Fitzroy River at Rockhampton,GS1300000,2012-2013,Good,9458169,2463048,9288,4282,710,211,921,4096,3705,2054,1530,151,1300040,1300040 Fitzroy River at Fitzroy River Water
FI,Fitzroy River at Rockhampton,GS1300000,2013-2014,Good,1601402,51619,1006,227,108,40,148,631,164,94,65,18,1300040,1300040 Fitzroy River at Fitzroy River Water
FI,Fitzroy River at Rockhampton,GS1300000,2014-2015,Good,2694137,900000,3200,1600,400,77,470,1100,1300,960,240,50,1300040,1300040 Fitzroy River at Fitzroy River Water
FI,Fitzroy River at Rockhampton,GS1300000,2015-2016,Excellent,2270843,670000,3300,1600,560,120,680,920,910,750,130,27,1300040,1300040 Fitzroy River at Fitzroy River Water
FI,Fitzroy River at Rockhampton,GS1300000,2016-2017,Excellent,7394895,2200000,8300,4800,830,80,910,2600,3500,2600,680,130,1300040,1300040 Fitzroy River at Fitzroy River Water
FI,Isaac River at May Downs Road Bridge,GS1304021,2017-2018,Moderate,170000,70000,280,200,25,3.7,29,73,110,100,8.8,2.6,1304021,1304021 Isaac River at May Downs Road Bridge
FI,Isaac River at May Downs Road Bridge,GS1304021,2019-2020,Good,980000,280000,1200,620,130,11,140,440,320,260,43,26,1304021,1304021 Isaac River at May Downs Road Bridge
FI,Isaac River at May Downs Road Bridge,GS1304021,2020-2021,Good,230000,120000,400,240,48,2.1,50,110,120,110,7.5,2.8,1304021,1304021 Isaac River at May Downs Road Bridge
FI,Isaac River at May Downs Road Bridge,GS1304021,2021-2022,Indicative,370000,250000,600,390,71,4.4,75,140,210,190,11,3.8,1304021,1304021 Isaac River at May Downs Road Bridge
FI,Isaac River at May Downs Road Bridge,GS1304021,2022-2023,Moderate,1200000,220000,1300,600,110,7.4,120,600,380,250,110,24,1304021,1304021 Isaac River at May Downs Road Bridge
FI,Isaac River at May Downs Road Bridge,GS1304021,2023-2024,Moderate,730000,22000,560,230,41,5,46,290,110,70,31,9.4,1304021,1304021 Isaac River at May Downs Road Bridge
FI,Mackenzie River at Rileys Crossing,GS130113A,2017-2018,Good,170000,170000,310,170,59,4.5,63,83,130,100,22,3.8,130113A,130113A Mackenzie River at Rileys Crossing
FI,Mackenzie River at Rileys Crossing,GS130113A,2018-2019,Good,110000,140000,310,220,36,2.1,38,48,150,130,9.9,1.9,130113A,130113A Mackenzie River at Rileys Crossing
FI,Mackenzie River at Rileys Crossing,GS130113A,2019-2020,Excellent,220000,240000,500,340,69,4.6,73,92,250,220,23,3.2,130113A,130113A Mackenzie River at Rileys Crossing
FI,Mackenzie River at Rileys Crossing,GS130113A,2020-2021,Good,120000,93000,260,170,35,2.8,38,49,100,91,12,2,130113A,130113A Mackenzie River at Rileys Crossing
FI,Mackenzie River at Rileys Crossing,GS130113A,2021-2022,Good,570000,740000,1500,1100,170,13,180,220,650,580,61,12,130113A,130113A Mackenzie River at Rileys Crossing
FI,Mackenzie River at Rileys Crossing,GS130113A,2022-2023,Excellent,840000,310000,1400,630,350,28,380,420,510,340,150,14,130113A,130113A Mackenzie River at Rileys Crossing
FI,Mackenzie River at Rileys Crossing,GS130113A,2023-2024,Good,430000,98000,840,520,120,7.5,130,200,540,440,95,5.5,130113A,130113A Mackenzie River at Rileys Crossing
FI,Theresa Creek at Gregory Highway,GS130206A,2007-2008,,1534545,,,,,,,,,,,,130206A,130206A Theresa Creek at Gregory Highway
FI,Theresa Creek at Gregory Highway,GS130206A,2008-2009,,81944,,,,,,,,,,,,130206A,130206A Theresa Creek at Gregory Highway
FI,Theresa Creek at Gregory Highway,GS130206A,2009-2010,,281165,,,,,,,,,,,,130206A,130206A Theresa Creek at Gregory Highway
FI,Theresa Creek at Gregory Highway,GS130206A,2010-2011,Indicative,1272881,331900,1277,645,68,20,87,427,483,256,163,28,130206A,130206A Theresa Creek at Gregory Highway
FI,Theresa Creek at Gregory Highway,GS130206A,2011-2012,Moderate,497594,89145,396,184,29,5,33,177,169,96,59,14,130206A,130206A Theresa Creek at Gregory Highway
FI,Theresa Creek at Gregory Highway,GS130206A,2012-2013,,95770,,,,,,,,,,,,130206A,130206A Theresa Creek at Gregory Highway
FI,Theresa Creek at Gregory Highway,GS130206A,2014-2015,Moderate,91602,81000,140,96,5.6,1,6.6,37,63,48,11,3.4,130206A,130206A Theresa Creek at Gregory Highway
FI,Theresa Creek at Gregory Highway,GS130206A,2015-2016,Good,72896,120000,150,110,8.1,0.72,8.8,26,74,65,7.6,1.7,130206A,130206A Theresa Creek at Gregory Highway
FI,Theresa Creek at Gregory Highway,GS130206A,2016-2017,Good,159775,160000,370,190,99,2.8,100,77,140,110,28,5.7,130206A,130206A Theresa Creek at Gregory Highway
FI,Theresa Creek at Gregory Highway,GS130206A,2017-2018,Moderate,59000,110000,130,82,18,0.44,19,31,54,47,5.6,1.6,130206A,130206A Theresa Creek at Gregory Highway
FI,Theresa Creek at Gregory Highway,GS130206A,2018-2019,Good,72000,64000,170,110,27,0.59,27,32,61,51,7.8,2.2,130206A,130206A Theresa Creek at Gregory Highway
FI,Theresa Creek at Gregory Highway,GS130206A,2019-2020,Good,43000,46000,100,78,8,0.23,8.3,17,43,39,3.6,0.46,130206A,130206A Theresa Creek at Gregory Highway
FI,Theresa Creek at Gregory Highway,GS130206A,2020-2021,Good,98000,83000,240,150,41,1,42,42,87,75,11,1.1,130206A,130206A Theresa Creek at Gregory Highway
FI,Theresa Creek at Gregory Highway,GS130206A,2021-2022,Excellent,440000,420000,780,530,73,3.4,76,170,330,270,49,5.3,130206A,130206A Theresa Creek at Gregory Highway
FI,Theresa Creek at Gregory Highway,GS130206A,2022-2023,Excellent,400000,140000,520,260,81,3,84,170,180,120,62,7.7,130206A,130206A Theresa Creek at Gregory Highway
FI,Theresa Creek at Gregory Highway,GS130206A,2023-2024,Good,60000,7200,91,40,15,0.75,15,35,38,19,18,0.83,130206A,130206A Theresa Creek at Gregory Highway
MW,Andromach River at Jochheims,gauge_124003A_AndromacheRvJochheims,2007-2008,Indicative,176918,43857,231,155,12,2,14,63,62,52,12,2,124003A,124003A Andromach River at Jochheims
MW,Andromach River at Jochheims,gauge_124003A_AndromacheRvJochheims,2008-2009,Moderate,92611,28941,117,82,6,1,7,28,29,23,5,1,124003A,124003A Andromach River at Jochheims
MW,Blacks Creek at Whitefords,gauge_125005A_BlacksCkWhitefords,2007-2008,Indicative,329560,82778,429,184,23,11,34,211,90,65,22,4,125005A,125005A Blacks Creek at Whitefords
MW,Blacks Creek at Whitefords,gauge_125005A_BlacksCkWhitefords,2008-2009,Moderate,235953,79466,322,226,25,3,27,68,86,76,9,3,125005A,125005A Blacks Creek at Whitefords
MW,Cattle Ck at Gargett,extraction_CattleCkGargett_125004A,2006-2007,Good,495496,147301,1022,630,144,4,148,244,202,167,34,5,125004A,125004A Cattle Ck at Gargett
MW,Cattle Ck at Gargett,extraction_CattleCkGargett_125004A,2007-2008,Indicative,574467,27359,473,60,100,25,125,312,55,34,19,6,125004A,125004A Cattle Ck at Gargett
MW,Cattle Ck at Gargett,extraction_CattleCkGargett_125004A,2008-2009,Moderate,424007,229608,803,558,77,6,83,162,182,149,27,7,125004A,125004A Cattle Ck at Gargett
MW,O'Connell River at Caravan Park,Outlet Node12,2007-2008,Indicative,630539,141778,783,483,48,16,64,236,175,155,25,6,1240062,1240062 O'Connell River at Caravan Park
MW,O'Connell River at Caravan Park,Outlet Node12,2008-2009,Good,400976,156229,561,378,26,21,26,21,47,103,20,4,1240062,1240062 O'Connell River at Caravan Park
MW,O'Connell River at Caravan Park,Outlet Node12,2013-2014,Moderate,182099,8532,194,79,12,32,45,70,40,28,7.2,3.9,1240062,1240062 O'Connell River at Caravan Park
MW,O'Connell River at Caravan Park,Outlet Node12,2014-2015,Good,44345,12000,77,46,4.9,3.3,8.2,23,11,9.2,0.78,0.61,1240062,1240062 O'Connell River at Caravan Park
MW,O'Connell River at Caravan Park,Outlet Node12,2015-2016,Good,58338,9900,78,39,9.4,4,13,26,12,8.8,1.4,1.6,1240062,1240062 O'Connell River at Caravan Park
MW,O'Connell River at Caravan Park,Outlet Node12,2016-2017,Excellent,450407.4084,130000,610,400,15,16,31,180,120,100,8.2,6.6,1240062,1240062 O'Connell River at Caravan Park
MW,O'Connell River at Caravan Park,Outlet Node12,2017-2018,Excellent,150000,14000,110,51,7.1,3.1,10,51,17,12,2.5,3,1240062,1240062 O'Connell River at Caravan Park
MW,O'Connell River at Caravan Park,Outlet Node12,2018-2019,Excellent,860000,110000,740,340,110,35,140,260,180,110,56,12,1240062,1240062 O'Connell River at Caravan Park
MW,O'Connell River at Caravan Park,Outlet Node12,2019-2020,Good,140000,16000,180,58,47,3.4,50,67,20,13,5.3,1.4,1240062,1240062 O'Connell River at Caravan Park
MW,O'Connell River at Caravan Park,Outlet Node12,2020-2021,Excellent,180000,7200,300,61,120,24,150,96,50,15,31,5.1,1240062,1240062 O'Connell River at Caravan Park
MW,O'Connell River at Caravan Park,Outlet Node12,2021-2022,Excellent,120000,13000,130,57,11,3.1,14,58,17,12,3.4,2.1,1240062,1240062 O'Connell River at Caravan Park
MW,O'Connell River at Caravan Park,Outlet Node12,2022-2023,Excellent,430000,45000,420,190,41,37,78,160,110,48,61,5.3,1240062,1240062 O'Connell River at Caravan Park
MW,O'Connell River at Caravan Park,Outlet Node12,2023-2024,Excellent,130000,7800,140,59,18,6.1,24,54,19,12,5.5,1.9,1240062,1240062 O'Connell River at Caravan Park
MW,O'Connell River at Stafford's Crossing,gauge_124001B_OConnellRvStaffordsCrossing,2006-2007,Indicative,180061,24781,173,43,24,4,29,101,15,8,6,2,124001B,124001B O'Connell River at Stafford's Crossing
MW,O'Connell River at Stafford's Crossing,gauge_124001B_OConnellRvStaffordsCrossing,2007-2008,Moderate,258792,53727,224,100,13,5,18,107,27,20,5,3,124001B,124001B O'Connell River at Stafford's Crossing
MW,O'Connell River at Stafford's Crossing,gauge_124001B_OConnellRvStaffordsCrossing,2008-2009,Good,192649,33674,139,79,7,2,8,52,15,12,3,2,124001B,124001B O'Connell River at Stafford's Crossing
MW,O'Connell River at Stafford's Crossing,gauge_124001B_OConnellRvStaffordsCrossing,2016-2017,Excellent,223992.7322,68000,370,260,13,7.5,20,88,72,61,6.6,3.2,124001B,124001B O'Connell River at Stafford's Crossing
MW,O'Connell River at Stafford's Crossing,gauge_124001B_OConnellRvStaffordsCrossing,2017-2018,Excellent,71000,9400,67,32,4.8,0.83,5.6,27,9.9,7.5,1.1,1.2,124001B,124001B O'Connell River at Stafford's Crossing
MW,O'Connell River at Stafford's Crossing,gauge_124001B_OConnellRvStaffordsCrossing,2018-2019,Excellent,330000,60000,290,160,40,2.7,43,92,64,49,10,3.6,124001B,124001B O'Connell River at Stafford's Crossing
MW,O'Connell River at Stafford's Crossing,gauge_124001B_OConnellRvStaffordsCrossing,2019-2020,Excellent,85000,13000,93,39,12,1,13,41,12,8.9,2.4,0.92,124001B,124001B O'Connell River at Stafford's Crossing
MW,O'Connell River at Stafford's Crossing,gauge_124001B_OConnellRvStaffordsCrossing,2020-2021,Excellent,59000,4300,49,20,6.3,0.6,6.9,23,5.5,4.1,1.1,0.88,124001B,124001B O'Connell River at Stafford's Crossing
MW,O'Connell River at Stafford's Crossing,gauge_124001B_OConnellRvStaffordsCrossing,2021-2022,Excellent,46000,4100,42,17,2.9,1,4,21,5.6,4.1,0.95,0.82,124001B,124001B O'Connell River at Stafford's Crossing
MW,O'Connell River at Stafford's Crossing,gauge_124001B_OConnellRvStaffordsCrossing,2022-2023,Excellent,210000,32000,170,100,13,2,15,56,30,23,5.5,2.1,124001B,124001B O'Connell River at Stafford's Crossing
MW,Pioneer River at Dumbleton Pump Station Headwater,gauge_125013A_PioneerRvDumbletonPumpStation,2006-2007,Good,884963,126954,851,348,160,46,206,291,161,123,35,10,125013A,125013A Pioneer River at Dumbleton Pump Station Headwater
MW,Pioneer River at Dumbleton Pump Station Headwater,gauge_125013A_PioneerRvDumbletonPumpStation,2007-2008,Excellent,1364326,252492,1357,777,138,36,174,405,314,250,62,17,125013A,125013A Pioneer River at Dumbleton Pump Station Headwater
MW,Pioneer River at Dumbleton Pump Station Headwater,gauge_125013A_PioneerRvDumbletonPumpStation,2008-2009,Good,927461,155739,1013,610,98,17,115,289,227,179,44,12,125013A,125013A Pioneer River at Dumbleton Pump Station Headwater
MW,Pioneer River at Dumbleton Pump Station Headwater,gauge_125013A_PioneerRvDumbletonPumpStation,2009-2010,Good,1326065,373818,1929,962,420,57,477,372,488,267,84,10,125013A,125013A Pioneer River at Dumbleton Pump Station Headwater
MW,Pioneer River at Dumbleton Pump Station Headwater,gauge_125013A_PioneerRvDumbletonPumpStation,2010-2011,Excellent,3372934,819023,4098,2748,548,95,643,711,1013,816,109,100,125013A,125013A Pioneer River at Dumbleton Pump Station Headwater
MW,Pioneer River at Dumbleton Pump Station Headwater,gauge_125013A_PioneerRvDumbletonPumpStation,2011-2012,Excellent,1216712,210830,1295,822,195,31,226,245,302,245,37,27,125013A,125013A Pioneer River at Dumbleton Pump Station Headwater
MW,Pioneer River at Dumbleton Pump Station Headwater,gauge_125013A_PioneerRvDumbletonPumpStation,2012-2013,Excellent,1247976,131796,1046,507,210,43,253,288,206,157,45,13,125013A,125013A Pioneer River at Dumbleton Pump Station Headwater
MW,Pioneer River at Dumbleton Pump Station Headwater,gauge_125013A_PioneerRvDumbletonPumpStation,2013-2014,Excellent,581628,35372,635,205,228,29,258,174,86,54,25,8.9,125013A,125013A Pioneer River at Dumbleton Pump Station Headwater
MW,Pioneer River at Dumbleton Pump Station Headwater,gauge_125013A_PioneerRvDumbletonPumpStation,2014-2015,Good,131108.4835,3600,120,35,31,11,42,43,14,7.1,5.3,1.7,125013A,125013A Pioneer River at Dumbleton Pump Station Headwater
MW,Pioneer River at Dumbleton Pump Station Headwater,gauge_125013A_PioneerRvDumbletonPumpStation,2015-2016,Excellent,437524,44000,500,200,110,30,140,160,88,54,23,9.3,125013A,125013A Pioneer River at Dumbleton Pump Station Headwater
MW,Pioneer River at Dumbleton Pump Station Headwater,gauge_125013A_PioneerRvDumbletonPumpStation,2016-2017,Good,1377368.769,110000,1400,430,370,81,450,500,240,150,65,25,125013A,125013A Pioneer River at Dumbleton Pump Station Headwater
MW,Pioneer River at Dumbleton Pump Station Headwater,gauge_125013A_PioneerRvDumbletonPumpStation,2017-2018,Excellent,230000,7000,170,45,39,15,55,69,26,15,8.1,3.4,125013A,125013A Pioneer River at Dumbleton Pump Station Headwater
MW,Pioneer River at Dumbleton Pump Station Headwater,gauge_125013A_PioneerRvDumbletonPumpStation,2018-2019,Excellent,970000,55000,920,240,350,49,400,270,140,78,46,14,125013A,125013A Pioneer River at Dumbleton Pump Station Headwater
MW,Pioneer River at Dumbleton Pump Station Headwater,gauge_125013A_PioneerRvDumbletonPumpStation,2019-2020,Excellent,430000,22000,360,110,95,24,120,140,59,36,19,4.6,125013A,125013A Pioneer River at Dumbleton Pump Station Headwater
MW,Pioneer River at Dumbleton Pump Station Headwater,gauge_125013A_PioneerRvDumbletonPumpStation,2020-2021,Excellent,220000,3200,180,32,59,8.6,68,82,25,11,13,3.6,125013A,125013A Pioneer River at Dumbleton Pump Station Headwater
MW,Pioneer River at Dumbleton Pump Station Headwater,gauge_125013A_PioneerRvDumbletonPumpStation,2021-2022,Excellent,200000,2900,110,29,20,6.6,27,57,18,9.4,6.9,2.5,125013A,125013A Pioneer River at Dumbleton Pump Station Headwater
MW,Pioneer River at Dumbleton Pump Station Headwater,gauge_125013A_PioneerRvDumbletonPumpStation,2022-2023,Excellent,710000,100000,,,97,36,130,220,,,36,7.7,125013A,125013A Pioneer River at Dumbleton Pump Station Headwater
MW,Pioneer River at Dumbleton Pump Station Headwater,gauge_125013A_PioneerRvDumbletonPumpStation,2022-2023,Good,710000,,850,500,,,,,180,130,,,125013A,125013A Pioneer River at Dumbleton Pump Station Headwater
MW,Pioneer River at Dumbleton Pump Station Headwater,gauge_125013A_PioneerRvDumbletonPumpStation,2023-2024,Excellent,540000,5900,320,94,63,15,78,150,54,23,25,7.6,125013A,125013A Pioneer River at Dumbleton Pump Station Headwater
MW,Plane Creek at Sucrogen Weir,gauge_1260122_PlaneCkSucrogenWeir,2017-2018,Good,5200,170,4,1.3,0.49,0.19,0.68,2.1,0.87,0.37,0.38,0.12,1260122,1260122 Plane Creek at Sucrogen Weir
MW,Plane Creek at Sucrogen Weir,gauge_1260122_PlaneCkSucrogenWeir,2018-2019,Excellent,56000,3400,54,22,8.9,1.1,10,21,11,5.4,3.9,1.4,1260122,1260122 Plane Creek at Sucrogen Weir
MW,Plane Creek at Sucrogen Weir,gauge_1260122_PlaneCkSucrogenWeir,2019-2020,Good,38000,6300,55,33,4.1,0.56,4.6,18,13,8.2,4.2,0.83,1260122,1260122 Plane Creek at Sucrogen Weir
MW,Plane Creek at Sucrogen Weir,gauge_1260122_PlaneCkSucrogenWeir,2020-2021,Good,14000,710,14,5.5,1.6,0.29,1.9,6.5,3.2,1.3,1.5,0.39,1260122,1260122 Plane Creek at Sucrogen Weir
MW,Plane Creek at Sucrogen Weir,gauge_1260122_PlaneCkSucrogenWeir,2021-2022,Excellent,22000,1400,26,11,3.8,0.42,4.2,11,6.7,3,3,0.7,1260122,1260122 Plane Creek at Sucrogen Weir
MW,Plane Creek at Sucrogen Weir,gauge_1260122_PlaneCkSucrogenWeir,2022-2023,Excellent,43000,2100,35,14,4.2,0.65,4.8,16,8.7,3.4,4.7,0.7,1260122,1260122 Plane Creek at Sucrogen Weir
MW,Plane Creek at Sucrogen Weir,gauge_1260122_PlaneCkSucrogenWeir,2023-2024,Excellent,30000,5200,65,41,5.6,1.3,6.9,18,14,8.7,4.1,0.82,1260122,1260122 Plane Creek at Sucrogen Weir
MW,Proserpine River at Glen Isla,gauge_122013A_ProserpineRvGlenIsla,2016-2017,Excellent,573606.3978,94000,570,290,84,15,99,180,170,100,53,11,122013A,122013A Proserpine River at Glen Isla
MW,Proserpine River at Glen Isla,gauge_122013A_ProserpineRvGlenIsla,2017-2018,Excellent,160000,36000,190,81,30,6.5,36,70,54,34,17,4.3,122013A,122013A Proserpine River at Glen Isla
MW,Proserpine River at Glen Isla,gauge_122013A_ProserpineRvGlenIsla,2018-2019,Excellent,310000,54000,380,130,85,18,100,140,88,48,31,7.7,122013A,122013A Proserpine River at Glen Isla
MW,Proserpine River at Glen Isla,gauge_122013A_ProserpineRvGlenIsla,2019-2020,Excellent,130000,30000,210,71,57,8.4,65,74,44,28,14,2.2,122013A,122013A Proserpine River at Glen Isla
MW,Proserpine River at Glen Isla,gauge_122013A_ProserpineRvGlenIsla,2020-2021,Excellent,250000,56000,360,160,64,11,75,130,100,63,29,8.3,122013A,122013A Proserpine River at Glen Isla
MW,Proserpine River at Glen Isla,gauge_122013A_ProserpineRvGlenIsla,2021-2022,Good,210000,66000,330,130,78,8.7,86,110,80,53,24,3.8,122013A,122013A Proserpine River at Glen Isla
MW,Proserpine River at Glen Isla,gauge_122013A_ProserpineRvGlenIsla,2022-2023,Good,270000,28000,260,86,44,10,54,120,72,35,31,4.8,122013A,122013A Proserpine River at Glen Isla
MW,Proserpine River at Glen Isla,gauge_122013A_ProserpineRvGlenIsla,2023-2024,Good,87000,19000,110,51,11,3.9,15,46,31,20,9.3,1.8,122013A,122013A Proserpine River at Glen Isla
MW,Sandy Creek at Homebush,gauge_126001A_SandyCkHomebush,2009-2010,Good,364569,37814,397,179,81,5,86,131,97,66,37,5,126001A,126001A Sandy Creek at Homebush
MW,Sandy Creek at Homebush,gauge_126001A_SandyCkHomebush,2010-2011,Excellent,627058,63116,586,263,65,20,85,240,158,79,66,19,126001A,126001A Sandy Creek at Homebush
MW,Sandy Creek at Homebush,gauge_126001A_SandyCkHomebush,2011-2012,Good,351376,31359,255,150,20,3,24,81,108,54,47,9,126001A,126001A Sandy Creek at Homebush
MW,Sandy Creek at Homebush,gauge_126001A_SandyCkHomebush,2012-2013,Good,264897,11333,200,63,38,3.6,42,96,53,19,32,4.2,126001A,126001A Sandy Creek at Homebush
MW,Sandy Creek at Homebush,gauge_126001A_SandyCkHomebush,2013-2014,Excellent,93818,15060,157,51,46,3.9,50,56,29,15,11,2.7,126001A,126001A Sandy Creek at Homebush
MW,Sandy Creek at Homebush,gauge_126001A_SandyCkHomebush,2014-2015,Excellent,32745.8268,4400,62,19,21,1.3,22,22,12,5.5,5.8,1.1,126001A,126001A Sandy Creek at Homebush
MW,Sandy Creek at Homebush,gauge_126001A_SandyCkHomebush,2015-2016,Excellent,93177,8400,140,40,36,2.5,39,59,31,12,16,3.8,126001A,126001A Sandy Creek at Homebush
MW,Sandy Creek at Homebush,gauge_126001A_SandyCkHomebush,2016-2017,Excellent,346423.5756,55000,390,200,44,8,52,150,120,74,37,9.2,126001A,126001A Sandy Creek at Homebush
MW,Sandy Creek at Homebush,gauge_126001A_SandyCkHomebush,2017-2018,Excellent,34000,3400,53,16,13,1.1,14,22,12,5.6,5,1.4,126001A,126001A Sandy Creek at Homebush
MW,Sandy Creek at Homebush,gauge_126001A_SandyCkHomebush,2018-2019,Excellent,160000,13000,190,66,33,3.6,36,89,48,21,21,5.8,126001A,126001A Sandy Creek at Homebush
MW,Sandy Creek at Homebush,gauge_126001A_SandyCkHomebush,2019-2020,Excellent,120000,12000,150,55,30,1.8,32,63,34,17,14,2.6,126001A,126001A Sandy Creek at Homebush
MW,Sandy Creek at Homebush,gauge_126001A_SandyCkHomebush,2020-2021,Excellent,55000,4600,90,21,26,1.4,28,41,18,7,9.3,1.9,126001A,126001A Sandy Creek at Homebush
MW,Sandy Creek at Homebush,gauge_126001A_SandyCkHomebush,2021-2022,Excellent,29000,1700,40,9,11,0.65,11,19,9.3,3.8,4.4,1,126001A,126001A Sandy Creek at Homebush
MW,Sandy Creek at Homebush,gauge_126001A_SandyCkHomebush,2022-2023,Excellent,180000,11000,200,58,48,2.4,51,93,54,19,31,3.3,126001A,126001A Sandy Creek at Homebush
MW,Sandy Creek at Homebush,gauge_126001A_SandyCkHomebush,2023-2024,Good,59000,5200,98,33,18,1.5,20,44,24,12,10,2,126001A,126001A Sandy Creek at Homebush
MW,Sandy Creek South Branch at Downstream Sorbellos Road,,2021-2022,Excellent,3600,950,8.6,4.1,1.7,0.13,1.8,2.7,2.3,1.4,0.83,0.16,1260117,1260117 Sandy Creek South Branch at Downstream Sorbellos Road
MW,Sandy Creek South Branch at Downstream Sorbellos Road,,2022-2023,Good,32000,12000,96,39,29,2,31,26,21,11,9.2,0.86,1260117,1260117 Sandy Creek South Branch at Downstream Sorbellos Road
WT,Barron River at Myola,BR04,2006-2007,Moderate,470249,69280,398,217,26,5,31,151,50,39,6,7,110001D,110001D Barron River at Myola
WT,Barron River at Myola,BR04,2007-2008,Excellent,1582454,383139,1832,1120,83,13,95,617,298,255,25,21,110001D,110001D Barron River at Myola
WT,Barron River at Myola,BR04,2008-2009,Excellent,781075,305969,893,527,27,7,34,364,133,126,4,8,110001D,110001D Barron River at Myola
WT,Barron River at Myola,BR04,2009-2010,Good,532775,174425,827,594,43,7,50,187,147,135,10,5,110001D,110001D Barron River at Myola
WT,Barron River at Myola,BR04,2010-2011,Excellent,1863908,365844,2087,1505,86,25,111,471,410,357,22,50,110001D,110001D Barron River at Myola
WT,Barron River at Myola,BR04,2011-2012,Good,767359,164146,893,592,47,7,54,253,143,121,6,18,110001D,110001D Barron River at Myola
WT,Barron River at Myola,BR04,2012-2013,Excellent,364992,99116,455,272,37,6.9,44,140,83,72,8,3.7,110001D,110001D Barron River at Myola
WT,Barron River at Myola,BR04,2013-2014,Excellent,558821,108241,625,422,22,11,33,168,57,38,1.5,19,110001D,110001D Barron River at Myola
WT,Barron River at Myola,BR04,2014-2015,Excellent,382072.4773,47000,290,150,38,6.8,45,96,41,37,2.6,4.2,110001D,110001D Barron River at Myola
WT,Barron River at Myola,BR04,2015-2016,Good,175738,14000,130,46,20,2.6,23,65,12,9.4,1,1.8,110001D,110001D Barron River at Myola
WT,Barron River at Myola,BR04,2016-2017,Excellent,274288.3427,110000,470,400,8.4,4.4,13,110,67,78,2,3.8,110001D,110001D Barron River at Myola
WT,Barron River at Myola,BR04,2017-2018,Excellent,760000,190000,830,510,38,8.9,47,280,120,100,4.1,12,110001D,110001D Barron River at Myola
WT,Barron River at Myola,BR04,2018-2019,Excellent,1300000,170000,910,470,100,19,120,320,120,100,8,13,110001D,110001D Barron River at Myola
WT,Barron River at Myola,BR04,2019-2020,Excellent,300000,36000,220,98,26,4.4,30,86,29,25,2.2,4.3,110001D,110001D Barron River at Myola
WT,Barron River at Myola,BR04,2020-2021,Excellent,460000,50000,380,160,43,8,51,160,49,33,5.6,12,110001D,110001D Barron River at Myola
WT,Barron River at Myola,BR04,2021-2022,Excellent,500000,45000,370,150,50,18,66,140,46,34,4.5,11,110001D,110001D Barron River at Myola
WT,Barron River at Myola,BR04,2022-2023,Excellent,960000,76000,720,320,110,9.3,120,270,90,71,13,11,110001D,110001D Barron River at Myola
WT,Barron River at Myola,BR04,2023-2024,Good,2800000,670000,3200,,,,,,510,,,,110001D,110001D Barron River at Myola
WT,Barron River at Myola,BR04,2023-2024,Moderate,2800000,,,1900,330,110,440,890,,420,44,58,110001D,110001D Barron River at Myola
WT,Daintree River at Lower Daintree,1080025,2017-2018,Excellent,1800000,190000,1200,660,110,29,140,350,170,150,6.3,18,1080025,1080025 Daintree River at Lower Daintree
WT,Daintree River at Lower Daintree,1080025,2018-2019,Excellent,3700000,420000,2100,1300,270,62,330,520,300,260,14,37,1080025,1080025 Daintree River at Lower Daintree
WT,Daintree River at Lower Daintree,1080025,2019-2020,Excellent,770000,93000,580,310,95,14,110,180,74,64,3.3,10,1080025,1080025 Daintree River at Lower Daintree
WT,Daintree River at Lower Daintree,1080025,2020-2021,Excellent,1500000,55000,600,260,91,25,120,230,78,58,5.8,20,1080025,1080025 Daintree River at Lower Daintree
WT,Daintree River at Lower Daintree,1080025,2021-2022,Excellent,1700000,110000,850,450,120,25,140,260,110,92,6.2,21,1080025,1080025 Daintree River at Lower Daintree
WT,Daintree River at Lower Daintree,1080025,2022-2023,Excellent,2800000,260000,1600,940,190,39,230,430,180,150,12,29,1080025,1080025 Daintree River at Lower Daintree
WT,Daintree River at Lower Daintree,1080025,2023-2024,Excellent,4700000,860000,3100,2100,350,110,460,540,530,480,13,51,1080025,1080025 Daintree River at Lower Daintree
WT,Herbert River at Ingham,HE05,2006-2007,Good,4350993,683986,2500,1483,231,23,254,762,513,361,52,108,1160119,1160119 Herbert River at John Row Bridge
WT,Herbert River at Ingham,HE05,2007-2008,,3312560,5650,1144,171,577,11,588,199,35,33,15,33,1160119,1160119 Herbert River at John Row Bridge
WT,Herbert River at Ingham,HE05,2008-2009,,9495201,19948,3708,461,1952,61,2013,822,95,95,43,95,1160119,1160119 Herbert River at John Row Bridge
WT,Herbert River at Ingham,HE05,2009-2010,Excellent,2962209,336382,2175,916,287,49,336,941,337,223,32,92,1160119,1160119 Herbert River at John Row Bridge
WT,Herbert River at Ingham,HE05,2010-2011,Good,11451334,1571603,8878,4867,1243,147,1390,2678,1454,1187,123,306,1160119,1160119 Herbert River at John Row Bridge
WT,Herbert River at Ingham,HE05,2011-2012,Good,4096068,160832,3108,836,1218,39,1256,894,273,197,28,86,1160119,1160119 Herbert River at John Row Bridge
WT,Herbert River at Ingham,HE05,2012-2013,Good,2951239,379457,3335,1058,1466,63,1529,751,313,250,45,32,1160119,1160119 Herbert River at John Row Bridge
WT,Herbert River at Ingham,HE05,2013-2014,Excellent,3971973,386721,2609,1142,705,57,762,688,367,334,25,40,1160119,1160119 Herbert River at John Row Bridge
WT,Herbert River at Ingham,HE05,2014-2015,Good,994666.2322,59000,550,180,140,14,160,210,41,33,3.8,10,1160119,1160119 Herbert River at John Row Bridge
WT,Herbert River at Ingham,HE05,2015-2016,Good,1565005,58000,840,230,250,23,270,350,74,57,11,16,1160119,1160119 Herbert River at John Row Bridge
WT,Herbert River at Ingham,HE05,2016-2017,Good,2313392.366,80000,1100,310,240,35,270,510,110,77,12,33,1160119,1160119 Herbert River at John Row Bridge
WT,Herbert River at John Row Bridge,HE05,2017-2018,Good,5000000,480000,3000,1000,420,42,450,1500,410,350,20,52,1160119,1160119 Herbert River at John Row Bridge
WT,Herbert River at John Row Bridge,HE05,2018-2019,Excellent,5100000,360000,2900,1100,780,56,830,890,320,260,34,51,1160119,1160119 Herbert River at John Row Bridge
WT,Herbert River at John Row Bridge,HE05,2019-2020,Good,1400000,38000,640,130,210,13,220,290,55,42,9.7,15,1160119,1160119 Herbert River at John Row Bridge
WT,Herbert River at John Row Bridge,HE05,2020-2021,Excellent,5700000,530000,3500,1400,600,44,640,1500,510,410,48,75,1160119,1160119 Herbert River at John Row Bridge
WT,Herbert River at John Row Bridge,HE05,2021-2022,Excellent,2700000,150000,1300,460,280,18,300,510,140,110,21,34,1160119,1160119 Herbert River at John Row Bridge
WT,Herbert River at John Row Bridge,HE05,2022-2023,Excellent,4200000,190000,2100,840,340,26,370,870,240,180,31,50,1160119,1160119 Herbert River at John Row Bridge
WT,Herbert River at John Row Bridge,HE05,2023-2024,Moderate,7000000,520000,3800,1600,480,36,510,1700,530,370,64,130,1160119,1160119 Herbert River at John Row Bridge
WT,Johnstone River at Coquette Point,1120054,2015-2016,Good,2244576,78000,740,300,200,57,260,180,210,130,10,75,1120054,1120054 Johnstone River at Coquette Point
WT,Johnstone River at Coquette Point,1120054,2016-2017,Excellent,3273490.379,180000,1600,750,370,95,460,350,430,330,20,93,1120054,1120054 Johnstone River at Coquette Point
WT,Johnstone River at Coquette Point,1120054,2017-2018,Excellent,2900000,210000,1400,730,300,73,370,330,430,360,14,67,1120054,1120054 Johnstone River at Coquette Point
WT,Johnstone River at Coquette Point,1120054,2018-2019,Excellent,3500000,86000,1200,390,430,110,550,290,170,130,13,53,1120054,1120054 Johnstone River at Coquette Point
WT,Johnstone River at Coquette Point,1120054,2019-2020,Excellent,2300000,80000,760,290,240,45,290,190,140,100,10,37,1120054,1120054 Johnstone River at Coquette Point
WT,Johnstone River at Coquette Point,1120054,2020-2021,Excellent,3200000,98000,1200,380,360,53,410,390,210,150,19,62,1120054,1120054 Johnstone River at Coquette Point
WT,Johnstone River at Coquette Point,1120054,2021-2022,Excellent,3500000,210000,2200,1000,580,110,690,560,440,380,28,57,1120054,1120054 Johnstone River at Coquette Point
WT,Johnstone River at Coquette Point,1120054,2022-2023,Good,3900000,150000,1600,700,390,110,510,380,260,220,20,43,1120054,1120054 Johnstone River at Coquette Point
WT,Johnstone River at Coquette Point,1120054,2023-2024,Good,5800000,280000,2800,1300,680,150,830,560,640,580,34,78,1120054,1120054 Johnstone River at Coquette Point
WT,Mulgrave River at Deeral,1110056,2014-2015,Excellent,1189788.244,18000,470,110,190,18,200,160,45,35,9.2,13,1110056,1110056 Mulgrave River at Deeral
WT,Mulgrave River at Deeral,1110056,2015-2016,Excellent,728193,16000,320,110,110,11,120,81,33,23,6.3,9.5,1110056,1110056 Mulgrave River at Deeral
WT,Mulgrave River at Deeral,1110056,2016-2017,Excellent,1025900.363,26000,470,120,190,12,200,150,49,37,9.1,11,1110056,1110056 Mulgrave River at Deeral
WT,Mulgrave River at Deeral,1110056,2017-2018,Excellent,1500000,53000,660,200,200,24,230,230,95,73,14,16,1110056,1110056 Mulgrave River at Deeral
WT,Mulgrave River at Deeral,1110056,2018-2019,Excellent,2000000,47000,780,230,290,21,310,250,94,71,15,20,1110056,1110056 Mulgrave River at Deeral
WT,Mulgrave River at Deeral,1110056,2019-2020,Excellent,810000,15000,350,130,120,8,130,89,39,32,6.1,8.3,1110056,1110056 Mulgrave River at Deeral
WT,Mulgrave River at Deeral,1110056,2020-2021,Excellent,1300000,30000,630,190,190,14,200,240,68,52,13,18,1110056,1110056 Mulgrave River at Deeral
WT,Mulgrave River at Deeral,1110056,2021-2022,Excellent,1200000,35000,590,210,170,16,190,190,64,49,12,15,1110056,1110056 Mulgrave River at Deeral
WT,Mulgrave River at Deeral,1110056,2022-2023,Excellent,1400000,32000,600,230,200,20,220,150,62,48,13,14,1110056,1110056 Mulgrave River at Deeral
WT,Mulgrave River at Deeral,1110056,2023-2024,Excellent,2200000,69000,910,370,250,42,290,250,150,120,20,28,1110056,1110056 Mulgrave River at Deeral
WT,Murray River at Bilyana,MU04,2018-2019,Good,780000,16000,460,74,140,32,170,210,33,21,5.4,8.8,1140041,1140041 Murray River at Bilyana
WT,Murray River at Bilyana,MU04,2019-2020,Excellent,440000,12000,340,49,160,8.3,170,120,17,11,2.7,6.2,1140041,1140041 Murray River at Bilyana
WT,Murray River at Bilyana,MU04,2020-2021,Excellent,1000000,21000,620,140,170,19,190,300,58,36,13,17,1140041,1140041 Murray River at Bilyana
WT,Murray River at Bilyana,MU04,2021-2022,Good,640000,19000,390,90,110,9.1,120,180,37,21,7.1,9.7,1140041,1140041 Murray River at Bilyana
WT,Murray River at Bilyana,MU04,2022-2023,Good,690000,13000,390,98,110,8.9,120,170,37,23,7.1,9.5,1140041,1140041 Murray River at Bilyana
WT,Murray River at Bilyana,MU04,2023-2024,Good,1100000,21000,510,140,130,14,140,220,56,36,11,13,1140041,1140041 Murray River at Bilyana
WT,North Johnstone River at Goondi,1120049,2017-2018,Good,2300000,390000,2400,1800,240,11,250,360,870,820,21,23,1120049,1120049 North Johnstone River at Goondi
WT,North Johnstone River at Goondi,1120049,2018-2019,Good,2200000,100000,1000,520,260,16,270,230,200,180,10,22,1120049,1120049 North Johnstone River at Goondi
WT,North Johnstone River at Goondi,1120049,2019-2020,Good,1200000,29000,440,180,130,14,140,130,85,75,7.3,14,1120049,1120049 North Johnstone River at Goondi
WT,North Johnstone River at Goondi,1120049,2020-2021,Good,2000000,170000,1600,1100,260,19,280,290,440,390,17,36,1120049,1120049 North Johnstone River at Goondi
WT,North Johnstone River at Goondi,1120049,2021-2022,Good,1800000,300000,2500,1900,280,42,320,280,790,740,19,41,1120049,1120049 North Johnstone River at Goondi
WT,North Johnstone River at Goondi,1120049,2022-2023,Indicative,2000000,120000,1200,750,220,13,240,240,280,260,16,20,1120049,1120049 North Johnstone River at Goondi
WT,North Johnstone River at Goondi,1120049,2023-2024,Moderate,3400000,470000,3200,2400,390,38,430,340,1100,1100,30,38,1120049,1120049 North Johnstone River at Goondi
WT,North Johnstone River at Old Bruce Hwy Bridge,1120049,2006-2007,Good,2196180,92188,882,423,283,8,292,155,187,170,16,21,1120049,1120049 North Johnstone River at Goondi
WT,North Johnstone River at Old Bruce Hwy Bridge,1120049,2007-2008,Good,1886422,342057,1819,1292,303,15,319,209,564,524,16,29,1120049,1120049 North Johnstone River at Goondi
WT,North Johnstone River at Old Bruce Hwy Bridge,1120049,2008-2009,Indicative,1990882,79682,843,270,176,18,194,382,122,96,19,25,1120049,1120049 North Johnstone River at Goondi
WT,North Johnstone River at Old Bruce Hwy Bridge,1120049,2009-2010,Good,1615516,66040,827,382,232,9,241,225,143,116,14,26,1120049,1120049 North Johnstone River at Goondi
WT,North Johnstone River at Old Bruce Hwy Bridge,1120049,2010-2011,Indicative,3661422,416891,3386,2558,463,21,484,354,780,639,26,147,1120049,1120049 North Johnstone River at Goondi
WT,North Johnstone River at Old Bruce Hwy Bridge,1120049,2011-2012,Good,2024224,164964,1389,875,287,15,303,215,153,370,11,34,1120049,1120049 North Johnstone River at Goondi
WT,North Johnstone River at Old Bruce Hwy Bridge,1120049,2012-2013,Good,1404689,44627,612,251,184,14,198,162,103,94,8.7,14,1120049,1120049 North Johnstone River at Goondi
WT,North Johnstone River at Old Bruce Hwy Bridge,1120049,2013-2014,Moderate,2195024.206,140000,1100,550,310,15,330,190,280,250,18,22,1120049,1120049 North Johnstone River at Goondi
WT,North Johnstone River at Old Bruce Hwy Bridge,1120049,2014-2015,Good,1237791.472,180000,1200,820,180,12,190,150,390,380,6.8,13,1120049,1120049 North Johnstone River at Goondi
WT,North Johnstone River at Old Bruce Hwy Bridge,1120049,2015-2016,Good,1282885,36000,610,330,150,14,160,130,120,100,6.9,13,1120049,1120049 North Johnstone River at Goondi
WT,North Johnstone River at Old Bruce Hwy Bridge,1120049,2016-2017,Excellent,1596378.822,83000,790,400,180,14,190,180,210,190,9.1,17,1120049,1120049 North Johnstone River at Goondi
WT,Russell River at East Russell,1111019,2014-2015,Excellent,1254153.74,20000,510,110,240,30,270,130,41,34,3.9,13,1111019,1111019 Russell River at East Russell
WT,Russell River at East Russell,1111019,2015-2016,Excellent,1579964,38000,730,240,270,38,310,180,77,62,5.4,17,1111019,1111019 Russell River at East Russell
WT,Russell River at East Russell,1111019,2016-2017,Excellent,1469166.78,34000,650,130,230,75,310,200,64,50,3.7,18,1111019,1111019 Russell River at East Russell
WT,Russell River at East Russell,1111019,2017-2018,Excellent,2200000,52000,750,240,240,31,270,250,98,79,7.2,22,1111019,1111019 Russell River at East Russell
WT,Russell River at East Russell,1111019,2018-2019,Excellent,2300000,46000,740,200,280,19,300,250,75,58,5.5,23,1111019,1111019 Russell River at East Russell
WT,Russell River at East Russell,1111019,2019-2020,Excellent,1500000,33000,580,210,220,12,230,130,67,55,5.2,16,1111019,1111019 Russell River at East Russell
WT,Russell River at East Russell,1111019,2020-2021,Excellent,2200000,33000,740,180,250,15,260,310,87,62,11,32,1111019,1111019 Russell River at East Russell
WT,Russell River at East Russell,1111019,2021-2022,Excellent,1700000,39000,650,190,200,18,220,250,83,61,8.6,26,1111019,1111019 Russell River at East Russell
WT,Russell River at East Russell,1111019,2022-2023,Excellent,2000000,42000,740,270,230,21,250,220,84,66,10,22,1111019,1111019 Russell River at East Russell
WT,Russell River at East Russell,1111019,2023-2024,Excellent,2400000,54000,740,310,220,22,240,190,100,76,9.1,33,1111019,1111019 Russell River at East Russell
WT,South Johnstone River at Upstream Central Mill,112101B,2006-2007,Good,953313,76482,717,375,246,6,252,93,147,132,13,10,112101B,112101B South Johnstone River at Upstream Central Mill
WT,South Johnstone River at Upstream Central Mill,112101B,2007-2008,Excellent,811696,41823,409,222,109,4,113,71,82,71,8,10,112101B,112101B South Johnstone River at Upstream Central Mill
WT,South Johnstone River at Upstream Central Mill,112101B,2008-2009,Excellent,1043123,119220,779,531,136,8,144,111,241,229,12,11,112101B,112101B South Johnstone River at Upstream Central Mill
WT,South Johnstone River at Upstream Central Mill,112101B,2009-2010,Good,652887,48298,423,248,92,6,98,84,101,81,8,17,112101B,112101B South Johnstone River at Upstream Central Mill
WT,South Johnstone River at Upstream Central Mill,112101B,2010-2011,Good,1588294,201489,1344,918,248,14,262,174,380,327,18,62,112101B,112101B South Johnstone River at Upstream Central Mill
WT,South Johnstone River at Upstream Central Mill,112101B,2011-2012,Moderate,922589,61407,588,310,194,8,203,80,155,140,8,19,112101B,112101B South Johnstone River at Upstream Central Mill
WT,South Johnstone River at Upstream Central Mill,112101B,2012-2013,Excellent,589420,17386,234,94,74,5.3,79,57,43,38,4.4,7,112101B,112101B South Johnstone River at Upstream Central Mill
WT,South Johnstone River at Upstream Central Mill,112101B,2013-2014,Moderate,859853,56698,439,236,124,5.9,130,73,111,101,8.4,8.6,112101B,112101B South Johnstone River at Upstream Central Mill
WT,South Johnstone River at Upstream Central Mill,112101B,2014-2015,Good,432807.2892,28000,360,270,42,2.8,45,44,76,71,4.3,4.4,112101B,112101B South Johnstone River at Upstream Central Mill
WT,South Johnstone River at Upstream Central Mill,112101B,2015-2016,Excellent,561274,12000,230,110,60,4.6,64,54,39,33,4.7,5.8,112101B,112101B South Johnstone River at Upstream Central Mill
WT,South Johnstone River at Upstream Central Mill,112101B,2016-2017,Excellent,793350.2092,39000,400,220,90,4.5,95,79,100,91,9.1,8.4,112101B,112101B South Johnstone River at Upstream Central Mill
WT,South Johnstone River at Upstream Central Mill,112101B,2017-2018,Good,1000000,130000,850,560,110,5.2,120,170,280,260,12,11,112101B,112101B South Johnstone River at Upstream Central Mill
WT,South Johnstone River at Upstream Central Mill,112101B,2018-2019,Moderate,870000,27000,340,170,91,5.6,97,75,61,53,6,8.8,112101B,112101B South Johnstone River at Upstream Central Mill
WT,South Johnstone River at Upstream Central Mill,112101B,2019-2020,Good,560000,14000,220,120,49,3.4,52,50,38,34,4.6,6.3,112101B,112101B South Johnstone River at Upstream Central Mill
WT,South Johnstone River at Upstream Central Mill,112101B,2020-2021,Moderate,890000,64000,610,380,120,5.9,130,95,170,160,9.9,9.8,112101B,112101B South Johnstone River at Upstream Central Mill
WT,South Johnstone River at Upstream Central Mill,112101B,2021-2022,Moderate,850000,110000,920,710,100,11,110,97,250,220,12,20,112101B,112101B South Johnstone River at Upstream Central Mill
WT,South Johnstone River at Upstream Central Mill,112101B,2022-2023,Moderate,930000,100000,790,550,120,7.5,130,120,180,170,10,12,112101B,112101B South Johnstone River at Upstream Central Mill
WT,South Johnstone River at Upstream Central Mill,112101B,2023-2024,Moderate,1500000,300000,1800,1500,120,19,140,150,560,530,17,20,112101B,112101B South Johnstone River at Upstream Central Mill
WT,Tully River at Euramo,TR01,2006-2007,Good,4191491,162035,2350,562,1085,32,1117,664,264,199,64,43,113006A,113006A Tully River at Euramo
WT,Tully River at Euramo,TR01,2007-2008,Good,3232663,83163,1287,309,624,16,641,330,88,58,17,44,113006A,113006A Tully River at Euramo
WT,Tully River at Euramo,TR01,2008-2009,Excellent,3770791,105546,1401,352,527,25,552,489,125,103,22,39,113006A,113006A Tully River at Euramo
WT,Tully River at Euramo,TR01,2009-2010,Excellent,2572793,69506,1165,396,426,24,450,502,111,88,11,61,113006A,113006A Tully River at Euramo
WT,Tully River at Euramo,TR01,2010-2011,Excellent,6169781,231605,2626,992,1014,63,1077,628,360,279,25,166,113006A,113006A Tully River at Euramo
WT,Tully River at Euramo,TR01,2011-2012,Excellent,3601029,90061,1780,427,987,29,1016,350,161,125,12,79,113006A,113006A Tully River at Euramo
WT,Tully River at Euramo,TR01,2012-2013,Excellent,2846618,46471,1291,249,671,37.4,709,340,71,57,9.7,28.7,113006A,113006A Tully River at Euramo
WT,Tully River at Euramo,TR01,2013-2014,Excellent,3733795,97499,1526,503,598,39,636,362,150,114,14,38,113006A,113006A Tully River at Euramo
WT,Tully River at Euramo,TR01,2014-2015,Excellent,1918345.073,29000,690,130,360,25,380,180,46,38,5.2,19,113006A,113006A Tully River at Euramo
WT,Tully River at Euramo,TR01,2015-2016,Excellent,2306397,64000,1100,250,480,29,510,330,95,70,9.3,29,113006A,113006A Tully River at Euramo
WT,Tully River at Euramo,TR01,2016-2017,Excellent,2905770.72,120000,1400,370,550,100,650,400,120,86,16,34,113006A,113006A Tully River at Euramo
WT,Tully River at Euramo,TR01,2018-2019,Excellent,3500000,91000,1400,330,650,46,700,360,110,80,10,37,113006A,113006A Tully River at Euramo
WT,Tully River at Euramo,TR01,2019-2020,Excellent,1900000,36000,780,160,350,26,370,250,48,39,6.7,20,113006A,113006A Tully River at Euramo
WT,Tully River at Euramo,TR01,2020-2021,Excellent,3700000,85000,1600,480,600,80,680,400,150,110,17,49,113006A,113006A Tully River at Euramo
WT,Tully River at Euramo,TR01,2021-2022,Excellent,3000000,140000,1500,520,450,40,490,440,160,130,17,39,113006A,113006A Tully River at Euramo
WT,Tully River at Euramo,TR01,2022-2023,Good,3200000,89000,1300,460,510,44,560,330,130,93,22,33,113006A,113006A Tully River at Euramo
WT,Tully River at Euramo,TR01,2023-2024,Good,5100000,220000,2100,880,540,47,590,530,320,230,33,88,113006A,113006A Tully River at Euramo
WT,Tully River at Tully Gorge National Park,113015A,2010-2011,Excellent,1857949,57762,746,411,121,21,142,191,108,89,4,42,113015A,113015A Tully River at Tully Gorge National Park
WT,Tully River at Tully Gorge National Park,113015A,2011-2012,Moderate,797232,6971,379,71,216,8,224,94,22,19,2,17,113015A,113015A Tully River at Tully Gorge National Park
WT,Tully River at Tully Gorge National Park,113015A,2012-2013,Moderate,757051,9908,304,55,139,8,147,104,17,13,3.4,7.9,113015A,113015A Tully River at Tully Gorge National Park
WT,Tully River at Tully Gorge National Park,113015A,2013-2014,Excellent,1123020,27446,389,177,70,7.5,78,86,45,35,1,11,113015A,113015A Tully River at Tully Gorge National Park
WT,Tully River at Tully Gorge National Park,113015A,2014-2015,Excellent,706754.6892,8500,170,64,45,8.8,54,56,14,12,0.73,7.1,113015A,113015A Tully River at Tully Gorge National Park
WT,Tully River at Tully Gorge National Park,113015A,2015-2016,Excellent,560527,12000,220,130,31,4.5,35,53,22,19,0.96,5.6,113015A,113015A Tully River at Tully Gorge National Park
WT,Tully River at Tully Gorge National Park,113015A,2016-2017,Good,799901.0719,15000,220,91,43,9.9,53,79,21,18,0.87,8.4,113015A,113015A Tully River at Tully Gorge National Park
WT,Tully River at Tully Gorge National Park,113015A,2017-2018,Excellent,1000000,41000,380,200,42,14,56,130,45,40,1.5,10,113015A,113015A Tully River at Tully Gorge National Park
WT,Tully River at Tully Gorge National Park,113015A,2018-2019,Excellent,1100000,18000,290,130,54,14,67,100,23,20,1,11,113015A,113015A Tully River at Tully Gorge National Park
WT,Tully River at Tully Gorge National Park,113015A,2019-2020,Excellent,570000,6700,150,70,17,3.8,21,59,14,10,0.82,7,113015A,113015A Tully River at Tully Gorge National Park
WT,Tully River at Tully Gorge National Park,113015A,2020-2021,Excellent,990000,17000,270,130,33,7.5,40,99,32,29,2,12,113015A,113015A Tully River at Tully Gorge National Park
WT,Tully River at Tully Gorge National Park,113015A,2021-2022,Good,830000,38000,430,280,33,13,46,120,44,39,1.5,11,113015A,113015A Tully River at Tully Gorge National Park
WT,Tully River at Tully Gorge National Park,113015A,2022-2023,Excellent,830000,22000,270,180,26,3.7,30,66,27,24,1.8,10,113015A,113015A Tully River at Tully Gorge National Park
WT,Tully River at Tully Gorge National Park,113015A,2023-2024,Moderate,1600000,220000,1600,1300,74,26,99,190,200,180,3.4,24,113015A,113015A Tully River at Tully Gorge National Park
