Source,MetricType,Scenario,Level,Region,Basin,FU,Constituent,Process,Units,Value
FU,FU,BASE,Region,BM,,Bananas,DIN,,report,0.0
FU,FU,BASE,Region,BM,,Conservation,DIN,,report,55.60104458258536
FU,FU,BASE,Region,BM,,Cropping,DIN,,report,16.3761993891687
FU,FU,BASE,Region,BM,,Dairy,DIN,,report,2.364005760494466
FU,FU,BASE,Region,BM,,Forestry,DIN,,report,52.18160353688084
FU,FU,BASE,Region,BM,,Grazing,DIN,,report,334.51156815629787
FU,FU,BASE,Region,BM,,Horticulture,DIN,,report,79.2533770290469
FU,FU,BASE,Region,BM,,Stream,DIN,,report,23.527353656300004
FU,FU,BASE,Region,BM,,Sugarcane,DIN,,report,190.80515378987974
FU,FU,BASE,Region,BM,,Urban + Other,DIN,,report,117.67575777532191
FU,FU,BASE,Region,BM,,Bananas,FS,,report,0.0
FU,FU,BASE,Region,BM,,Conservation,FS,,report,12.6633279700433
FU,FU,BASE,Region,BM,,Cropping,FS,,report,3.787712116529235
FU,FU,BASE,Region,BM,,Dairy,FS,,report,1.7670320248280695
FU,FU,BASE,Region,BM,,Forestry,FS,,report,9.46429965000418
FU,FU,BASE,Region,BM,,Grazing,FS,,report,189.16610343798942
FU,FU,BASE,Region,BM,,Horticulture,FS,,report,7.8706520329116865
FU,FU,BASE,Region,BM,,Stream,FS,,report,363.762472497054
FU,FU,BASE,Region,BM,,Sugarcane,FS,,report,5.185693793159532
FU,FU,BASE,Region,BM,,Urban + Other,FS,,report,13.00088518932869
FU,FU,BASE,Region,BM,,Bananas,PN,,report,0.0
FU,FU,BASE,Region,BM,,Conservation,PN,,report,68.9501485980964
FU,FU,BASE,Region,BM,,Cropping,PN,,report,2.2138826599258667
FU,FU,BASE,Region,BM,,Dairy,PN,,report,6.108291985213032
FU,FU,BASE,Region,BM,,Forestry,PN,,report,61.4698165175179
FU,FU,BASE,Region,BM,,Grazing,PN,,report,942.529220089851
FU,FU,BASE,Region,BM,,Horticulture,PN,,report,3.718914641732867
FU,FU,BASE,Region,BM,,Stream,PN,,report,433.2442303158679
FU,FU,BASE,Region,BM,,Sugarcane,PN,,report,57.320135924264704
FU,FU,BASE,Region,BM,,Urban + Other,PN,,report,5.441402259360568
FU,FU,BASE,Region,BM,,Bananas,PP,,report,0.0
FU,FU,BASE,Region,BM,,Conservation,PP,,report,26.208038404716138
FU,FU,BASE,Region,BM,,Cropping,PP,,report,1.1307461140615334
FU,FU,BASE,Region,BM,,Dairy,PP,,report,3.0634297638364334
FU,FU,BASE,Region,BM,,Forestry,PP,,report,17.0523961917132
FU,FU,BASE,Region,BM,,Grazing,PP,,report,318.1933401289568
FU,FU,BASE,Region,BM,,Horticulture,PP,,report,1.6628641748090836
FU,FU,BASE,Region,BM,,Stream,PP,,report,205.37331645131482
FU,FU,BASE,Region,BM,,Sugarcane,PP,,report,19.074820374176667
FU,FU,BASE,Region,BM,,Urban + Other,PP,,report,2.3349978968849667
FU,FU,BASE,Region,BU,,Bananas,DIN,,report,0.0
FU,FU,BASE,Region,BU,,Conservation,DIN,,report,240.26657940571502
FU,FU,BASE,Region,BU,,Cropping,DIN,,report,15.799338826161579
FU,FU,BASE,Region,BU,,Dairy,DIN,,report,0.0
FU,FU,BASE,Region,BU,,Forestry,DIN,,report,18.243724462288764
FU,FU,BASE,Region,BU,,Grazing,DIN,,report,742.545685268121
FU,FU,BASE,Region,BU,,Horticulture,DIN,,report,53.86591249898492
FU,FU,BASE,Region,BU,,Stream,DIN,,report,45.46934622466142
FU,FU,BASE,Region,BU,,Sugarcane,DIN,,report,721.9281669426533
FU,FU,BASE,Region,BU,,Urban + Other,DIN,,report,56.54481605435133
FU,FU,BASE,Region,BU,,Bananas,FS,,report,0.0
FU,FU,BASE,Region,BU,,Conservation,FS,,report,250.10034815872203
FU,FU,BASE,Region,BU,,Cropping,FS,,report,11.603686506601072
FU,FU,BASE,Region,BU,,Dairy,FS,,report,0.0
FU,FU,BASE,Region,BU,,Forestry,FS,,report,10.926104924655561
FU,FU,BASE,Region,BU,,Grazing,FS,,report,2952.5703128526225
FU,FU,BASE,Region,BU,,Horticulture,FS,,report,10.714910163711808
FU,FU,BASE,Region,BU,,Stream,FS,,report,163.0069735427139
FU,FU,BASE,Region,BU,,Sugarcane,FS,,report,25.07021327625916
FU,FU,BASE,Region,BU,,Urban + Other,FS,,report,15.293196587213687
FU,FU,BASE,Region,BU,,Bananas,PN,,report,0.0
FU,FU,BASE,Region,BU,,Conservation,PN,,report,543.6533833755582
FU,FU,BASE,Region,BU,,Cropping,PN,,report,22.50812187042516
FU,FU,BASE,Region,BU,,Dairy,PN,,report,0.0
FU,FU,BASE,Region,BU,,Forestry,PN,,report,32.53138450599805
FU,FU,BASE,Region,BU,,Grazing,PN,,report,3356.653359202748
FU,FU,BASE,Region,BU,,Horticulture,PN,,report,7.102100266871939
FU,FU,BASE,Region,BU,,Stream,PN,,report,149.2894515667824
FU,FU,BASE,Region,BU,,Sugarcane,PN,,report,114.86761213678803
FU,FU,BASE,Region,BU,,Urban + Other,PN,,report,16.475822432049185
FU,FU,BASE,Region,BU,,Bananas,PP,,report,0.0
FU,FU,BASE,Region,BU,,Conservation,PP,,report,227.21391835104325
FU,FU,BASE,Region,BU,,Cropping,PP,,report,22.498603391556284
FU,FU,BASE,Region,BU,,Dairy,PP,,report,0.0
FU,FU,BASE,Region,BU,,Forestry,PP,,report,18.44400992874957
FU,FU,BASE,Region,BU,,Grazing,PP,,report,2261.9557279849646
FU,FU,BASE,Region,BU,,Horticulture,PP,,report,7.821086316607684
FU,FU,BASE,Region,BU,,Stream,PP,,report,146.93736540628964
FU,FU,BASE,Region,BU,,Sugarcane,PP,,report,39.7340221873985
FU,FU,BASE,Region,BU,,Urban + Other,PP,,report,8.493966395101063
FU,FU,BASE,Region,CY,,Bananas,DIN,,report,3.6522224126001217
FU,FU,BASE,Region,CY,,Conservation,DIN,,report,361.1096383068796
FU,FU,BASE,Region,CY,,Cropping,DIN,,report,0.6102473517071841
FU,FU,BASE,Region,CY,,Dairy,DIN,,report,0.0
FU,FU,BASE,Region,CY,,Forestry,DIN,,report,0.8918204701045362
FU,FU,BASE,Region,CY,,Grazing,DIN,,report,151.43183208644848
FU,FU,BASE,Region,CY,,Horticulture,DIN,,report,0.8063754490593724
FU,FU,BASE,Region,CY,,Stream,DIN,,report,0.11350671033338801
FU,FU,BASE,Region,CY,,Sugarcane,DIN,,report,0.0
FU,FU,BASE,Region,CY,,Urban + Other,DIN,,report,10.167717248323184
FU,FU,BASE,Region,CY,,Bananas,FS,,report,0.03350363868586797
FU,FU,BASE,Region,CY,,Conservation,FS,,report,271.1807435979677
FU,FU,BASE,Region,CY,,Cropping,FS,,report,0.9113424637330999
FU,FU,BASE,Region,CY,,Dairy,FS,,report,0.0
FU,FU,BASE,Region,CY,,Forestry,FS,,report,0.8501550931308915
FU,FU,BASE,Region,CY,,Grazing,FS,,report,90.13856470022077
FU,FU,BASE,Region,CY,,Horticulture,FS,,report,0.09892078653438359
FU,FU,BASE,Region,CY,,Stream,FS,,report,31.946958316422972
FU,FU,BASE,Region,CY,,Sugarcane,FS,,report,0.0
FU,FU,BASE,Region,CY,,Urban + Other,FS,,report,1.4893620620902792
FU,FU,BASE,Region,CY,,Bananas,PN,,report,0.0
FU,FU,BASE,Region,CY,,Conservation,PN,,report,1294.0626404010045
FU,FU,BASE,Region,CY,,Cropping,PN,,report,0.2536560782818603
FU,FU,BASE,Region,CY,,Dairy,PN,,report,0.0
FU,FU,BASE,Region,CY,,Forestry,PN,,report,5.560854991069392
FU,FU,BASE,Region,CY,,Grazing,PN,,report,351.67811712320884
FU,FU,BASE,Region,CY,,Horticulture,PN,,report,0.036450955783329374
FU,FU,BASE,Region,CY,,Stream,PN,,report,23.426803732017508
FU,FU,BASE,Region,CY,,Sugarcane,PN,,report,0.0
FU,FU,BASE,Region,CY,,Urban + Other,PN,,report,0.3462407063169584
FU,FU,BASE,Region,CY,,Bananas,PP,,report,0.56302044579488
FU,FU,BASE,Region,CY,,Conservation,PP,,report,420.09641576152956
FU,FU,BASE,Region,CY,,Cropping,PP,,report,0.11963701487300064
FU,FU,BASE,Region,CY,,Dairy,PP,,report,0.0
FU,FU,BASE,Region,CY,,Forestry,PP,,report,2.2585718265126213
FU,FU,BASE,Region,CY,,Grazing,PP,,report,106.68071468662188
FU,FU,BASE,Region,CY,,Horticulture,PP,,report,0.015300363266537598
FU,FU,BASE,Region,CY,,Stream,PP,,report,13.034010874861043
FU,FU,BASE,Region,CY,,Sugarcane,PP,,report,0.0
FU,FU,BASE,Region,CY,,Urban + Other,PP,,report,0.12205462639492085
FU,FU,BASE,Region,FI,,Bananas,DIN,,report,0.0
FU,FU,BASE,Region,FI,,Conservation,DIN,,report,38.371167544217435
FU,FU,BASE,Region,FI,,Cropping,DIN,,report,84.7762098736726
FU,FU,BASE,Region,FI,,Dairy,DIN,,report,0.0
FU,FU,BASE,Region,FI,,Forestry,DIN,,report,90.67186703804327
FU,FU,BASE,Region,FI,,Grazing,DIN,,report,521.5199536486641
FU,FU,BASE,Region,FI,,Horticulture,DIN,,report,3.9255235801634822
FU,FU,BASE,Region,FI,,Stream,DIN,,report,50.00047462840699
FU,FU,BASE,Region,FI,,Sugarcane,DIN,,report,15.522117189224884
FU,FU,BASE,Region,FI,,Urban + Other,DIN,,report,49.586860534217045
FU,FU,BASE,Region,FI,,Bananas,FS,,report,0.0
FU,FU,BASE,Region,FI,,Conservation,FS,,report,66.12459440764928
FU,FU,BASE,Region,FI,,Cropping,FS,,report,62.78312230690547
FU,FU,BASE,Region,FI,,Dairy,FS,,report,0.0
FU,FU,BASE,Region,FI,,Forestry,FS,,report,41.59616524353398
FU,FU,BASE,Region,FI,,Grazing,FS,,report,877.1062465027502
FU,FU,BASE,Region,FI,,Horticulture,FS,,report,0.5451074563234005
FU,FU,BASE,Region,FI,,Stream,FS,,report,482.53404693811194
FU,FU,BASE,Region,FI,,Sugarcane,FS,,report,0.5955290761399368
FU,FU,BASE,Region,FI,,Urban + Other,FS,,report,11.347554264155468
FU,FU,BASE,Region,FI,,Bananas,PN,,report,0.0
FU,FU,BASE,Region,FI,,Conservation,PN,,report,244.9933917755963
FU,FU,BASE,Region,FI,,Cropping,PN,,report,348.7451615890101
FU,FU,BASE,Region,FI,,Dairy,PN,,report,0.0
FU,FU,BASE,Region,FI,,Forestry,PN,,report,151.48608198571029
FU,FU,BASE,Region,FI,,Grazing,PN,,report,1712.0206125713541
FU,FU,BASE,Region,FI,,Horticulture,PN,,report,0.26244446715313535
FU,FU,BASE,Region,FI,,Stream,PN,,report,626.7411386615634
FU,FU,BASE,Region,FI,,Sugarcane,PN,,report,3.427178162932262
FU,FU,BASE,Region,FI,,Urban + Other,PN,,report,6.663372527655294
FU,FU,BASE,Region,FI,,Bananas,PP,,report,0.0
FU,FU,BASE,Region,FI,,Conservation,PP,,report,94.54082922572336
FU,FU,BASE,Region,FI,,Cropping,PP,,report,121.54899588099047
FU,FU,BASE,Region,FI,,Dairy,PP,,report,0.0
FU,FU,BASE,Region,FI,,Forestry,PP,,report,63.187473249336826
FU,FU,BASE,Region,FI,,Grazing,PP,,report,955.5028818601724
FU,FU,BASE,Region,FI,,Horticulture,PP,,report,0.1248769809840898
FU,FU,BASE,Region,FI,,Stream,PP,,report,412.71263615496645
FU,FU,BASE,Region,FI,,Sugarcane,PP,,report,3.3453309383257968
FU,FU,BASE,Region,FI,,Urban + Other,PP,,report,4.358017646701197
FU,FU,BASE,Region,MW,,Bananas,DIN,,report,0.0
FU,FU,BASE,Region,MW,,Conservation,DIN,,report,57.513713552889136
FU,FU,BASE,Region,MW,,Cropping,DIN,,report,3.2671621767833305
FU,FU,BASE,Region,MW,,Dairy,DIN,,report,0.0
FU,FU,BASE,Region,MW,,Forestry,DIN,,report,14.735897611629582
FU,FU,BASE,Region,MW,,Grazing,DIN,,report,193.86670367641935
FU,FU,BASE,Region,MW,,Horticulture,DIN,,report,7.086538039934509
FU,FU,BASE,Region,MW,,Stream,DIN,,report,18.972628988987267
FU,FU,BASE,Region,MW,,Sugarcane,DIN,,report,397.5758409633382
FU,FU,BASE,Region,MW,,Urban + Other,DIN,,report,84.39721203553435
FU,FU,BASE,Region,MW,,Bananas,FS,,report,0.0
FU,FU,BASE,Region,MW,,Conservation,FS,,report,13.58133413525257
FU,FU,BASE,Region,MW,,Cropping,FS,,report,0.537751774026851
FU,FU,BASE,Region,MW,,Dairy,FS,,report,0.0
FU,FU,BASE,Region,MW,,Forestry,FS,,report,2.8179013095777132
FU,FU,BASE,Region,MW,,Grazing,FS,,report,44.53013449191906
FU,FU,BASE,Region,MW,,Horticulture,FS,,report,1.1713611507508481
FU,FU,BASE,Region,MW,,Stream,FS,,report,331.82840143931554
FU,FU,BASE,Region,MW,,Sugarcane,FS,,report,20.422224956931743
FU,FU,BASE,Region,MW,,Urban + Other,FS,,report,13.918277896188291
FU,FU,BASE,Region,MW,,Bananas,PN,,report,0.0
FU,FU,BASE,Region,MW,,Conservation,PN,,report,180.3233519278101
FU,FU,BASE,Region,MW,,Cropping,PN,,report,0.30956432797302286
FU,FU,BASE,Region,MW,,Dairy,PN,,report,0.0
FU,FU,BASE,Region,MW,,Forestry,PN,,report,54.700963931705665
FU,FU,BASE,Region,MW,,Grazing,PN,,report,608.6164408962231
FU,FU,BASE,Region,MW,,Horticulture,PN,,report,0.426906790482178
FU,FU,BASE,Region,MW,,Stream,PN,,report,479.1107827226236
FU,FU,BASE,Region,MW,,Sugarcane,PN,,report,460.60013711607223
FU,FU,BASE,Region,MW,,Urban + Other,PN,,report,0.0
FU,FU,BASE,Region,MW,,Bananas,PP,,report,0.0
FU,FU,BASE,Region,MW,,Conservation,PP,,report,48.79917303799344
FU,FU,BASE,Region,MW,,Cropping,PP,,report,0.06268074006844766
FU,FU,BASE,Region,MW,,Dairy,PP,,report,0.0
FU,FU,BASE,Region,MW,,Forestry,PP,,report,14.11765142516044
FU,FU,BASE,Region,MW,,Grazing,PP,,report,120.52508189616768
FU,FU,BASE,Region,MW,,Horticulture,PP,,report,0.13858908458389316
FU,FU,BASE,Region,MW,,Stream,PP,,report,197.74443249102706
FU,FU,BASE,Region,MW,,Sugarcane,PP,,report,43.54655395512709
FU,FU,BASE,Region,MW,,Urban + Other,PP,,report,0.0
FU,FU,BASE,Region,WT,,Bananas,DIN,,report,667.3843816003063
FU,FU,BASE,Region,WT,,Conservation,DIN,,report,988.0679670357937
FU,FU,BASE,Region,WT,,Cropping,DIN,,report,15.322658384796963
FU,FU,BASE,Region,WT,,Dairy,DIN,,report,16.17480810714464
FU,FU,BASE,Region,WT,,Forestry,DIN,,report,62.940517759097084
FU,FU,BASE,Region,WT,,Grazing,DIN,,report,409.9027654767065
FU,FU,BASE,Region,WT,,Horticulture,DIN,,report,29.669907081168954
FU,FU,BASE,Region,WT,,Stream,DIN,,report,50.81750468173047
FU,FU,BASE,Region,WT,,Sugarcane,DIN,,report,2007.324476379564
FU,FU,BASE,Region,WT,,Urban + Other,DIN,,report,118.81476878361876
FU,FU,BASE,Region,WT,,Bananas,FS,,report,7.290956435002899
FU,FU,BASE,Region,WT,,Conservation,FS,,report,274.4043733562967
FU,FU,BASE,Region,WT,,Cropping,FS,,report,20.181243788356937
FU,FU,BASE,Region,WT,,Dairy,FS,,report,8.584798799268503
FU,FU,BASE,Region,WT,,Forestry,FS,,report,17.923539544470337
FU,FU,BASE,Region,WT,,Grazing,FS,,report,239.5888448931888
FU,FU,BASE,Region,WT,,Horticulture,FS,,report,22.35009162384256
FU,FU,BASE,Region,WT,,Stream,FS,,report,524.7585941812542
FU,FU,BASE,Region,WT,,Sugarcane,FS,,report,68.07207777984144
FU,FU,BASE,Region,WT,,Urban + Other,FS,,report,12.2383043965339
FU,FU,BASE,Region,WT,,Bananas,PN,,report,38.58358604712525
FU,FU,BASE,Region,WT,,Conservation,PN,,report,2354.5641656361504
FU,FU,BASE,Region,WT,,Cropping,PN,,report,55.80678594970276
FU,FU,BASE,Region,WT,,Dairy,PN,,report,66.84645497917168
FU,FU,BASE,Region,WT,,Forestry,PN,,report,90.54858986059617
FU,FU,BASE,Region,WT,,Grazing,PN,,report,1720.8556284391639
FU,FU,BASE,Region,WT,,Horticulture,PN,,report,64.07635819086957
FU,FU,BASE,Region,WT,,Stream,PN,,report,639.7929294319773
FU,FU,BASE,Region,WT,,Sugarcane,PN,,report,516.7289688967727
FU,FU,BASE,Region,WT,,Urban + Other,PN,,report,38.70891426571375
FU,FU,BASE,Region,WT,,Bananas,PP,,report,32.099485054339056
FU,FU,BASE,Region,WT,,Conservation,PP,,report,364.32300130614266
FU,FU,BASE,Region,WT,,Cropping,PP,,report,29.344335044769878
FU,FU,BASE,Region,WT,,Dairy,PP,,report,29.807520084204906
FU,FU,BASE,Region,WT,,Forestry,PP,,report,14.67203493618926
FU,FU,BASE,Region,WT,,Grazing,PP,,report,437.9266951067288
FU,FU,BASE,Region,WT,,Horticulture,PP,,report,28.985689873372507
FU,FU,BASE,Region,WT,,Stream,PP,,report,380.6995240602688
FU,FU,BASE,Region,WT,,Sugarcane,PP,,report,161.59486024027717
FU,FU,BASE,Region,WT,,Urban + Other,PP,,report,8.416135526720593
FU,FU,CHANGE,Region,BM,,Bananas,DIN,,report,0.0
FU,FU,CHANGE,Region,BM,,Conservation,DIN,,report,55.611267256206354
FU,FU,CHANGE,Region,BM,,Cropping,DIN,,report,16.41601358429441
FU,FU,CHANGE,Region,BM,,Dairy,DIN,,report,2.3642865343506045
FU,FU,CHANGE,Region,BM,,Forestry,DIN,,report,52.20240594423016
FU,FU,CHANGE,Region,BM,,Grazing,DIN,,report,334.6765408178508
FU,FU,CHANGE,Region,BM,,Horticulture,DIN,,report,79.26499722140824
FU,FU,CHANGE,Region,BM,,Stream,DIN,,report,23.54414826224069
FU,FU,CHANGE,Region,BM,,Sugarcane,DIN,,report,179.72909963403498
FU,FU,CHANGE,Region,BM,,Urban + Other,DIN,,report,117.67278444890947
FU,FU,CHANGE,Region,BM,,Bananas,FS,,report,0.0
FU,FU,CHANGE,Region,BM,,Conservation,FS,,report,12.702284913986118
FU,FU,CHANGE,Region,BM,,Cropping,FS,,report,3.795357677863397
FU,FU,CHANGE,Region,BM,,Dairy,FS,,report,1.7813079765507942
FU,FU,CHANGE,Region,BM,,Forestry,FS,,report,9.484414376464938
FU,FU,CHANGE,Region,BM,,Grazing,FS,,report,189.5323529897644
FU,FU,CHANGE,Region,BM,,Horticulture,FS,,report,7.8785558733986205
FU,FU,CHANGE,Region,BM,,Stream,FS,,report,347.87338635375284
FU,FU,CHANGE,Region,BM,,Sugarcane,FS,,report,4.878633839550194
FU,FU,CHANGE,Region,BM,,Urban + Other,FS,,report,13.040962291076207
FU,FU,CHANGE,Region,BM,,Bananas,PN,,report,0.0
FU,FU,CHANGE,Region,BM,,Conservation,PN,,report,69.06265343451231
FU,FU,CHANGE,Region,BM,,Cropping,PN,,report,2.216211996046479
FU,FU,CHANGE,Region,BM,,Dairy,PN,,report,6.149686343424633
FU,FU,CHANGE,Region,BM,,Forestry,PN,,report,61.54306387027966
FU,FU,CHANGE,Region,BM,,Grazing,PN,,report,944.1712888284587
FU,FU,CHANGE,Region,BM,,Horticulture,PN,,report,3.7226496188678206
FU,FU,CHANGE,Region,BM,,Stream,PN,,report,405.79989080466305
FU,FU,CHANGE,Region,BM,,Sugarcane,PN,,report,53.56912972350743
FU,FU,CHANGE,Region,BM,,Urban + Other,PN,,report,5.456874373072534
FU,FU,CHANGE,Region,BM,,Bananas,PP,,report,0.0
FU,FU,CHANGE,Region,BM,,Conservation,PP,,report,26.255559532085346
FU,FU,CHANGE,Region,BM,,Cropping,PP,,report,1.1322952618566935
FU,FU,CHANGE,Region,BM,,Dairy,PP,,report,3.0865501631775545
FU,FU,CHANGE,Region,BM,,Forestry,PP,,report,17.085234295115903
FU,FU,CHANGE,Region,BM,,Grazing,PP,,report,318.9419190977054
FU,FU,CHANGE,Region,BM,,Horticulture,PP,,report,1.6632129183414077
FU,FU,CHANGE,Region,BM,,Stream,PP,,report,193.4227345213359
FU,FU,CHANGE,Region,BM,,Sugarcane,PP,,report,17.937162206266457
FU,FU,CHANGE,Region,BM,,Urban + Other,PP,,report,2.3410665644347373
FU,FU,CHANGE,Region,BU,,Bananas,DIN,,report,0.0
FU,FU,CHANGE,Region,BU,,Conservation,DIN,,report,240.56700282843997
FU,FU,CHANGE,Region,BU,,Cropping,DIN,,report,15.817289258689309
FU,FU,CHANGE,Region,BU,,Dairy,DIN,,report,0.0
FU,FU,CHANGE,Region,BU,,Forestry,DIN,,report,18.26663700207308
FU,FU,CHANGE,Region,BU,,Grazing,DIN,,report,743.5237987181594
FU,FU,CHANGE,Region,BU,,Horticulture,DIN,,report,53.870366066048646
FU,FU,CHANGE,Region,BU,,Stream,DIN,,report,45.46934982958032
FU,FU,CHANGE,Region,BU,,Sugarcane,DIN,,report,642.4834630427496
FU,FU,CHANGE,Region,BU,,Urban + Other,DIN,,report,56.55822554669049
FU,FU,CHANGE,Region,BU,,Bananas,FS,,report,0.0
FU,FU,CHANGE,Region,BU,,Conservation,FS,,report,249.5129401133744
FU,FU,CHANGE,Region,BU,,Cropping,FS,,report,11.519450754893153
FU,FU,CHANGE,Region,BU,,Dairy,FS,,report,0.0
FU,FU,CHANGE,Region,BU,,Forestry,FS,,report,10.570698888363925
FU,FU,CHANGE,Region,BU,,Grazing,FS,,report,2926.2547728751815
FU,FU,CHANGE,Region,BU,,Horticulture,FS,,report,10.714959314152706
FU,FU,CHANGE,Region,BU,,Stream,FS,,report,153.7774387819689
FU,FU,CHANGE,Region,BU,,Sugarcane,FS,,report,23.51148884932859
FU,FU,CHANGE,Region,BU,,Urban + Other,FS,,report,15.294714217173604
FU,FU,CHANGE,Region,BU,,Bananas,PN,,report,0.0
FU,FU,CHANGE,Region,BU,,Conservation,PN,,report,542.0928227945764
FU,FU,CHANGE,Region,BU,,Cropping,PN,,report,22.343654766825765
FU,FU,CHANGE,Region,BU,,Dairy,PN,,report,0.0
FU,FU,CHANGE,Region,BU,,Forestry,PN,,report,31.203084158821543
FU,FU,CHANGE,Region,BU,,Grazing,PN,,report,3300.9765526304086
FU,FU,CHANGE,Region,BU,,Horticulture,PN,,report,7.10221609591709
FU,FU,CHANGE,Region,BU,,Stream,PN,,report,141.29179512668833
FU,FU,CHANGE,Region,BU,,Sugarcane,PN,,report,108.20227350761272
FU,FU,CHANGE,Region,BU,,Urban + Other,PN,,report,16.478622446275182
FU,FU,CHANGE,Region,BU,,Bananas,PP,,report,0.0
FU,FU,CHANGE,Region,BU,,Conservation,PP,,report,226.13428260969536
FU,FU,CHANGE,Region,BU,,Cropping,PP,,report,22.44568469412387
FU,FU,CHANGE,Region,BU,,Dairy,PP,,report,0.0
FU,FU,CHANGE,Region,BU,,Forestry,PP,,report,17.061022795936182
FU,FU,CHANGE,Region,BU,,Grazing,PP,,report,2221.575731018407
FU,FU,CHANGE,Region,BU,,Horticulture,PP,,report,7.821206991699442
FU,FU,CHANGE,Region,BU,,Stream,PP,,report,138.87940843261887
FU,FU,CHANGE,Region,BU,,Sugarcane,PP,,report,38.113451398438436
FU,FU,CHANGE,Region,BU,,Urban + Other,PP,,report,8.496595176035814
FU,FU,CHANGE,Region,CY,,Bananas,DIN,,report,3.6522224126001217
FU,FU,CHANGE,Region,CY,,Conservation,DIN,,report,361.1096383068796
FU,FU,CHANGE,Region,CY,,Cropping,DIN,,report,0.6102473517071841
FU,FU,CHANGE,Region,CY,,Dairy,DIN,,report,0.0
FU,FU,CHANGE,Region,CY,,Forestry,DIN,,report,0.8918204701045362
FU,FU,CHANGE,Region,CY,,Grazing,DIN,,report,151.43183208644848
FU,FU,CHANGE,Region,CY,,Horticulture,DIN,,report,0.8063754490593724
FU,FU,CHANGE,Region,CY,,Stream,DIN,,report,0.11350671033338801
FU,FU,CHANGE,Region,CY,,Sugarcane,DIN,,report,0.0
FU,FU,CHANGE,Region,CY,,Urban + Other,DIN,,report,10.167717248323184
FU,FU,CHANGE,Region,CY,,Bananas,FS,,report,0.0335035607296366
FU,FU,CHANGE,Region,CY,,Conservation,FS,,report,271.18396874892426
FU,FU,CHANGE,Region,CY,,Cropping,FS,,report,0.91134149505488
FU,FU,CHANGE,Region,CY,,Dairy,FS,,report,0.0
FU,FU,CHANGE,Region,CY,,Forestry,FS,,report,0.8501878973871783
FU,FU,CHANGE,Region,CY,,Grazing,FS,,report,89.58788817001364
FU,FU,CHANGE,Region,CY,,Horticulture,FS,,report,0.09892053606981045
FU,FU,CHANGE,Region,CY,,Stream,FS,,report,31.947480683772202
FU,FU,CHANGE,Region,CY,,Sugarcane,FS,,report,0.0
FU,FU,CHANGE,Region,CY,,Urban + Other,FS,,report,1.489384307207231
FU,FU,CHANGE,Region,CY,,Bananas,PN,,report,0.0
FU,FU,CHANGE,Region,CY,,Conservation,PN,,report,1294.073821138688
FU,FU,CHANGE,Region,CY,,Cropping,PN,,report,0.2536595907718208
FU,FU,CHANGE,Region,CY,,Dairy,PN,,report,0.0
FU,FU,CHANGE,Region,CY,,Forestry,PN,,report,5.560913198071259
FU,FU,CHANGE,Region,CY,,Grazing,PN,,report,351.23605585414157
FU,FU,CHANGE,Region,CY,,Horticulture,PN,,report,0.03645130780173463
FU,FU,CHANGE,Region,CY,,Stream,PN,,report,23.42712543351219
FU,FU,CHANGE,Region,CY,,Sugarcane,PN,,report,0.0
FU,FU,CHANGE,Region,CY,,Urban + Other,PN,,report,0.34624320754588406
FU,FU,CHANGE,Region,CY,,Bananas,PP,,report,0.5630333225252655
FU,FU,CHANGE,Region,CY,,Conservation,PP,,report,420.0998432349925
FU,FU,CHANGE,Region,CY,,Cropping,PP,,report,0.11963860369987417
FU,FU,CHANGE,Region,CY,,Dairy,PP,,report,0.0
FU,FU,CHANGE,Region,CY,,Forestry,PP,,report,2.25860903817164
FU,FU,CHANGE,Region,CY,,Grazing,PP,,report,106.4795812143511
FU,FU,CHANGE,Region,CY,,Horticulture,PP,,report,0.015300554563528551
FU,FU,CHANGE,Region,CY,,Stream,PP,,report,13.034159833181358
FU,FU,CHANGE,Region,CY,,Sugarcane,PP,,report,0.0
FU,FU,CHANGE,Region,CY,,Urban + Other,PP,,report,0.12205544601460391
FU,FU,CHANGE,Region,FI,,Bananas,DIN,,report,0.0
FU,FU,CHANGE,Region,FI,,Conservation,DIN,,report,38.371167544217435
FU,FU,CHANGE,Region,FI,,Cropping,DIN,,report,84.7762098736726
FU,FU,CHANGE,Region,FI,,Dairy,DIN,,report,0.0
FU,FU,CHANGE,Region,FI,,Forestry,DIN,,report,90.67186703804327
FU,FU,CHANGE,Region,FI,,Grazing,DIN,,report,521.5199536486641
FU,FU,CHANGE,Region,FI,,Horticulture,DIN,,report,3.9255235801634822
FU,FU,CHANGE,Region,FI,,Stream,DIN,,report,50.00047462840699
FU,FU,CHANGE,Region,FI,,Sugarcane,DIN,,report,15.522117189224884
FU,FU,CHANGE,Region,FI,,Urban + Other,DIN,,report,49.586860534217045
FU,FU,CHANGE,Region,FI,,Bananas,FS,,report,0.0
FU,FU,CHANGE,Region,FI,,Conservation,FS,,report,66.19140994480924
FU,FU,CHANGE,Region,FI,,Cropping,FS,,report,58.67050991464314
FU,FU,CHANGE,Region,FI,,Dairy,FS,,report,0.0
FU,FU,CHANGE,Region,FI,,Forestry,FS,,report,41.62158424520732
FU,FU,CHANGE,Region,FI,,Grazing,FS,,report,876.0112109206098
FU,FU,CHANGE,Region,FI,,Horticulture,FS,,report,0.5458871737708774
FU,FU,CHANGE,Region,FI,,Stream,FS,,report,448.4981768835863
FU,FU,CHANGE,Region,FI,,Sugarcane,FS,,report,0.5959338281224952
FU,FU,CHANGE,Region,FI,,Urban + Other,FS,,report,11.374138441332244
FU,FU,CHANGE,Region,FI,,Bananas,PN,,report,0.0
FU,FU,CHANGE,Region,FI,,Conservation,PN,,report,245.38453212834605
FU,FU,CHANGE,Region,FI,,Cropping,PN,,report,326.2547832316009
FU,FU,CHANGE,Region,FI,,Dairy,PN,,report,0.0
FU,FU,CHANGE,Region,FI,,Forestry,PN,,report,150.89654239264576
FU,FU,CHANGE,Region,FI,,Grazing,PN,,report,1709.8854579039848
FU,FU,CHANGE,Region,FI,,Horticulture,PN,,report,0.26295021385442263
FU,FU,CHANGE,Region,FI,,Stream,PN,,report,554.6444046734466
FU,FU,CHANGE,Region,FI,,Sugarcane,PN,,report,3.445683563425483
FU,FU,CHANGE,Region,FI,,Urban + Other,PN,,report,6.69632218023924
FU,FU,CHANGE,Region,FI,,Bananas,PP,,report,0.0
FU,FU,CHANGE,Region,FI,,Conservation,PP,,report,94.65694148798107
FU,FU,CHANGE,Region,FI,,Cropping,PP,,report,114.58758661600422
FU,FU,CHANGE,Region,FI,,Dairy,PP,,report,0.0
FU,FU,CHANGE,Region,FI,,Forestry,PP,,report,62.66408861056367
FU,FU,CHANGE,Region,FI,,Grazing,PP,,report,952.3324323935509
FU,FU,CHANGE,Region,FI,,Horticulture,PP,,report,0.12504825460163507
FU,FU,CHANGE,Region,FI,,Stream,PP,,report,380.7379698278449
FU,FU,CHANGE,Region,FI,,Sugarcane,PP,,report,3.3558650909583942
FU,FU,CHANGE,Region,FI,,Urban + Other,PP,,report,4.371738743440579
FU,FU,CHANGE,Region,MW,,Bananas,DIN,,report,0.0
FU,FU,CHANGE,Region,MW,,Conservation,DIN,,report,57.52428918366845
FU,FU,CHANGE,Region,MW,,Cropping,DIN,,report,3.267403833503762
FU,FU,CHANGE,Region,MW,,Dairy,DIN,,report,0.0
FU,FU,CHANGE,Region,MW,,Forestry,DIN,,report,14.742658124258977
FU,FU,CHANGE,Region,MW,,Grazing,DIN,,report,193.89332697322106
FU,FU,CHANGE,Region,MW,,Horticulture,DIN,,report,7.086820765574022
FU,FU,CHANGE,Region,MW,,Stream,DIN,,report,18.973065706387924
FU,FU,CHANGE,Region,MW,,Sugarcane,DIN,,report,395.2757852351277
FU,FU,CHANGE,Region,MW,,Urban + Other,DIN,,report,84.40300359427701
FU,FU,CHANGE,Region,MW,,Bananas,FS,,report,0.0
FU,FU,CHANGE,Region,MW,,Conservation,FS,,report,13.579182718099712
FU,FU,CHANGE,Region,MW,,Cropping,FS,,report,0.5376453144172962
FU,FU,CHANGE,Region,MW,,Dairy,FS,,report,0.0
FU,FU,CHANGE,Region,MW,,Forestry,FS,,report,2.817767574616252
FU,FU,CHANGE,Region,MW,,Grazing,FS,,report,44.47112579286374
FU,FU,CHANGE,Region,MW,,Horticulture,FS,,report,1.1713264725048982
FU,FU,CHANGE,Region,MW,,Stream,FS,,report,324.866854578465
FU,FU,CHANGE,Region,MW,,Sugarcane,FS,,report,20.073450664781483
FU,FU,CHANGE,Region,MW,,Urban + Other,FS,,report,13.917525306468637
FU,FU,CHANGE,Region,MW,,Bananas,PN,,report,0.0
FU,FU,CHANGE,Region,MW,,Conservation,PN,,report,180.2909841691257
FU,FU,CHANGE,Region,MW,,Cropping,PN,,report,0.30941993990128197
FU,FU,CHANGE,Region,MW,,Dairy,PN,,report,0.0
FU,FU,CHANGE,Region,MW,,Forestry,PN,,report,54.71020605455788
FU,FU,CHANGE,Region,MW,,Grazing,PN,,report,608.0225370607234
FU,FU,CHANGE,Region,MW,,Horticulture,PN,,report,0.42692403891512126
FU,FU,CHANGE,Region,MW,,Stream,PN,,report,463.3764238643331
FU,FU,CHANGE,Region,MW,,Sugarcane,PN,,report,452.0533307354065
FU,FU,CHANGE,Region,MW,,Urban + Other,PN,,report,0.0
FU,FU,CHANGE,Region,MW,,Bananas,PP,,report,0.0
FU,FU,CHANGE,Region,MW,,Conservation,PP,,report,48.792842512044636
FU,FU,CHANGE,Region,MW,,Cropping,PP,,report,0.06262701600726979
FU,FU,CHANGE,Region,MW,,Dairy,PP,,report,0.0
FU,FU,CHANGE,Region,MW,,Forestry,PP,,report,14.117969652144359
FU,FU,CHANGE,Region,MW,,Grazing,PP,,report,120.39909802017047
FU,FU,CHANGE,Region,MW,,Horticulture,PP,,report,0.13858666431872546
FU,FU,CHANGE,Region,MW,,Stream,PP,,report,193.15533996594453
FU,FU,CHANGE,Region,MW,,Sugarcane,PP,,report,42.92745259293009
FU,FU,CHANGE,Region,MW,,Urban + Other,PP,,report,0.0
FU,FU,CHANGE,Region,WT,,Bananas,DIN,,report,612.8359416333723
FU,FU,CHANGE,Region,WT,,Conservation,DIN,,report,988.0448628766145
FU,FU,CHANGE,Region,WT,,Cropping,DIN,,report,15.317962393380267
FU,FU,CHANGE,Region,WT,,Dairy,DIN,,report,16.1733493735156
FU,FU,CHANGE,Region,WT,,Forestry,DIN,,report,62.936691002108454
FU,FU,CHANGE,Region,WT,,Grazing,DIN,,report,409.8929086437577
FU,FU,CHANGE,Region,WT,,Horticulture,DIN,,report,29.660661266434158
FU,FU,CHANGE,Region,WT,,Stream,DIN,,report,50.81661437100252
FU,FU,CHANGE,Region,WT,,Sugarcane,DIN,,report,1966.547892485949
FU,FU,CHANGE,Region,WT,,Urban + Other,DIN,,report,118.79540533859982
FU,FU,CHANGE,Region,WT,,Bananas,FS,,report,6.981161847026221
FU,FU,CHANGE,Region,WT,,Conservation,FS,,report,274.4269147050242
FU,FU,CHANGE,Region,WT,,Cropping,FS,,report,20.182550674202233
FU,FU,CHANGE,Region,WT,,Dairy,FS,,report,8.584908488054593
FU,FU,CHANGE,Region,WT,,Forestry,FS,,report,17.92873816089195
FU,FU,CHANGE,Region,WT,,Grazing,FS,,report,239.62890218506985
FU,FU,CHANGE,Region,WT,,Horticulture,FS,,report,22.350270740779806
FU,FU,CHANGE,Region,WT,,Stream,FS,,report,522.7908136857485
FU,FU,CHANGE,Region,WT,,Sugarcane,FS,,report,67.5252188971481
FU,FU,CHANGE,Region,WT,,Urban + Other,FS,,report,12.238527871495195
FU,FU,CHANGE,Region,WT,,Bananas,PN,,report,36.611292224644316
FU,FU,CHANGE,Region,WT,,Conservation,PN,,report,2354.632490985983
FU,FU,CHANGE,Region,WT,,Cropping,PN,,report,55.80850515687077
FU,FU,CHANGE,Region,WT,,Dairy,PN,,report,66.84721635410784
FU,FU,CHANGE,Region,WT,,Forestry,PN,,report,90.56194380814918
FU,FU,CHANGE,Region,WT,,Grazing,PN,,report,1720.9449482151713
FU,FU,CHANGE,Region,WT,,Horticulture,PN,,report,64.07650206920918
FU,FU,CHANGE,Region,WT,,Stream,PN,,report,636.6798655059595
FU,FU,CHANGE,Region,WT,,Sugarcane,PN,,report,512.1213538323119
FU,FU,CHANGE,Region,WT,,Urban + Other,PN,,report,38.70922657595346
FU,FU,CHANGE,Region,WT,,Bananas,PP,,report,31.31121221295215
FU,FU,CHANGE,Region,WT,,Conservation,PP,,report,364.3372965659106
FU,FU,CHANGE,Region,WT,,Cropping,PP,,report,29.346229134039522
FU,FU,CHANGE,Region,WT,,Dairy,PP,,report,29.807996895366465
FU,FU,CHANGE,Region,WT,,Forestry,PP,,report,14.674667726116354
FU,FU,CHANGE,Region,WT,,Grazing,PP,,report,437.95371696646004
FU,FU,CHANGE,Region,WT,,Horticulture,PP,,report,28.986522854520924
FU,FU,CHANGE,Region,WT,,Stream,PP,,report,379.6640513503542
FU,FU,CHANGE,Region,WT,,Sugarcane,PP,,report,160.70420097027417
FU,FU,CHANGE,Region,WT,,Urban + Other,PP,,report,8.416357363573349
FU,FU,PREDEV,Region,BM,,Bananas,DIN,,report,0.0
FU,FU,PREDEV,Region,BM,,Conservation,DIN,,report,56.53292080494012
FU,FU,PREDEV,Region,BM,,Cropping,DIN,,report,3.265553967943542
FU,FU,PREDEV,Region,BM,,Dairy,DIN,,report,1.2880464864199506
FU,FU,PREDEV,Region,BM,,Forestry,DIN,,report,53.38321711676464
FU,FU,PREDEV,Region,BM,,Grazing,DIN,,report,251.99172444625086
FU,FU,PREDEV,Region,BM,,Horticulture,DIN,,report,5.462271525481799
FU,FU,PREDEV,Region,BM,,Stream,DIN,,report,0.0
FU,FU,PREDEV,Region,BM,,Sugarcane,DIN,,report,7.572781813871339
FU,FU,PREDEV,Region,BM,,Urban + Other,DIN,,report,31.849598916269535
FU,FU,PREDEV,Region,BM,,Bananas,FS,,report,0.0
FU,FU,PREDEV,Region,BM,,Conservation,FS,,report,12.628546886898606
FU,FU,PREDEV,Region,BM,,Cropping,FS,,report,0.3640658050043618
FU,FU,PREDEV,Region,BM,,Dairy,FS,,report,0.14433522937229154
FU,FU,PREDEV,Region,BM,,Forestry,FS,,report,7.932312986801311
FU,FU,PREDEV,Region,BM,,Grazing,FS,,report,27.316872573997426
FU,FU,PREDEV,Region,BM,,Horticulture,FS,,report,1.1958716363938204
FU,FU,PREDEV,Region,BM,,Stream,FS,,report,70.52291558689548
FU,FU,PREDEV,Region,BM,,Sugarcane,FS,,report,0.3118368221541991
FU,FU,PREDEV,Region,BM,,Urban + Other,FS,,report,5.7808841936843836
FU,FU,PREDEV,Region,BM,,Bananas,PN,,report,0.0
FU,FU,PREDEV,Region,BM,,Conservation,PN,,report,69.01183912684482
FU,FU,PREDEV,Region,BM,,Cropping,PN,,report,0.21981574637335963
FU,FU,PREDEV,Region,BM,,Dairy,PN,,report,0.5391593643751218
FU,FU,PREDEV,Region,BM,,Forestry,PN,,report,60.11976442346569
FU,FU,PREDEV,Region,BM,,Grazing,PN,,report,168.58137404590826
FU,FU,PREDEV,Region,BM,,Horticulture,PN,,report,0.7044462919563297
FU,FU,PREDEV,Region,BM,,Stream,PN,,report,75.47310504683615
FU,FU,PREDEV,Region,BM,,Sugarcane,PN,,report,1.5273469270448983
FU,FU,PREDEV,Region,BM,,Urban + Other,PN,,report,3.0883911479004587
FU,FU,PREDEV,Region,BM,,Bananas,PP,,report,0.0
FU,FU,PREDEV,Region,BM,,Conservation,PP,,report,26.215596639604765
FU,FU,PREDEV,Region,BM,,Cropping,PP,,report,0.17098199635620676
FU,FU,PREDEV,Region,BM,,Dairy,PP,,report,0.2579455718618867
FU,FU,PREDEV,Region,BM,,Forestry,PP,,report,16.442087167991414
FU,FU,PREDEV,Region,BM,,Grazing,PP,,report,65.88438227105782
FU,FU,PREDEV,Region,BM,,Horticulture,PP,,report,0.32553743437690674
FU,FU,PREDEV,Region,BM,,Stream,PP,,report,32.73059753804667
FU,FU,PREDEV,Region,BM,,Sugarcane,PP,,report,1.106452124778941
FU,FU,PREDEV,Region,BM,,Urban + Other,PP,,report,1.3023909836306489
FU,FU,PREDEV,Region,BU,,Bananas,DIN,,report,0.0
FU,FU,PREDEV,Region,BU,,Conservation,DIN,,report,245.37891952582365
FU,FU,PREDEV,Region,BU,,Cropping,DIN,,report,2.174864141028337
FU,FU,PREDEV,Region,BU,,Dairy,DIN,,report,0.0
FU,FU,PREDEV,Region,BU,,Forestry,DIN,,report,18.63234157232068
FU,FU,PREDEV,Region,BU,,Grazing,DIN,,report,759.3233829092546
FU,FU,PREDEV,Region,BU,,Horticulture,DIN,,report,2.6991157993973767
FU,FU,PREDEV,Region,BU,,Stream,DIN,,report,0.0
FU,FU,PREDEV,Region,BU,,Sugarcane,DIN,,report,0.0
FU,FU,PREDEV,Region,BU,,Urban + Other,DIN,,report,14.934113265400118
FU,FU,PREDEV,Region,BU,,Bananas,FS,,report,0.0
FU,FU,PREDEV,Region,BU,,Conservation,FS,,report,118.77544812559718
FU,FU,PREDEV,Region,BU,,Cropping,FS,,report,0.0406032173380038
FU,FU,PREDEV,Region,BU,,Dairy,FS,,report,0.0
FU,FU,PREDEV,Region,BU,,Forestry,FS,,report,9.579890409159463
FU,FU,PREDEV,Region,BU,,Grazing,FS,,report,301.50056613192436
FU,FU,PREDEV,Region,BU,,Horticulture,FS,,report,0.5360974887230775
FU,FU,PREDEV,Region,BU,,Stream,FS,,report,81.21341068555542
FU,FU,PREDEV,Region,BU,,Sugarcane,FS,,report,0.2570238203918722
FU,FU,PREDEV,Region,BU,,Urban + Other,FS,,report,2.0575549505238033
FU,FU,PREDEV,Region,BU,,Bananas,PN,,report,0.0
FU,FU,PREDEV,Region,BU,,Conservation,PN,,report,427.1317965838025
FU,FU,PREDEV,Region,BU,,Cropping,PN,,report,0.07991580354298773
FU,FU,PREDEV,Region,BU,,Dairy,PN,,report,0.0
FU,FU,PREDEV,Region,BU,,Forestry,PN,,report,30.258286597039696
FU,FU,PREDEV,Region,BU,,Grazing,PN,,report,360.92133445173255
FU,FU,PREDEV,Region,BU,,Horticulture,PN,,report,0.35539487675898135
FU,FU,PREDEV,Region,BU,,Stream,PN,,report,67.53248062911068
FU,FU,PREDEV,Region,BU,,Sugarcane,PN,,report,10.40152731112529
FU,FU,PREDEV,Region,BU,,Urban + Other,PN,,report,2.216767721808923
FU,FU,PREDEV,Region,BU,,Bananas,PP,,report,0.0
FU,FU,PREDEV,Region,BU,,Conservation,PP,,report,166.22236451141947
FU,FU,PREDEV,Region,BU,,Cropping,PP,,report,0.059608344824576366
FU,FU,PREDEV,Region,BU,,Dairy,PP,,report,0.0
FU,FU,PREDEV,Region,BU,,Forestry,PP,,report,17.097200915436087
FU,FU,PREDEV,Region,BU,,Grazing,PP,,report,245.23892544186376
FU,FU,PREDEV,Region,BU,,Horticulture,PP,,report,0.3910237041239873
FU,FU,PREDEV,Region,BU,,Stream,PP,,report,72.14930484338147
FU,FU,PREDEV,Region,BU,,Sugarcane,PP,,report,11.285909851199184
FU,FU,PREDEV,Region,BU,,Urban + Other,PP,,report,1.1292600521654834
FU,FU,PREDEV,Region,CY,,Bananas,DIN,,report,0.05828581816369649
FU,FU,PREDEV,Region,CY,,Conservation,DIN,,report,361.1114494071641
FU,FU,PREDEV,Region,CY,,Cropping,DIN,,report,0.2607898696463422
FU,FU,PREDEV,Region,CY,,Dairy,DIN,,report,0.0
FU,FU,PREDEV,Region,CY,,Forestry,DIN,,report,0.7366701672750771
FU,FU,PREDEV,Region,CY,,Grazing,DIN,,report,106.48033350135597
FU,FU,PREDEV,Region,CY,,Horticulture,DIN,,report,0.029939092822988702
FU,FU,PREDEV,Region,CY,,Stream,DIN,,report,0.0
FU,FU,PREDEV,Region,CY,,Sugarcane,DIN,,report,0.0
FU,FU,PREDEV,Region,CY,,Urban + Other,DIN,,report,0.9119339342176876
FU,FU,PREDEV,Region,CY,,Bananas,FS,,report,0.01630792365217086
FU,FU,PREDEV,Region,CY,,Conservation,FS,,report,205.5555221274232
FU,FU,PREDEV,Region,CY,,Cropping,FS,,report,0.07516862279890109
FU,FU,PREDEV,Region,CY,,Dairy,FS,,report,0.0
FU,FU,PREDEV,Region,CY,,Forestry,FS,,report,0.8239343890918467
FU,FU,PREDEV,Region,CY,,Grazing,FS,,report,11.260128347474982
FU,FU,PREDEV,Region,CY,,Horticulture,FS,,report,0.012890544734552959
FU,FU,PREDEV,Region,CY,,Stream,FS,,report,22.408549753206252
FU,FU,PREDEV,Region,CY,,Sugarcane,FS,,report,0.0
FU,FU,PREDEV,Region,CY,,Urban + Other,FS,,report,0.45576398058315365
FU,FU,PREDEV,Region,CY,,Bananas,PN,,report,0.0
FU,FU,PREDEV,Region,CY,,Conservation,PN,,report,1263.5422438952382
FU,FU,PREDEV,Region,CY,,Cropping,PN,,report,0.02974560787305445
FU,FU,PREDEV,Region,CY,,Dairy,PN,,report,0.0
FU,FU,PREDEV,Region,CY,,Forestry,PN,,report,5.539195738428391
FU,FU,PREDEV,Region,CY,,Grazing,PN,,report,84.44203604965251
FU,FU,PREDEV,Region,CY,,Horticulture,PN,,report,0.00678767397802212
FU,FU,PREDEV,Region,CY,,Stream,PN,,report,16.321660865917902
FU,FU,PREDEV,Region,CY,,Sugarcane,PN,,report,0.0
FU,FU,PREDEV,Region,CY,,Urban + Other,PN,,report,0.16343195424421103
FU,FU,PREDEV,Region,CY,,Bananas,PP,,report,0.0
FU,FU,PREDEV,Region,CY,,Conservation,PP,,report,405.2359314087456
FU,FU,PREDEV,Region,CY,,Cropping,PP,,report,0.016542698656018796
FU,FU,PREDEV,Region,CY,,Dairy,PP,,report,0.0
FU,FU,PREDEV,Region,CY,,Forestry,PP,,report,2.2421201392935686
FU,FU,PREDEV,Region,CY,,Grazing,PP,,report,35.3839311178378
FU,FU,PREDEV,Region,CY,,Horticulture,PP,,report,0.002391431812941798
FU,FU,PREDEV,Region,CY,,Stream,PP,,report,9.337003343239019
FU,FU,PREDEV,Region,CY,,Sugarcane,PP,,report,0.0
FU,FU,PREDEV,Region,CY,,Urban + Other,PP,,report,0.060521286425877306
FU,FU,PREDEV,Region,FI,,Bananas,DIN,,report,0.0
FU,FU,PREDEV,Region,FI,,Conservation,DIN,,report,38.347890560810434
FU,FU,PREDEV,Region,FI,,Cropping,DIN,,report,7.358252790158805
FU,FU,PREDEV,Region,FI,,Dairy,DIN,,report,0.0
FU,FU,PREDEV,Region,FI,,Forestry,DIN,,report,68.00789622181885
FU,FU,PREDEV,Region,FI,,Grazing,DIN,,report,521.3979501799156
FU,FU,PREDEV,Region,FI,,Horticulture,DIN,,report,0.13691321062812326
FU,FU,PREDEV,Region,FI,,Stream,DIN,,report,0.0
FU,FU,PREDEV,Region,FI,,Sugarcane,DIN,,report,0.5971669531721443
FU,FU,PREDEV,Region,FI,,Urban + Other,DIN,,report,6.192322183076175
FU,FU,PREDEV,Region,FI,,Bananas,FS,,report,0.0
FU,FU,PREDEV,Region,FI,,Conservation,FS,,report,39.096763911568516
FU,FU,PREDEV,Region,FI,,Cropping,FS,,report,0.48258578839819505
FU,FU,PREDEV,Region,FI,,Dairy,FS,,report,0.0
FU,FU,PREDEV,Region,FI,,Forestry,FS,,report,15.212685984523288
FU,FU,PREDEV,Region,FI,,Grazing,FS,,report,85.98447637684104
FU,FU,PREDEV,Region,FI,,Horticulture,FS,,report,0.016635629445370333
FU,FU,PREDEV,Region,FI,,Stream,FS,,report,155.99471741606325
FU,FU,PREDEV,Region,FI,,Sugarcane,FS,,report,0.11440506644276723
FU,FU,PREDEV,Region,FI,,Urban + Other,FS,,report,1.0365689231945006
FU,FU,PREDEV,Region,FI,,Bananas,PN,,report,0.0
FU,FU,PREDEV,Region,FI,,Conservation,PN,,report,226.0532829900538
FU,FU,PREDEV,Region,FI,,Cropping,PN,,report,2.095874709083476
FU,FU,PREDEV,Region,FI,,Dairy,PN,,report,0.0
FU,FU,PREDEV,Region,FI,,Forestry,PN,,report,134.73492416615247
FU,FU,PREDEV,Region,FI,,Grazing,PN,,report,596.8175180088997
FU,FU,PREDEV,Region,FI,,Horticulture,PN,,report,0.008242362319444365
FU,FU,PREDEV,Region,FI,,Stream,PN,,report,213.0080754456766
FU,FU,PREDEV,Region,FI,,Sugarcane,PN,,report,0.0
FU,FU,PREDEV,Region,FI,,Urban + Other,PN,,report,2.99199262423076
FU,FU,PREDEV,Region,FI,,Bananas,PP,,report,0.0
FU,FU,PREDEV,Region,FI,,Conservation,PP,,report,85.99683935151842
FU,FU,PREDEV,Region,FI,,Cropping,PP,,report,0.9390069498223936
FU,FU,PREDEV,Region,FI,,Dairy,PP,,report,0.0
FU,FU,PREDEV,Region,FI,,Forestry,PP,,report,55.193656471829904
FU,FU,PREDEV,Region,FI,,Grazing,PP,,report,351.2601586908512
FU,FU,PREDEV,Region,FI,,Horticulture,PP,,report,0.003935797350685523
FU,FU,PREDEV,Region,FI,,Stream,PP,,report,136.70592932685483
FU,FU,PREDEV,Region,FI,,Sugarcane,PP,,report,0.0
FU,FU,PREDEV,Region,FI,,Urban + Other,PP,,report,2.0050411705386852
FU,FU,PREDEV,Region,MW,,Bananas,DIN,,report,0.0
FU,FU,PREDEV,Region,MW,,Conservation,DIN,,report,57.91811171729484
FU,FU,PREDEV,Region,MW,,Cropping,DIN,,report,0.3109637684244796
FU,FU,PREDEV,Region,MW,,Dairy,DIN,,report,0.0
FU,FU,PREDEV,Region,MW,,Forestry,DIN,,report,14.902809936827841
FU,FU,PREDEV,Region,MW,,Grazing,DIN,,report,168.8476616749019
FU,FU,PREDEV,Region,MW,,Horticulture,DIN,,report,0.3427479975610646
FU,FU,PREDEV,Region,MW,,Stream,DIN,,report,0.0
FU,FU,PREDEV,Region,MW,,Sugarcane,DIN,,report,44.01321963209566
FU,FU,PREDEV,Region,MW,,Urban + Other,DIN,,report,11.76564742363119
FU,FU,PREDEV,Region,MW,,Bananas,FS,,report,0.0
FU,FU,PREDEV,Region,MW,,Conservation,FS,,report,13.574022786937652
FU,FU,PREDEV,Region,MW,,Cropping,FS,,report,0.0123355174620766
FU,FU,PREDEV,Region,MW,,Dairy,FS,,report,0.0
FU,FU,PREDEV,Region,MW,,Forestry,FS,,report,2.800747789143822
FU,FU,PREDEV,Region,MW,,Grazing,FS,,report,7.674459749811968
FU,FU,PREDEV,Region,MW,,Horticulture,FS,,report,0.013949517238713714
FU,FU,PREDEV,Region,MW,,Stream,FS,,report,70.10432226708464
FU,FU,PREDEV,Region,MW,,Sugarcane,FS,,report,1.668842355872617
FU,FU,PREDEV,Region,MW,,Urban + Other,FS,,report,0.4786530155688613
FU,FU,PREDEV,Region,MW,,Bananas,PN,,report,0.0
FU,FU,PREDEV,Region,MW,,Conservation,PN,,report,180.5752260144872
FU,FU,PREDEV,Region,MW,,Cropping,PN,,report,0.010778037290670847
FU,FU,PREDEV,Region,MW,,Dairy,PN,,report,0.0
FU,FU,PREDEV,Region,MW,,Forestry,PN,,report,54.860995469155256
FU,FU,PREDEV,Region,MW,,Grazing,PN,,report,111.91318254764889
FU,FU,PREDEV,Region,MW,,Horticulture,PN,,report,0.008727921321573844
FU,FU,PREDEV,Region,MW,,Stream,PN,,report,82.07419490139242
FU,FU,PREDEV,Region,MW,,Sugarcane,PN,,report,0.714883092674311
FU,FU,PREDEV,Region,MW,,Urban + Other,PN,,report,0.3249191768830044
FU,FU,PREDEV,Region,MW,,Bananas,PP,,report,0.0
FU,FU,PREDEV,Region,MW,,Conservation,PP,,report,48.77108571666997
FU,FU,PREDEV,Region,MW,,Cropping,PP,,report,0.004065320958325357
FU,FU,PREDEV,Region,MW,,Dairy,PP,,report,0.0
FU,FU,PREDEV,Region,MW,,Forestry,PP,,report,14.140370698989498
FU,FU,PREDEV,Region,MW,,Grazing,PP,,report,22.862219011184717
FU,FU,PREDEV,Region,MW,,Horticulture,PP,,report,0.005553747629316581
FU,FU,PREDEV,Region,MW,,Stream,PP,,report,39.699781228656725
FU,FU,PREDEV,Region,MW,,Sugarcane,PP,,report,0.21551015396443965
FU,FU,PREDEV,Region,MW,,Urban + Other,PP,,report,0.07975833229008084
FU,FU,PREDEV,Region,WT,,Bananas,DIN,,report,15.22022555916439
FU,FU,PREDEV,Region,WT,,Conservation,DIN,,report,987.8834282314372
FU,FU,PREDEV,Region,WT,,Cropping,DIN,,report,3.8904755235606556
FU,FU,PREDEV,Region,WT,,Dairy,DIN,,report,3.964442648101402
FU,FU,PREDEV,Region,WT,,Forestry,DIN,,report,31.893672290150402
FU,FU,PREDEV,Region,WT,,Grazing,DIN,,report,178.84028527764355
FU,FU,PREDEV,Region,WT,,Horticulture,DIN,,report,4.143310884555923
FU,FU,PREDEV,Region,WT,,Stream,DIN,,report,0.0
FU,FU,PREDEV,Region,WT,,Sugarcane,DIN,,report,156.48762752625316
FU,FU,PREDEV,Region,WT,,Urban + Other,DIN,,report,36.189036179036826
FU,FU,PREDEV,Region,WT,,Bananas,FS,,report,0.6180817948023695
FU,FU,PREDEV,Region,WT,,Conservation,FS,,report,269.5385952884641
FU,FU,PREDEV,Region,WT,,Cropping,FS,,report,0.16362508643483512
FU,FU,PREDEV,Region,WT,,Dairy,FS,,report,0.27836492462868645
FU,FU,PREDEV,Region,WT,,Forestry,FS,,report,16.391129498952882
FU,FU,PREDEV,Region,WT,,Grazing,FS,,report,15.979773743400903
FU,FU,PREDEV,Region,WT,,Horticulture,FS,,report,0.17617562682170665
FU,FU,PREDEV,Region,WT,,Stream,FS,,report,257.6771641278437
FU,FU,PREDEV,Region,WT,,Sugarcane,FS,,report,7.026384472260923
FU,FU,PREDEV,Region,WT,,Urban + Other,FS,,report,1.5370878295586983
FU,FU,PREDEV,Region,WT,,Bananas,PN,,report,0.14968721548048944
FU,FU,PREDEV,Region,WT,,Conservation,PN,,report,2352.5035754811975
FU,FU,PREDEV,Region,WT,,Cropping,PN,,report,0.3569719611442456
FU,FU,PREDEV,Region,WT,,Dairy,PN,,report,2.218212828240032
FU,FU,PREDEV,Region,WT,,Forestry,PN,,report,89.29657273560058
FU,FU,PREDEV,Region,WT,,Grazing,PN,,report,117.56169218740176
FU,FU,PREDEV,Region,WT,,Horticulture,PN,,report,0.3609960764008478
FU,FU,PREDEV,Region,WT,,Stream,PN,,report,332.863426693386
FU,FU,PREDEV,Region,WT,,Sugarcane,PN,,report,1.1704365266585193
FU,FU,PREDEV,Region,WT,,Urban + Other,PN,,report,3.7561592073571597
FU,FU,PREDEV,Region,WT,,Bananas,PP,,report,0.0
FU,FU,PREDEV,Region,WT,,Conservation,PP,,report,362.66090180757396
FU,FU,PREDEV,Region,WT,,Cropping,PP,,report,0.21076506353787774
FU,FU,PREDEV,Region,WT,,Dairy,PP,,report,1.0234148745457208
FU,FU,PREDEV,Region,WT,,Forestry,PP,,report,14.153697764878448
FU,FU,PREDEV,Region,WT,,Grazing,PP,,report,34.0013826162679
FU,FU,PREDEV,Region,WT,,Horticulture,PP,,report,0.1628775319578636
FU,FU,PREDEV,Region,WT,,Stream,PP,,report,160.40805193647697
FU,FU,PREDEV,Region,WT,,Sugarcane,PP,,report,0.74209854535983
FU,FU,PREDEV,Region,WT,,Urban + Other,PP,,report,0.8142597575756638
PROCESS,PROCESS,BASE,Region,BM,,,DIN,PointSource,report,705820.6096890001
PROCESS,PROCESS,BASE,Region,BM,,,DIN,Seepage,report,4683313.07720426
PROCESS,PROCESS,BASE,Region,BM,,,DIN,SurfaceRunoff,report,20779748.223386016
PROCESS,PROCESS,BASE,Region,BM,,,FS,ChannelRemobilisation,report,0.0
PROCESS,PROCESS,BASE,Region,BM,,,FS,Gully,report,1632655148.382302
PROCESS,PROCESS,BASE,Region,BM,,,FS,Hillslope,report,5654516038.061522
PROCESS,PROCESS,BASE,Region,BM,,,FS,Streambank,report,10912874174.91162
PROCESS,PROCESS,BASE,Region,BM,,,PN,ChannelRemobilisation,report,0.0
PROCESS,PROCESS,BASE,Region,BM,,,PN,Gully,report,1367117.4628705138
PROCESS,PROCESS,BASE,Region,BM,,,PN,Hillslope,report,33065436.917408355
PROCESS,PROCESS,BASE,Region,BM,,,PN,Streambank,report,12997326.909476038
PROCESS,PROCESS,BASE,Region,BM,,,PP,ChannelRemobilisation,report,0.0
PROCESS,PROCESS,BASE,Region,BM,,,PP,Gully,report,1101876.4201281532
PROCESS,PROCESS,BASE,Region,BM,,,PP,Hillslope,report,10559742.571346488
PROCESS,PROCESS,BASE,Region,BM,,,PP,Streambank,report,6161199.493539445
PROCESS,PROCESS,BASE,Region,BU,,,DIN,PointSource,report,1364080.3867398426
PROCESS,PROCESS,BASE,Region,BU,,,DIN,Seepage,report,18300151.72270188
PROCESS,PROCESS,BASE,Region,BU,,,DIN,SurfaceRunoff,report,37175674.98104639
PROCESS,PROCESS,BASE,Region,BU,,,FS,ChannelRemobilisation,report,0.0
PROCESS,PROCESS,BASE,Region,BU,,,FS,Gully,report,84123880323.52592
PROCESS,PROCESS,BASE,Region,BU,,,FS,Hillslope,report,14164482850.567646
PROCESS,PROCESS,BASE,Region,BU,,,FS,Streambank,report,4890209206.281417
PROCESS,PROCESS,BASE,Region,BU,,,PN,ChannelRemobilisation,report,0.0
PROCESS,PROCESS,BASE,Region,BU,,,PN,Gully,report,76867214.10279812
PROCESS,PROCESS,BASE,Region,BU,,,PN,Hillslope,report,45946539.41091502
PROCESS,PROCESS,BASE,Region,BU,,,PN,Streambank,report,4478683.547003472
PROCESS,PROCESS,BASE,Region,BU,,,PP,ChannelRemobilisation,report,0.0
PROCESS,PROCESS,BASE,Region,BU,,,PP,Gully,report,50949680.06951918
PROCESS,PROCESS,BASE,Region,BU,,,PP,Hillslope,report,26635159.96714347
PROCESS,PROCESS,BASE,Region,BU,,,PP,Streambank,report,4408120.962188689
PROCESS,PROCESS,BASE,Region,CY,,,DIN,PointSource,report,3405.20131000164
PROCESS,PROCESS,BASE,Region,CY,,,DIN,Seepage,report,107756.32330888754
PROCESS,PROCESS,BASE,Region,CY,,,DIN,SurfaceRunoff,report,15752339.276444789
PROCESS,PROCESS,BASE,Region,CY,,,FS,ChannelRemobilisation,report,0.0
PROCESS,PROCESS,BASE,Region,CY,,,FS,Gully,report,3839655189.0212083
PROCESS,PROCESS,BASE,Region,CY,,,FS,Hillslope,report,7101422581.249681
PROCESS,PROCESS,BASE,Region,CY,,,FS,Streambank,report,958408749.4926891
PROCESS,PROCESS,BASE,Region,CY,,,PN,ChannelRemobilisation,report,0.0
PROCESS,PROCESS,BASE,Region,CY,,,PN,Gully,report,4684955.482523815
PROCESS,PROCESS,BASE,Region,CY,,,PN,Hillslope,report,44873183.32514614
PROCESS,PROCESS,BASE,Region,CY,,,PN,Streambank,report,702804.1119605253
PROCESS,PROCESS,BASE,Region,CY,,,PP,ChannelRemobilisation,report,0.0
PROCESS,PROCESS,BASE,Region,CY,,,PP,Gully,report,2337964.6516825305
PROCESS,PROCESS,BASE,Region,CY,,,PP,Hillslope,report,13557706.790067269
PROCESS,PROCESS,BASE,Region,CY,,,PP,Streambank,report,391020.32624583127
PROCESS,PROCESS,BASE,Region,FI,,,DIN,PointSource,report,1500014.2388522096
PROCESS,PROCESS,BASE,Region,FI,,,DIN,Seepage,report,303907.4980418583
PROCESS,PROCESS,BASE,Region,FI,,,DIN,SurfaceRunoff,report,23827303.48420423
PROCESS,PROCESS,BASE,Region,FI,,,FS,ChannelRemobilisation,report,0.0
PROCESS,PROCESS,BASE,Region,FI,,,FS,Gully,report,24544384185.473347
PROCESS,PROCESS,BASE,Region,FI,,,FS,Hillslope,report,7258565392.250387
PROCESS,PROCESS,BASE,Region,FI,,,FS,Streambank,report,14476021408.143358
PROCESS,PROCESS,BASE,Region,FI,,,PN,ChannelRemobilisation,report,0.0
PROCESS,PROCESS,BASE,Region,FI,,,PN,Gully,report,31623775.3424077
PROCESS,PROCESS,BASE,Region,FI,,,PN,Hillslope,report,42404171.949974634
PROCESS,PROCESS,BASE,Region,FI,,,PN,Streambank,report,18802234.1598469
PROCESS,PROCESS,BASE,Region,FI,,,PP,ChannelRemobilisation,report,0.0
PROCESS,PROCESS,BASE,Region,FI,,,PP,Gully,report,18632599.84354566
PROCESS,PROCESS,BASE,Region,FI,,,PP,Hillslope,report,18645652.329921354
PROCESS,PROCESS,BASE,Region,FI,,,PP,Streambank,report,12381379.084648993
PROCESS,PROCESS,BASE,Region,MW,,,DIN,PointSource,report,569178.8696696181
PROCESS,PROCESS,BASE,Region,MW,,,DIN,Seepage,report,6668338.891675819
PROCESS,PROCESS,BASE,Region,MW,,,DIN,SurfaceRunoff,report,16084953.150020033
PROCESS,PROCESS,BASE,Region,MW,,,FS,ChannelRemobilisation,report,0.0
PROCESS,PROCESS,BASE,Region,MW,,,FS,Gully,report,97399018.33607815
PROCESS,PROCESS,BASE,Region,MW,,,FS,Hillslope,report,2811970553.1033335
PROCESS,PROCESS,BASE,Region,MW,,,FS,Streambank,report,9954852043.179466
PROCESS,PROCESS,BASE,Region,MW,,,PN,ChannelRemobilisation,report,0.0
PROCESS,PROCESS,BASE,Region,MW,,,PN,Gully,report,133751.07442251302
PROCESS,PROCESS,BASE,Region,MW,,,PN,Hillslope,report,39015569.87528547
PROCESS,PROCESS,BASE,Region,MW,,,PN,Streambank,report,14373323.481678708
PROCESS,PROCESS,BASE,Region,MW,,,PP,ChannelRemobilisation,report,0.0
PROCESS,PROCESS,BASE,Region,MW,,,PP,Gully,report,58191.49674388518
PROCESS,PROCESS,BASE,Region,MW,,,PP,Hillslope,report,6757500.407429144
PROCESS,PROCESS,BASE,Region,MW,,,PP,Streambank,report,5932332.974730812
PROCESS,PROCESS,BASE,Region,WT,,,DIN,PointSource,report,1524525.140451914
PROCESS,PROCESS,BASE,Region,WT,,,DIN,Seepage,report,70907042.84814392
PROCESS,PROCESS,BASE,Region,WT,,,DIN,SurfaceRunoff,report,58561024.670101985
PROCESS,PROCESS,BASE,Region,WT,,,FS,ChannelRemobilisation,report,0.0
PROCESS,PROCESS,BASE,Region,WT,,,FS,Gully,report,749379660.5383346
PROCESS,PROCESS,BASE,Region,WT,,,FS,Hillslope,report,19369647257.965725
PROCESS,PROCESS,BASE,Region,WT,,,FS,Streambank,report,15742757825.437626
PROCESS,PROCESS,BASE,Region,WT,,,PN,ChannelRemobilisation,report,0.0
PROCESS,PROCESS,BASE,Region,WT,,,PN,Gully,report,918641.9087506193
PROCESS,PROCESS,BASE,Region,WT,,,PN,Hillslope,report,147482941.65920734
PROCESS,PROCESS,BASE,Region,WT,,,PN,Streambank,report,19193787.88295932
PROCESS,PROCESS,BASE,Region,WT,,,PP,ChannelRemobilisation,report,0.0
PROCESS,PROCESS,BASE,Region,WT,,,PP,Gully,report,547516.4172767698
PROCESS,PROCESS,BASE,Region,WT,,,PP,Hillslope,report,32667576.29790557
PROCESS,PROCESS,BASE,Region,WT,,,PP,Streambank,report,11420985.721808063
