Scenario,Region,Basin,Constituent,BasinScale,Units,LoadToRegExport
BASE,BM,Baffle,DIN,Manag_Unit_48,t/yr,90.8103972067692
BASE,BM,Baffle,DIP,Manag_Unit_48,t/yr,23.516277650351434
BASE,BM,Baffle,DON,Manag_Unit_48,t/yr,350.6102874935411
BASE,BM,Baffle,DOP,Manag_Unit_48,t/yr,13.728734463269701
BASE,BM,Baffle,FS,Manag_Unit_48,kt/yr,26.87539512064479
BASE,BM,Baffle,PN,Manag_Unit_48,t/yr,99.71326930134823
BASE,BM,Baffle,PP,Manag_Unit_48,t/yr,54.520897532610476
BASE,BM,Burnett,DIN,Manag_Unit_48,t/yr,224.83406609825883
BASE,BM,Burnett,DIP,Manag_Unit_48,t/yr,44.6516532639793
BASE,BM,Burnett,DON,Manag_Unit_48,t/yr,482.7046369216822
BASE,BM,Burnett,DOP,Manag_Unit_48,t/yr,22.762181054742168
BASE,BM,Burnett,FS,Manag_Unit_48,kt/yr,239.50183205511175
BASE,BM,Burnett,PN,Manag_Unit_48,t/yr,562.2191192987652
BASE,BM,Burnett,PP,Manag_Unit_48,t/yr,193.6728445719585
BASE,BM,Burrum,DIN,Manag_Unit_48,t/yr,76.9922206448767
BASE,BM,Burrum,DIP,Manag_Unit_48,t/yr,14.972940850566399
BASE,BM,Burrum,DON,Manag_Unit_48,t/yr,162.8173414013323
BASE,BM,Burrum,DOP,Manag_Unit_48,t/yr,7.401716774615
BASE,BM,Burrum,FS,Manag_Unit_48,kt/yr,14.682937690796358
BASE,BM,Burrum,PN,Manag_Unit_48,t/yr,48.14796050323103
BASE,BM,Burrum,PP,Manag_Unit_48,t/yr,16.214563348402834
BASE,BM,Kolan,DIN,Manag_Unit_48,t/yr,90.18655827123196
BASE,BM,Kolan,DIP,Manag_Unit_48,t/yr,13.366370567127701
BASE,BM,Kolan,DON,Manag_Unit_48,t/yr,173.53119891385754
BASE,BM,Kolan,DOP,Manag_Unit_48,t/yr,7.401401390334333
BASE,BM,Kolan,FS,Manag_Unit_48,kt/yr,47.32681123784343
BASE,BM,Kolan,PN,Manag_Unit_48,t/yr,163.81510831558865
BASE,BM,Kolan,PP,Manag_Unit_48,t/yr,54.500676732001
BASE,BM,Mary,DIN,Manag_Unit_48,t/yr,389.47282145483916
BASE,BM,Mary,DIP,Manag_Unit_48,t/yr,46.64977187093777
BASE,BM,Mary,DON,Manag_Unit_48,t/yr,933.9056633084733
BASE,BM,Mary,DOP,Manag_Unit_48,t/yr,36.0390869219554
BASE,BM,Mary,FS,Manag_Unit_48,kt/yr,278.2812026074517
BASE,BM,Mary,PN,Manag_Unit_48,t/yr,707.1005855728972
BASE,BM,Mary,PP,Manag_Unit_48,t/yr,275.18496731549675
BASE,BU,Belyando,DIN,Manag_Unit_48,t/yr,27.24932500775771
BASE,BU,Belyando,DIP,Manag_Unit_48,t/yr,27.111087164028287
BASE,BU,Belyando,DON,Manag_Unit_48,t/yr,235.6618481699373
BASE,BU,Belyando,DOP,Manag_Unit_48,t/yr,11.105886980588298
BASE,BU,Belyando,FS,Manag_Unit_48,kt/yr,26.16051324739263
BASE,BU,Belyando,PN,Manag_Unit_48,t/yr,22.977976351974757
BASE,BU,Belyando,PP,Manag_Unit_48,t/yr,19.269000707658197
BASE,BU,Black,DIN,Manag_Unit_48,t/yr,57.511446488078874
BASE,BU,Black,DIP,Manag_Unit_48,t/yr,22.64626549591216
BASE,BU,Black,DON,Manag_Unit_48,t/yr,179.48121498567494
BASE,BU,Black,DOP,Manag_Unit_48,t/yr,8.04687295385629
BASE,BU,Black,FS,Manag_Unit_48,kt/yr,37.57214178076261
BASE,BU,Black,PN,Manag_Unit_48,t/yr,68.86476365491482
BASE,BU,Black,PP,Manag_Unit_48,t/yr,26.56741382190892
BASE,BU,Bowen Bogie,DIN,Manag_Unit_48,t/yr,240.62957950053473
BASE,BU,Bowen Bogie,DIP,Manag_Unit_48,t/yr,66.06418801018506
BASE,BU,Bowen Bogie,DON,Manag_Unit_48,t/yr,394.770283771829
BASE,BU,Bowen Bogie,DOP,Manag_Unit_48,t/yr,24.869836192510714
BASE,BU,Bowen Bogie,FS,Manag_Unit_48,kt/yr,1681.1967698370509
BASE,BU,Bowen Bogie,PN,Manag_Unit_48,t/yr,1993.927822249963
BASE,BU,Bowen Bogie,PP,Manag_Unit_48,t/yr,1401.893571177237
BASE,BU,Burdekin Delta,DIN,Manag_Unit_48,t/yr,423.1886550339644
BASE,BU,Burdekin Delta,DIP,Manag_Unit_48,t/yr,32.5520882290258
BASE,BU,Burdekin Delta,DON,Manag_Unit_48,t/yr,69.76345404282291
BASE,BU,Burdekin Delta,DOP,Manag_Unit_48,t/yr,9.572454773710096
BASE,BU,Burdekin Delta,FS,Manag_Unit_48,kt/yr,33.68739774077541
BASE,BU,Burdekin Delta,PN,Manag_Unit_48,t/yr,90.54376302402176
BASE,BU,Burdekin Delta,PP,Manag_Unit_48,t/yr,53.336054587956816
BASE,BU,Cape Campaspe,DIN,Manag_Unit_48,t/yr,31.39898609652982
BASE,BU,Cape Campaspe,DIP,Manag_Unit_48,t/yr,16.23299584300551
BASE,BU,Cape Campaspe,DON,Manag_Unit_48,t/yr,212.185239939919
BASE,BU,Cape Campaspe,DOP,Manag_Unit_48,t/yr,15.970449371703424
BASE,BU,Cape Campaspe,FS,Manag_Unit_48,kt/yr,48.688183689665536
BASE,BU,Cape Campaspe,PN,Manag_Unit_48,t/yr,95.4412388990403
BASE,BU,Cape Campaspe,PP,Manag_Unit_48,t/yr,33.099487918285575
BASE,BU,Don,DIN,Manag_Unit_48,t/yr,101.91996715806238
BASE,BU,Don,DIP,Manag_Unit_48,t/yr,38.53087363556934
BASE,BU,Don,DON,Manag_Unit_48,t/yr,178.6298888311553
BASE,BU,Don,DOP,Manag_Unit_48,t/yr,19.210750040683156
BASE,BU,Don,FS,Manag_Unit_48,kt/yr,151.72552493643337
BASE,BU,Don,PN,Manag_Unit_48,t/yr,288.76022639910934
BASE,BU,Don,PP,Manag_Unit_48,t/yr,126.51457570142705
BASE,BU,East Burdekin,DIN,Manag_Unit_48,t/yr,48.875923781973874
BASE,BU,East Burdekin,DIP,Manag_Unit_48,t/yr,12.347898190068944
BASE,BU,East Burdekin,DON,Manag_Unit_48,t/yr,80.19672151742782
BASE,BU,East Burdekin,DOP,Manag_Unit_48,t/yr,4.870575300301147
BASE,BU,East Burdekin,FS,Manag_Unit_48,kt/yr,119.74486725153227
BASE,BU,East Burdekin,PN,Manag_Unit_48,t/yr,111.1654026029121
BASE,BU,East Burdekin,PP,Manag_Unit_48,t/yr,102.60613099355905
BASE,BU,Haughton,DIN,Manag_Unit_48,t/yr,388.73457712311273
BASE,BU,Haughton,DIP,Manag_Unit_48,t/yr,55.23795615922211
BASE,BU,Haughton,DON,Manag_Unit_48,t/yr,301.42582514835055
BASE,BU,Haughton,DOP,Manag_Unit_48,t/yr,19.086264401259754
BASE,BU,Haughton,FS,Manag_Unit_48,kt/yr,101.28641697399645
BASE,BU,Haughton,PN,Manag_Unit_48,t/yr,308.5995603142458
BASE,BU,Haughton,PP,Manag_Unit_48,t/yr,111.66787439833121
BASE,BU,Ross,DIN,Manag_Unit_48,t/yr,88.02321273491364
BASE,BU,Ross,DIP,Manag_Unit_48,t/yr,26.874517787127488
BASE,BU,Ross,DON,Manag_Unit_48,t/yr,171.41753645779264
BASE,BU,Ross,DOP,Manag_Unit_48,t/yr,8.357242033716352
BASE,BU,Ross,FS,Manag_Unit_48,kt/yr,42.265719395563835
BASE,BU,Ross,PN,Manag_Unit_48,t/yr,106.38739713508353
BASE,BU,Ross,PP,Manag_Unit_48,t/yr,41.52815782017562
BASE,BU,Suttor,DIN,Manag_Unit_48,t/yr,40.77212623000733
BASE,BU,Suttor,DIP,Manag_Unit_48,t/yr,32.692064587166335
BASE,BU,Suttor,DON,Manag_Unit_48,t/yr,333.57127860007483
BASE,BU,Suttor,DOP,Manag_Unit_48,t/yr,13.925528864608843
BASE,BU,Suttor,FS,Manag_Unit_48,kt/yr,33.288975454211595
BASE,BU,Suttor,PN,Manag_Unit_48,t/yr,45.16835988515277
BASE,BU,Suttor,PP,Manag_Unit_48,t/yr,22.418357356258635
BASE,BU,Upper Burdekin,DIN,Manag_Unit_48,t/yr,446.35977052800166
BASE,BU,Upper Burdekin,DIP,Manag_Unit_48,t/yr,98.73259536963684
BASE,BU,Upper Burdekin,DON,Manag_Unit_48,t/yr,1091.4440977538632
BASE,BU,Upper Burdekin,DOP,Manag_Unit_48,t/yr,97.72453615827078
BASE,BU,Upper Burdekin,FS,Manag_Unit_48,kt/yr,1163.6692357051154
BASE,BU,Upper Burdekin,PN,Manag_Unit_48,t/yr,1111.2447248408023
BASE,BU,Upper Burdekin,PP,Manag_Unit_48,t/yr,794.1980754789125
BASE,CY,Endeavour,DIN,Manag_Unit_48,t/yr,49.70973078127869
BASE,CY,Endeavour,DIP,Manag_Unit_48,t/yr,8.041591649453645
BASE,CY,Endeavour,DON,Manag_Unit_48,t/yr,270.3568498859605
BASE,CY,Endeavour,DOP,Manag_Unit_48,t/yr,16.493605897428708
BASE,CY,Endeavour,FS,Manag_Unit_48,kt/yr,90.50981553979065
BASE,CY,Endeavour,PN,Manag_Unit_48,t/yr,353.76824478490084
BASE,CY,Endeavour,PP,Manag_Unit_48,t/yr,127.1696451999104
BASE,CY,Jacky Jacky,DIN,Manag_Unit_48,t/yr,47.81567388876562
BASE,CY,Jacky Jacky,DIP,Manag_Unit_48,t/yr,4.239978098794944
BASE,CY,Jacky Jacky,DON,Manag_Unit_48,t/yr,286.126305874113
BASE,CY,Jacky Jacky,DOP,Manag_Unit_48,t/yr,16.7856297031804
BASE,CY,Jacky Jacky,FS,Manag_Unit_48,kt/yr,11.914721119516043
BASE,CY,Jacky Jacky,PN,Manag_Unit_48,t/yr,193.2572840448327
BASE,CY,Jacky Jacky,PP,Manag_Unit_48,t/yr,70.7842329794796
BASE,CY,Jeannie,DIN,Manag_Unit_48,t/yr,33.28380567061123
BASE,CY,Jeannie,DIP,Manag_Unit_48,t/yr,4.729297635838116
BASE,CY,Jeannie,DON,Manag_Unit_48,t/yr,200.15788342324632
BASE,CY,Jeannie,DOP,Manag_Unit_48,t/yr,12.548608720392577
BASE,CY,Jeannie,FS,Manag_Unit_48,kt/yr,52.25516727678507
BASE,CY,Jeannie,PN,Manag_Unit_48,t/yr,205.49244091426758
BASE,CY,Jeannie,PP,Manag_Unit_48,t/yr,109.08887275774818
BASE,CY,Lockhart,DIN,Manag_Unit_48,t/yr,39.771023603287944
BASE,CY,Lockhart,DIP,Manag_Unit_48,t/yr,3.443928895630672
BASE,CY,Lockhart,DON,Manag_Unit_48,t/yr,229.12524702850638
BASE,CY,Lockhart,DOP,Manag_Unit_48,t/yr,13.880180846156488
BASE,CY,Lockhart,FS,Manag_Unit_48,kt/yr,22.353713851429294
BASE,CY,Lockhart,PN,Manag_Unit_48,t/yr,84.70173031357679
BASE,CY,Lockhart,PP,Manag_Unit_48,t/yr,28.569615833586198
BASE,CY,Normanby,DIN,Manag_Unit_48,t/yr,181.4128071397453
BASE,CY,Normanby,DIP,Manag_Unit_48,t/yr,34.413365062786994
BASE,CY,Normanby,DON,Manag_Unit_48,t/yr,1300.8698756663214
BASE,CY,Normanby,DOP,Manag_Unit_48,t/yr,76.79103353585573
BASE,CY,Normanby,FS,Manag_Unit_48,kt/yr,123.50608362236092
BASE,CY,Normanby,PN,Manag_Unit_48,t/yr,325.19134976891286
BASE,CY,Normanby,PP,Manag_Unit_48,t/yr,122.28806200641029
BASE,CY,Olive Pascoe,DIN,Manag_Unit_48,t/yr,142.956208639259
BASE,CY,Olive Pascoe,DIP,Manag_Unit_48,t/yr,7.725767674327285
BASE,CY,Olive Pascoe,DON,Manag_Unit_48,t/yr,522.663538683254
BASE,CY,Olive Pascoe,DOP,Manag_Unit_48,t/yr,29.621333337075153
BASE,CY,Olive Pascoe,FS,Manag_Unit_48,kt/yr,79.71465174600218
BASE,CY,Olive Pascoe,PN,Manag_Unit_48,t/yr,437.5065052849064
BASE,CY,Olive Pascoe,PP,Manag_Unit_48,t/yr,63.1868290277635
BASE,CY,Stewart,DIN,Manag_Unit_48,t/yr,33.83411031250815
BASE,CY,Stewart,DIP,Manag_Unit_48,t/yr,2.7321938381469915
BASE,CY,Stewart,DON,Manag_Unit_48,t/yr,183.8184732122894
BASE,CY,Stewart,DOP,Manag_Unit_48,t/yr,10.198389219377278
BASE,CY,Stewart,FS,Manag_Unit_48,kt/yr,16.395397502901826
BASE,CY,Stewart,PN,Manag_Unit_48,t/yr,75.4472088762855
BASE,CY,Stewart,PP,Manag_Unit_48,t/yr,21.802467794956264
BASE,FI,Boyne,DIN,Manag_Unit_48,t/yr,28.363546524798966
BASE,FI,Boyne,DIP,Manag_Unit_48,t/yr,19.037162219840308
BASE,FI,Boyne,DON,Manag_Unit_48,t/yr,75.47857561925214
BASE,FI,Boyne,DOP,Manag_Unit_48,t/yr,4.264017579736576
BASE,FI,Boyne,FS,Manag_Unit_48,kt/yr,6.5172911146976595
BASE,FI,Boyne,PN,Manag_Unit_48,t/yr,22.63416875159328
BASE,FI,Boyne,PP,Manag_Unit_48,t/yr,8.752270246305994
BASE,FI,Calliope,DIN,Manag_Unit_48,t/yr,32.874168153569066
BASE,FI,Calliope,DIP,Manag_Unit_48,t/yr,18.192719297622556
BASE,FI,Calliope,DON,Manag_Unit_48,t/yr,83.17447815254626
BASE,FI,Calliope,DOP,Manag_Unit_48,t/yr,3.9165942177691324
BASE,FI,Calliope,FS,Manag_Unit_48,kt/yr,36.42575662852981
BASE,FI,Calliope,PN,Manag_Unit_48,t/yr,116.07550829610885
BASE,FI,Calliope,PP,Manag_Unit_48,t/yr,51.38839903292117
BASE,FI,Comet,DIN,Manag_Unit_48,t/yr,74.6244188305234
BASE,FI,Comet,DIP,Manag_Unit_48,t/yr,64.90194926914828
BASE,FI,Comet,DON,Manag_Unit_48,t/yr,167.13076327202484
BASE,FI,Comet,DOP,Manag_Unit_48,t/yr,15.48969329037039
BASE,FI,Comet,FS,Manag_Unit_48,kt/yr,167.87530857769147
BASE,FI,Comet,PN,Manag_Unit_48,t/yr,263.38320552353895
BASE,FI,Comet,PP,Manag_Unit_48,t/yr,186.66454095610894
BASE,FI,Dawson,DIN,Manag_Unit_48,t/yr,165.39285783530252
BASE,FI,Dawson,DIP,Manag_Unit_48,t/yr,212.53048062537823
BASE,FI,Dawson,DON,Manag_Unit_48,t/yr,439.43053777428685
BASE,FI,Dawson,DOP,Manag_Unit_48,t/yr,52.237728167558046
BASE,FI,Dawson,FS,Manag_Unit_48,kt/yr,450.0650077248554
BASE,FI,Dawson,PN,Manag_Unit_48,t/yr,926.7052574370294
BASE,FI,Dawson,PP,Manag_Unit_48,t/yr,531.0638933759942
BASE,FI,Fitzroy,DIN,Manag_Unit_48,t/yr,113.25027163282998
BASE,FI,Fitzroy,DIP,Manag_Unit_48,t/yr,107.30778263971442
BASE,FI,Fitzroy,DON,Manag_Unit_48,t/yr,200.22057788261898
BASE,FI,Fitzroy,DOP,Manag_Unit_48,t/yr,23.343765373930726
BASE,FI,Fitzroy,FS,Manag_Unit_48,kt/yr,242.28877712460223
BASE,FI,Fitzroy,PN,Manag_Unit_48,t/yr,511.7413063853223
BASE,FI,Fitzroy,PP,Manag_Unit_48,t/yr,297.9300614194398
BASE,FI,Isaac,DIN,Manag_Unit_48,t/yr,215.22246595516364
BASE,FI,Isaac,DIP,Manag_Unit_48,t/yr,117.58302346886931
BASE,FI,Isaac,DON,Manag_Unit_48,t/yr,643.0338583308003
BASE,FI,Isaac,DOP,Manag_Unit_48,t/yr,25.97875344357444
BASE,FI,Isaac,FS,Manag_Unit_48,kt/yr,224.88955906322346
BASE,FI,Isaac,PN,Manag_Unit_48,t/yr,405.5052731807317
BASE,FI,Isaac,PP,Manag_Unit_48,t/yr,216.69567816307162
BASE,FI,Mackenzie,DIN,Manag_Unit_48,t/yr,51.63413874872577
BASE,FI,Mackenzie,DIP,Manag_Unit_48,t/yr,32.96143903916929
BASE,FI,Mackenzie,DON,Manag_Unit_48,t/yr,146.86304446742702
BASE,FI,Mackenzie,DOP,Manag_Unit_48,t/yr,7.3954681484314415
BASE,FI,Mackenzie,FS,Manag_Unit_48,kt/yr,198.77790870335744
BASE,FI,Mackenzie,PN,Manag_Unit_48,t/yr,277.86633785821573
BASE,FI,Mackenzie,PP,Manag_Unit_48,t/yr,170.8706246065608
BASE,FI,Nogoa,DIN,Manag_Unit_48,t/yr,42.296675104917
BASE,FI,Nogoa,DIP,Manag_Unit_48,t/yr,33.440017487089676
BASE,FI,Nogoa,DON,Manag_Unit_48,t/yr,121.10167419699934
BASE,FI,Nogoa,DOP,Manag_Unit_48,t/yr,7.463776325248981
BASE,FI,Nogoa,FS,Manag_Unit_48,kt/yr,39.941265401310645
BASE,FI,Nogoa,PN,Manag_Unit_48,t/yr,80.18829510624144
BASE,FI,Nogoa,PP,Manag_Unit_48,t/yr,36.978474229028336
BASE,FI,Shoalwater,DIN,Manag_Unit_48,t/yr,17.034665709849953
BASE,FI,Shoalwater,DIP,Manag_Unit_48,t/yr,11.191091186089785
BASE,FI,Shoalwater,DON,Manag_Unit_48,t/yr,67.02801635728363
BASE,FI,Shoalwater,DOP,Manag_Unit_48,t/yr,2.340180706532571
BASE,FI,Shoalwater,FS,Manag_Unit_48,kt/yr,44.3965226542975
BASE,FI,Shoalwater,PN,Manag_Unit_48,t/yr,119.80583156496752
BASE,FI,Shoalwater,PP,Manag_Unit_48,t/yr,38.227710247036
BASE,FI,Styx,DIN,Manag_Unit_48,t/yr,34.09578066651101
BASE,FI,Styx,DIP,Manag_Unit_48,t/yr,16.21341052388363
BASE,FI,Styx,DON,Manag_Unit_48,t/yr,79.28336136194224
BASE,FI,Styx,DOP,Manag_Unit_48,t/yr,3.527915308320918
BASE,FI,Styx,FS,Manag_Unit_48,kt/yr,64.25465771371469
BASE,FI,Styx,PN,Manag_Unit_48,t/yr,178.3681520572038
BASE,FI,Styx,PP,Manag_Unit_48,t/yr,59.44476704404319
BASE,FI,Theresa,DIN,Manag_Unit_48,t/yr,29.93335671798846
BASE,FI,Theresa,DIP,Manag_Unit_48,t/yr,19.167546654140686
BASE,FI,Theresa,DON,Manag_Unit_48,t/yr,66.31366269477083
BASE,FI,Theresa,DOP,Manag_Unit_48,t/yr,4.475734928732938
BASE,FI,Theresa,FS,Manag_Unit_48,kt/yr,55.33995999257188
BASE,FI,Theresa,PN,Manag_Unit_48,t/yr,128.51519113389412
BASE,FI,Theresa,PP,Manag_Unit_48,t/yr,41.38505506107965
BASE,FI,Water Park,DIN,Manag_Unit_48,t/yr,49.65182815643009
BASE,FI,Water Park,DIP,Manag_Unit_48,t/yr,22.273240169406893
BASE,FI,Water Park,DON,Manag_Unit_48,t/yr,114.33310777067314
BASE,FI,Water Park,DOP,Manag_Unit_48,t/yr,5.438609989489853
BASE,FI,Water Park,FS,Manag_Unit_48,kt/yr,11.860351496717495
BASE,FI,Water Park,PN,Manag_Unit_48,t/yr,63.55085444612728
BASE,FI,Water Park,PP,Manag_Unit_48,t/yr,15.919567555610747
BASE,MW,O-Connell,DIN,Manag_Unit_48,t/yr,165.51209126704816
BASE,MW,O-Connell,DIP,Manag_Unit_48,t/yr,34.05499608886163
BASE,MW,O-Connell,DON,Manag_Unit_48,t/yr,579.5971810461457
BASE,MW,O-Connell,DOP,Manag_Unit_48,t/yr,14.47331586104468
BASE,MW,O-Connell,FS,Manag_Unit_48,kt/yr,213.691830081319
BASE,MW,O-Connell,PN,Manag_Unit_48,t/yr,697.8391369976662
BASE,MW,O-Connell,PP,Manag_Unit_48,t/yr,183.3885077882296
BASE,MW,Pioneer,DIN,Manag_Unit_48,t/yr,202.68904112787183
BASE,MW,Pioneer,DIP,Manag_Unit_48,t/yr,36.45583951776228
BASE,MW,Pioneer,DON,Manag_Unit_48,t/yr,251.89730736869234
BASE,MW,Pioneer,DOP,Manag_Unit_48,t/yr,12.928482239131725
BASE,MW,Pioneer,FS,Manag_Unit_48,kt/yr,104.26705873287133
BASE,MW,Pioneer,PN,Manag_Unit_48,t/yr,390.9640217876031
BASE,MW,Pioneer,PP,Manag_Unit_48,t/yr,105.54665170008475
BASE,MW,Plane,DIN,Manag_Unit_48,t/yr,229.46915691007698
BASE,MW,Plane,DIP,Manag_Unit_48,t/yr,134.82909551638235
BASE,MW,Plane,DON,Manag_Unit_48,t/yr,629.3580066636237
BASE,MW,Plane,DOP,Manag_Unit_48,t/yr,36.613468078099515
BASE,MW,Plane,FS,Manag_Unit_48,kt/yr,78.9241628103334
BASE,MW,Plane,PN,Manag_Unit_48,t/yr,568.1114628491074
BASE,MW,Plane,PP,Manag_Unit_48,t/yr,99.2492098297765
BASE,MW,Proserpine,DIN,Manag_Unit_48,t/yr,179.74540774051871
BASE,MW,Proserpine,DIP,Manag_Unit_48,t/yr,40.30898090864813
BASE,MW,Proserpine,DON,Manag_Unit_48,t/yr,295.84325779758507
BASE,MW,Proserpine,DOP,Manag_Unit_48,t/yr,15.739782939419536
BASE,MW,Proserpine,FS,Manag_Unit_48,kt/yr,31.924335529438835
BASE,MW,Proserpine,PN,Manag_Unit_48,t/yr,127.17352607851328
BASE,MW,Proserpine,PP,Manag_Unit_48,t/yr,36.749793312037205
BASE,WT,Barron,DIN,Manag_Unit_48,t/yr,117.08571201940103
BASE,WT,Barron,DIP,Manag_Unit_48,t/yr,12.701976393140036
BASE,WT,Barron,DON,Manag_Unit_48,t/yr,260.3490274538547
BASE,WT,Barron,DOP,Manag_Unit_48,t/yr,12.890345920652564
BASE,WT,Barron,FS,Manag_Unit_48,kt/yr,141.02919425544218
BASE,WT,Barron,PN,Manag_Unit_48,t/yr,444.9990411283335
BASE,WT,Barron,PP,Manag_Unit_48,t/yr,108.74694539101107
BASE,WT,Daintree,DIN,Manag_Unit_48,t/yr,388.0863773638743
BASE,WT,Daintree,DIP,Manag_Unit_48,t/yr,15.81800298640044
BASE,WT,Daintree,DON,Manag_Unit_48,t/yr,563.7653336652326
BASE,WT,Daintree,DOP,Manag_Unit_48,t/yr,38.58463497587747
BASE,WT,Daintree,FS,Manag_Unit_48,kt/yr,112.29944618151069
BASE,WT,Daintree,PN,Manag_Unit_48,t/yr,981.2527303661784
BASE,WT,Daintree,PP,Manag_Unit_48,t/yr,176.73042700392153
BASE,WT,Johnstone,DIN,Manag_Unit_48,t/yr,953.524848514066
BASE,WT,Johnstone,DIP,Manag_Unit_48,t/yr,77.77541538165156
BASE,WT,Johnstone,DON,Manag_Unit_48,t/yr,605.826658137852
BASE,WT,Johnstone,DOP,Manag_Unit_48,t/yr,81.11852383717965
BASE,WT,Johnstone,FS,Manag_Unit_48,kt/yr,335.6500018420014
BASE,WT,Johnstone,PN,Manag_Unit_48,t/yr,1751.7270492823625
BASE,WT,Johnstone,PP,Manag_Unit_48,t/yr,625.3477752663745
BASE,WT,Lower Herbert,DIN,Manag_Unit_48,t/yr,987.8530093506295
BASE,WT,Lower Herbert,DIP,Manag_Unit_48,t/yr,46.46198192819744
BASE,WT,Lower Herbert,DON,Manag_Unit_48,t/yr,543.899479446257
BASE,WT,Lower Herbert,DOP,Manag_Unit_48,t/yr,41.74542819340608
BASE,WT,Lower Herbert,FS,Manag_Unit_48,kt/yr,137.14751611321898
BASE,WT,Lower Herbert,PN,Manag_Unit_48,t/yr,560.8851692843338
BASE,WT,Lower Herbert,PP,Manag_Unit_48,t/yr,123.84216155224485
BASE,WT,Mossman,DIN,Manag_Unit_48,t/yr,73.6238373885365
BASE,WT,Mossman,DIP,Manag_Unit_48,t/yr,6.27906882654682
BASE,WT,Mossman,DON,Manag_Unit_48,t/yr,84.90103285339084
BASE,WT,Mossman,DOP,Manag_Unit_48,t/yr,5.443544655902786
BASE,WT,Mossman,FS,Manag_Unit_48,kt/yr,15.218790556538417
BASE,WT,Mossman,PN,Manag_Unit_48,t/yr,55.575173081149984
BASE,WT,Mossman,PP,Manag_Unit_48,t/yr,17.296516622467646
BASE,WT,Mulgrave-Russell,DIN,Manag_Unit_48,t/yr,605.0768591155831
BASE,WT,Mulgrave-Russell,DIP,Manag_Unit_48,t/yr,34.54217942437405
BASE,WT,Mulgrave-Russell,DON,Manag_Unit_48,t/yr,527.119519654987
BASE,WT,Mulgrave-Russell,DOP,Manag_Unit_48,t/yr,51.02494922315252
BASE,WT,Mulgrave-Russell,FS,Manag_Unit_48,kt/yr,91.91885343715313
BASE,WT,Mulgrave-Russell,PN,Manag_Unit_48,t/yr,558.5939385167945
BASE,WT,Mulgrave-Russell,PP,Manag_Unit_48,t/yr,130.78354587549924
BASE,WT,Murray,DIN,Manag_Unit_48,t/yr,335.194663567308
BASE,WT,Murray,DIP,Manag_Unit_48,t/yr,29.067826569309418
BASE,WT,Murray,DON,Manag_Unit_48,t/yr,197.95998427966455
BASE,WT,Murray,DOP,Manag_Unit_48,t/yr,16.8391333841204
BASE,WT,Murray,FS,Manag_Unit_48,kt/yr,34.00744082792799
BASE,WT,Murray,PN,Manag_Unit_48,t/yr,159.65070331582518
BASE,WT,Murray,PP,Manag_Unit_48,t/yr,28.94161049047463
BASE,WT,Tully,DIN,Manag_Unit_48,t/yr,730.5589299807674
BASE,WT,Tully,DIP,Manag_Unit_48,t/yr,24.667729055954087
BASE,WT,Tully,DON,Manag_Unit_48,t/yr,452.04667654214666
BASE,WT,Tully,DOP,Manag_Unit_48,t/yr,61.536815948453544
BASE,WT,Tully,FS,Manag_Unit_48,kt/yr,104.47195445156416
BASE,WT,Tully,PN,Manag_Unit_48,t/yr,448.669124319135
BASE,WT,Tully,PP,Manag_Unit_48,t/yr,112.75317570930588
BASE,WT,Upper Herbert,DIN,Manag_Unit_48,t/yr,175.415517989762
BASE,WT,Upper Herbert,DIP,Manag_Unit_48,t/yr,18.994303756469428
BASE,WT,Upper Herbert,DON,Manag_Unit_48,t/yr,471.69171320606677
BASE,WT,Upper Herbert,DOP,Manag_Unit_48,t/yr,33.33716547624601
BASE,WT,Upper Herbert,FS,Manag_Unit_48,kt/yr,223.6496271326994
BASE,WT,Upper Herbert,PN,Manag_Unit_48,t/yr,625.1594524031309
BASE,WT,Upper Herbert,PP,Manag_Unit_48,t/yr,163.4271233217141
CHANGE,BM,Baffle,DIN,Manag_Unit_48,t/yr,90.81039720712204
CHANGE,BM,Baffle,DIP,Manag_Unit_48,t/yr,23.516277649960514
CHANGE,BM,Baffle,DON,Manag_Unit_48,t/yr,350.61028749823856
CHANGE,BM,Baffle,DOP,Manag_Unit_48,t/yr,13.728734463371067
CHANGE,BM,Baffle,FS,Manag_Unit_48,kt/yr,26.868739254279
CHANGE,BM,Baffle,PN,Manag_Unit_48,t/yr,99.6961648031108
CHANGE,BM,Baffle,PP,Manag_Unit_48,t/yr,54.516338924440426
CHANGE,BM,Burnett,DIN,Manag_Unit_48,t/yr,217.66074526237762
CHANGE,BM,Burnett,DIP,Manag_Unit_48,t/yr,44.65165326338607
CHANGE,BM,Burnett,DON,Manag_Unit_48,t/yr,482.70463691843656
CHANGE,BM,Burnett,DOP,Manag_Unit_48,t/yr,22.762181054845136
CHANGE,BM,Burnett,FS,Manag_Unit_48,kt/yr,239.1629851513078
CHANGE,BM,Burnett,PN,Manag_Unit_48,t/yr,559.2916594854732
CHANGE,BM,Burnett,PP,Manag_Unit_48,t/yr,192.89134876331482
CHANGE,BM,Burrum,DIN,Manag_Unit_48,t/yr,76.77395243724283
CHANGE,BM,Burrum,DIP,Manag_Unit_48,t/yr,14.972940850573963
CHANGE,BM,Burrum,DON,Manag_Unit_48,t/yr,162.81734139860762
CHANGE,BM,Burrum,DOP,Manag_Unit_48,t/yr,7.4017167745376
CHANGE,BM,Burrum,FS,Manag_Unit_48,kt/yr,14.631146985647032
CHANGE,BM,Burrum,PN,Manag_Unit_48,t/yr,47.7699686199817
CHANGE,BM,Burrum,PP,Manag_Unit_48,t/yr,16.018891033446838
CHANGE,BM,Kolan,DIN,Manag_Unit_48,t/yr,86.76362733758208
CHANGE,BM,Kolan,DIP,Manag_Unit_48,t/yr,13.3663705672849
CHANGE,BM,Kolan,DON,Manag_Unit_48,t/yr,173.5311989114012
CHANGE,BM,Kolan,DOP,Manag_Unit_48,t/yr,7.401401390488406
CHANGE,BM,Kolan,FS,Manag_Unit_48,kt/yr,47.244853634696895
CHANGE,BM,Kolan,PN,Manag_Unit_48,t/yr,162.77129435850375
CHANGE,BM,Kolan,PP,Manag_Unit_48,t/yr,54.17254067400539
CHANGE,BM,Mary,DIN,Manag_Unit_48,t/yr,389.4728214592012
CHANGE,BM,Mary,DIP,Manag_Unit_48,t/yr,46.649771871051584
CHANGE,BM,Mary,DON,Manag_Unit_48,t/yr,933.9056633023986
CHANGE,BM,Mary,DOP,Manag_Unit_48,t/yr,36.03908692258992
CHANGE,BM,Mary,FS,Manag_Unit_48,kt/yr,263.0595312664768
CHANGE,BM,Mary,PN,Manag_Unit_48,t/yr,682.1623617257632
CHANGE,BM,Mary,PP,Manag_Unit_48,t/yr,264.26661516511206
CHANGE,BU,Belyando,DIN,Manag_Unit_48,t/yr,27.2936042224072
CHANGE,BU,Belyando,DIP,Manag_Unit_48,t/yr,27.11193582225318
CHANGE,BU,Belyando,DON,Manag_Unit_48,t/yr,235.6618481699373
CHANGE,BU,Belyando,DOP,Manag_Unit_48,t/yr,11.106779374606155
CHANGE,BU,Belyando,FS,Manag_Unit_48,kt/yr,26.16896078875303
CHANGE,BU,Belyando,PN,Manag_Unit_48,t/yr,22.9951185669092
CHANGE,BU,Belyando,PP,Manag_Unit_48,t/yr,19.30743150074869
CHANGE,BU,Black,DIN,Manag_Unit_48,t/yr,57.511446488078874
CHANGE,BU,Black,DIP,Manag_Unit_48,t/yr,22.64626549591216
CHANGE,BU,Black,DON,Manag_Unit_48,t/yr,179.48121498567494
CHANGE,BU,Black,DOP,Manag_Unit_48,t/yr,8.04687295385629
CHANGE,BU,Black,FS,Manag_Unit_48,kt/yr,37.57173250367276
CHANGE,BU,Black,PN,Manag_Unit_48,t/yr,68.86078982716867
CHANGE,BU,Black,PP,Manag_Unit_48,t/yr,26.565785431918336
CHANGE,BU,Bowen Bogie,DIN,Manag_Unit_48,t/yr,241.0205942811306
CHANGE,BU,Bowen Bogie,DIP,Manag_Unit_48,t/yr,66.06410068692577
CHANGE,BU,Bowen Bogie,DON,Manag_Unit_48,t/yr,394.770283771829
CHANGE,BU,Bowen Bogie,DOP,Manag_Unit_48,t/yr,24.86979026144761
CHANGE,BU,Bowen Bogie,FS,Manag_Unit_48,kt/yr,1653.1507935340467
CHANGE,BU,Bowen Bogie,PN,Manag_Unit_48,t/yr,1950.3212057253315
CHANGE,BU,Bowen Bogie,PP,Manag_Unit_48,t/yr,1364.9230633978823
CHANGE,BU,Burdekin Delta,DIN,Manag_Unit_48,t/yr,379.3521291704744
CHANGE,BU,Burdekin Delta,DIP,Manag_Unit_48,t/yr,32.55208445541817
CHANGE,BU,Burdekin Delta,DON,Manag_Unit_48,t/yr,69.76345404282291
CHANGE,BU,Burdekin Delta,DOP,Manag_Unit_48,t/yr,9.572451189840516
CHANGE,BU,Burdekin Delta,FS,Manag_Unit_48,kt/yr,33.012746022120325
CHANGE,BU,Burdekin Delta,PN,Manag_Unit_48,t/yr,87.13762945386979
CHANGE,BU,Burdekin Delta,PP,Manag_Unit_48,t/yr,52.36212853935094
CHANGE,BU,Cape Campaspe,DIN,Manag_Unit_48,t/yr,31.450008367531
CHANGE,BU,Cape Campaspe,DIP,Manag_Unit_48,t/yr,16.232907046058966
CHANGE,BU,Cape Campaspe,DON,Manag_Unit_48,t/yr,212.185239939919
CHANGE,BU,Cape Campaspe,DOP,Manag_Unit_48,t/yr,15.970305275348611
CHANGE,BU,Cape Campaspe,FS,Manag_Unit_48,kt/yr,48.71101630179399
CHANGE,BU,Cape Campaspe,PN,Manag_Unit_48,t/yr,95.53713615121636
CHANGE,BU,Cape Campaspe,PP,Manag_Unit_48,t/yr,33.1680754554187
CHANGE,BU,Don,DIN,Manag_Unit_48,t/yr,101.91996717348243
CHANGE,BU,Don,DIP,Manag_Unit_48,t/yr,38.53087363556934
CHANGE,BU,Don,DON,Manag_Unit_48,t/yr,178.6298888311553
CHANGE,BU,Don,DOP,Manag_Unit_48,t/yr,19.210750040683156
CHANGE,BU,Don,FS,Manag_Unit_48,kt/yr,150.66438979845606
CHANGE,BU,Don,PN,Manag_Unit_48,t/yr,284.9774239839701
CHANGE,BU,Don,PP,Manag_Unit_48,t/yr,124.9337912474433
CHANGE,BU,East Burdekin,DIN,Manag_Unit_48,t/yr,48.95348070747475
CHANGE,BU,East Burdekin,DIP,Manag_Unit_48,t/yr,12.347881898681143
CHANGE,BU,East Burdekin,DON,Manag_Unit_48,t/yr,80.19672151742782
CHANGE,BU,East Burdekin,DOP,Manag_Unit_48,t/yr,4.8705663161334085
CHANGE,BU,East Burdekin,FS,Manag_Unit_48,kt/yr,116.73311774582382
CHANGE,BU,East Burdekin,PN,Manag_Unit_48,t/yr,106.52372038987484
CHANGE,BU,East Burdekin,PP,Manag_Unit_48,t/yr,99.26837875535301
CHANGE,BU,Haughton,DIN,Manag_Unit_48,t/yr,353.1082198339014
CHANGE,BU,Haughton,DIP,Manag_Unit_48,t/yr,55.23795615922211
CHANGE,BU,Haughton,DON,Manag_Unit_48,t/yr,301.42582514835055
CHANGE,BU,Haughton,DOP,Manag_Unit_48,t/yr,19.086264401259754
CHANGE,BU,Haughton,FS,Manag_Unit_48,kt/yr,99.54457486117367
CHANGE,BU,Haughton,PN,Manag_Unit_48,t/yr,299.88658300984224
CHANGE,BU,Haughton,PP,Manag_Unit_48,t/yr,109.00443354829943
CHANGE,BU,Ross,DIN,Manag_Unit_48,t/yr,88.02321273491364
CHANGE,BU,Ross,DIP,Manag_Unit_48,t/yr,26.874517787127488
CHANGE,BU,Ross,DON,Manag_Unit_48,t/yr,171.41753645779264
CHANGE,BU,Ross,DOP,Manag_Unit_48,t/yr,8.357242033716352
CHANGE,BU,Ross,FS,Manag_Unit_48,kt/yr,42.20870061281268
CHANGE,BU,Ross,PN,Manag_Unit_48,t/yr,106.31863857682006
CHANGE,BU,Ross,PP,Manag_Unit_48,t/yr,41.497540503660815
CHANGE,BU,Suttor,DIN,Manag_Unit_48,t/yr,40.83837953090711
CHANGE,BU,Suttor,DIP,Manag_Unit_48,t/yr,32.70211388679031
CHANGE,BU,Suttor,DON,Manag_Unit_48,t/yr,333.57127860007483
CHANGE,BU,Suttor,DOP,Manag_Unit_48,t/yr,13.935586203045414
CHANGE,BU,Suttor,FS,Manag_Unit_48,kt/yr,33.203930226098706
CHANGE,BU,Suttor,PN,Manag_Unit_48,t/yr,45.00918436950722
CHANGE,BU,Suttor,PP,Manag_Unit_48,t/yr,22.37159888684831
CHANGE,BU,Upper Burdekin,DIN,Manag_Unit_48,t/yr,447.0850897821292
CHANGE,BU,Upper Burdekin,DIP,Manag_Unit_48,t/yr,98.73249930392844
CHANGE,BU,Upper Burdekin,DON,Manag_Unit_48,t/yr,1091.4440977538632
CHANGE,BU,Upper Burdekin,DOP,Manag_Unit_48,t/yr,97.72439472821327
CHANGE,BU,Upper Burdekin,FS,Manag_Unit_48,kt/yr,1160.1865013996849
CHANGE,BU,Upper Burdekin,PN,Manag_Unit_48,t/yr,1102.1235914726158
CHANGE,BU,Upper Burdekin,PP,Manag_Unit_48,t/yr,787.1251558500314
CHANGE,CY,Endeavour,DIN,Manag_Unit_48,t/yr,49.70973078127869
CHANGE,CY,Endeavour,DIP,Manag_Unit_48,t/yr,8.041591649453645
CHANGE,CY,Endeavour,DON,Manag_Unit_48,t/yr,270.3568498859605
CHANGE,CY,Endeavour,DOP,Manag_Unit_48,t/yr,16.493605897428708
CHANGE,CY,Endeavour,FS,Manag_Unit_48,kt/yr,89.99208713094016
CHANGE,CY,Endeavour,PN,Manag_Unit_48,t/yr,353.3889577493166
CHANGE,CY,Endeavour,PP,Manag_Unit_48,t/yr,126.9907330212038
CHANGE,CY,Jacky Jacky,DIN,Manag_Unit_48,t/yr,47.81567388876562
CHANGE,CY,Jacky Jacky,DIP,Manag_Unit_48,t/yr,4.239978098794944
CHANGE,CY,Jacky Jacky,DON,Manag_Unit_48,t/yr,286.126305874113
CHANGE,CY,Jacky Jacky,DOP,Manag_Unit_48,t/yr,16.7856297031804
CHANGE,CY,Jacky Jacky,FS,Manag_Unit_48,kt/yr,11.914721119516043
CHANGE,CY,Jacky Jacky,PN,Manag_Unit_48,t/yr,193.2572840448327
CHANGE,CY,Jacky Jacky,PP,Manag_Unit_48,t/yr,70.7842329794796
CHANGE,CY,Jeannie,DIN,Manag_Unit_48,t/yr,33.28380567061123
CHANGE,CY,Jeannie,DIP,Manag_Unit_48,t/yr,4.729297635838116
CHANGE,CY,Jeannie,DON,Manag_Unit_48,t/yr,200.15788342324632
CHANGE,CY,Jeannie,DOP,Manag_Unit_48,t/yr,12.548608720392577
CHANGE,CY,Jeannie,FS,Manag_Unit_48,kt/yr,52.25516727678507
CHANGE,CY,Jeannie,PN,Manag_Unit_48,t/yr,205.49244091426758
CHANGE,CY,Jeannie,PP,Manag_Unit_48,t/yr,109.08887275774818
CHANGE,CY,Lockhart,DIN,Manag_Unit_48,t/yr,39.771023603287944
CHANGE,CY,Lockhart,DIP,Manag_Unit_48,t/yr,3.443928895630672
CHANGE,CY,Lockhart,DON,Manag_Unit_48,t/yr,229.12524702850638
CHANGE,CY,Lockhart,DOP,Manag_Unit_48,t/yr,13.880180846156488
CHANGE,CY,Lockhart,FS,Manag_Unit_48,kt/yr,22.353713851429294
CHANGE,CY,Lockhart,PN,Manag_Unit_48,t/yr,84.70173031357679
CHANGE,CY,Lockhart,PP,Manag_Unit_48,t/yr,28.569615833586198
CHANGE,CY,Normanby,DIN,Manag_Unit_48,t/yr,181.4128071397453
CHANGE,CY,Normanby,DIP,Manag_Unit_48,t/yr,34.413365062786994
CHANGE,CY,Normanby,DON,Manag_Unit_48,t/yr,1300.8698756663214
CHANGE,CY,Normanby,DOP,Manag_Unit_48,t/yr,76.79103353585573
CHANGE,CY,Normanby,FS,Manag_Unit_48,kt/yr,123.47693677158418
CHANGE,CY,Normanby,PN,Manag_Unit_48,t/yr,325.1401425473472
CHANGE,CY,Normanby,PP,Manag_Unit_48,t/yr,122.26946983276227
CHANGE,CY,Olive Pascoe,DIN,Manag_Unit_48,t/yr,142.956208639259
CHANGE,CY,Olive Pascoe,DIP,Manag_Unit_48,t/yr,7.725767674327285
CHANGE,CY,Olive Pascoe,DON,Manag_Unit_48,t/yr,522.663538683254
CHANGE,CY,Olive Pascoe,DOP,Manag_Unit_48,t/yr,29.621333337075153
CHANGE,CY,Olive Pascoe,FS,Manag_Unit_48,kt/yr,79.71465174600218
CHANGE,CY,Olive Pascoe,PN,Manag_Unit_48,t/yr,437.5065052849064
CHANGE,CY,Olive Pascoe,PP,Manag_Unit_48,t/yr,63.1868290277635
CHANGE,CY,Stewart,DIN,Manag_Unit_48,t/yr,33.83411031250815
CHANGE,CY,Stewart,DIP,Manag_Unit_48,t/yr,2.7321938381469915
CHANGE,CY,Stewart,DON,Manag_Unit_48,t/yr,183.8184732122894
CHANGE,CY,Stewart,DOP,Manag_Unit_48,t/yr,10.198389219377278
CHANGE,CY,Stewart,FS,Manag_Unit_48,kt/yr,16.395397502901826
CHANGE,CY,Stewart,PN,Manag_Unit_48,t/yr,75.4472088762855
CHANGE,CY,Stewart,PP,Manag_Unit_48,t/yr,21.802467794956264
CHANGE,FI,Boyne,DIN,Manag_Unit_48,t/yr,28.363546524798966
CHANGE,FI,Boyne,DIP,Manag_Unit_48,t/yr,19.037162219840308
CHANGE,FI,Boyne,DON,Manag_Unit_48,t/yr,75.47857561925214
CHANGE,FI,Boyne,DOP,Manag_Unit_48,t/yr,4.264017579736576
CHANGE,FI,Boyne,FS,Manag_Unit_48,kt/yr,6.517213919882702
CHANGE,FI,Boyne,PN,Manag_Unit_48,t/yr,22.633583779300235
CHANGE,FI,Boyne,PP,Manag_Unit_48,t/yr,8.752122638553534
CHANGE,FI,Calliope,DIN,Manag_Unit_48,t/yr,32.874168153569066
CHANGE,FI,Calliope,DIP,Manag_Unit_48,t/yr,18.192719297622556
CHANGE,FI,Calliope,DON,Manag_Unit_48,t/yr,83.17447815254626
CHANGE,FI,Calliope,DOP,Manag_Unit_48,t/yr,3.9165942177691324
CHANGE,FI,Calliope,FS,Manag_Unit_48,kt/yr,35.95496353722569
CHANGE,FI,Calliope,PN,Manag_Unit_48,t/yr,113.72365745107649
CHANGE,FI,Calliope,PP,Manag_Unit_48,t/yr,50.28844599541588
CHANGE,FI,Comet,DIN,Manag_Unit_48,t/yr,74.6244188305234
CHANGE,FI,Comet,DIP,Manag_Unit_48,t/yr,64.90220398312249
CHANGE,FI,Comet,DON,Manag_Unit_48,t/yr,167.13076327202484
CHANGE,FI,Comet,DOP,Manag_Unit_48,t/yr,15.489532336033061
CHANGE,FI,Comet,FS,Manag_Unit_48,kt/yr,168.08370723034736
CHANGE,FI,Comet,PN,Manag_Unit_48,t/yr,262.84399605508446
CHANGE,FI,Comet,PP,Manag_Unit_48,t/yr,186.07934141931133
CHANGE,FI,Dawson,DIN,Manag_Unit_48,t/yr,165.39285783530252
CHANGE,FI,Dawson,DIP,Manag_Unit_48,t/yr,204.98615183579253
CHANGE,FI,Dawson,DON,Manag_Unit_48,t/yr,439.43053777428685
CHANGE,FI,Dawson,DOP,Manag_Unit_48,t/yr,50.35166710099094
CHANGE,FI,Dawson,FS,Manag_Unit_48,kt/yr,450.66166711683246
CHANGE,FI,Dawson,PN,Manag_Unit_48,t/yr,924.6490850490214
CHANGE,FI,Dawson,PP,Manag_Unit_48,t/yr,529.1858075162187
CHANGE,FI,Fitzroy,DIN,Manag_Unit_48,t/yr,113.25027163282998
CHANGE,FI,Fitzroy,DIP,Manag_Unit_48,t/yr,107.08279689276334
CHANGE,FI,Fitzroy,DON,Manag_Unit_48,t/yr,200.22057788261898
CHANGE,FI,Fitzroy,DOP,Manag_Unit_48,t/yr,23.287452737934437
CHANGE,FI,Fitzroy,FS,Manag_Unit_48,kt/yr,204.08780270493605
CHANGE,FI,Fitzroy,PN,Manag_Unit_48,t/yr,433.36501855787304
CHANGE,FI,Fitzroy,PP,Manag_Unit_48,t/yr,262.0934522886091
CHANGE,FI,Isaac,DIN,Manag_Unit_48,t/yr,215.22246595516364
CHANGE,FI,Isaac,DIP,Manag_Unit_48,t/yr,112.34018120273383
CHANGE,FI,Isaac,DON,Manag_Unit_48,t/yr,643.0338583308003
CHANGE,FI,Isaac,DOP,Manag_Unit_48,t/yr,24.668127561078112
CHANGE,FI,Isaac,FS,Manag_Unit_48,kt/yr,224.3884801663257
CHANGE,FI,Isaac,PN,Manag_Unit_48,t/yr,399.96222598532916
CHANGE,FI,Isaac,PP,Manag_Unit_48,t/yr,215.55404838203285
CHANGE,FI,Mackenzie,DIN,Manag_Unit_48,t/yr,51.63413874872577
CHANGE,FI,Mackenzie,DIP,Manag_Unit_48,t/yr,32.383907064786065
CHANGE,FI,Mackenzie,DON,Manag_Unit_48,t/yr,146.86304446742702
CHANGE,FI,Mackenzie,DOP,Manag_Unit_48,t/yr,7.251047077282792
CHANGE,FI,Mackenzie,FS,Manag_Unit_48,kt/yr,199.35879838532261
CHANGE,FI,Mackenzie,PN,Manag_Unit_48,t/yr,277.76355646069334
CHANGE,FI,Mackenzie,PP,Manag_Unit_48,t/yr,171.0077206400218
CHANGE,FI,Nogoa,DIN,Manag_Unit_48,t/yr,42.296675104917
CHANGE,FI,Nogoa,DIP,Manag_Unit_48,t/yr,30.723442110240814
CHANGE,FI,Nogoa,DON,Manag_Unit_48,t/yr,121.10167419699934
CHANGE,FI,Nogoa,DOP,Manag_Unit_48,t/yr,6.784573027033014
CHANGE,FI,Nogoa,FS,Manag_Unit_48,kt/yr,39.70391674241872
CHANGE,FI,Nogoa,PN,Manag_Unit_48,t/yr,78.5396632527653
CHANGE,FI,Nogoa,PP,Manag_Unit_48,t/yr,36.39424363499473
CHANGE,FI,Shoalwater,DIN,Manag_Unit_48,t/yr,17.034665709849953
CHANGE,FI,Shoalwater,DIP,Manag_Unit_48,t/yr,11.191091186089785
CHANGE,FI,Shoalwater,DON,Manag_Unit_48,t/yr,67.02801635728363
CHANGE,FI,Shoalwater,DOP,Manag_Unit_48,t/yr,2.340180706532571
CHANGE,FI,Shoalwater,FS,Manag_Unit_48,kt/yr,44.39652265038348
CHANGE,FI,Shoalwater,PN,Manag_Unit_48,t/yr,119.80583154472004
CHANGE,FI,Shoalwater,PP,Manag_Unit_48,t/yr,38.22771023468505
CHANGE,FI,Styx,DIN,Manag_Unit_48,t/yr,34.09578066651101
CHANGE,FI,Styx,DIP,Manag_Unit_48,t/yr,16.21341052388363
CHANGE,FI,Styx,DON,Manag_Unit_48,t/yr,79.28336136194224
CHANGE,FI,Styx,DOP,Manag_Unit_48,t/yr,3.527915308320918
CHANGE,FI,Styx,FS,Manag_Unit_48,kt/yr,64.24012259913758
CHANGE,FI,Styx,PN,Manag_Unit_48,t/yr,178.27817448885617
CHANGE,FI,Styx,PP,Manag_Unit_48,t/yr,59.42037476058782
CHANGE,FI,Theresa,DIN,Manag_Unit_48,t/yr,29.93335671798846
CHANGE,FI,Theresa,DIP,Manag_Unit_48,t/yr,18.217185911244
CHANGE,FI,Theresa,DON,Manag_Unit_48,t/yr,66.31366269477083
CHANGE,FI,Theresa,DOP,Manag_Unit_48,t/yr,4.23842729178519
CHANGE,FI,Theresa,FS,Manag_Unit_48,kt/yr,54.25562702037253
CHANGE,FI,Theresa,PN,Manag_Unit_48,t/yr,122.35611225184506
CHANGE,FI,Theresa,PP,Manag_Unit_48,t/yr,39.90931195602812
CHANGE,FI,Water Park,DIN,Manag_Unit_48,t/yr,49.65182815643009
CHANGE,FI,Water Park,DIP,Manag_Unit_48,t/yr,22.273240169406893
CHANGE,FI,Water Park,DON,Manag_Unit_48,t/yr,114.33310777067314
CHANGE,FI,Water Park,DOP,Manag_Unit_48,t/yr,5.438609989489853
CHANGE,FI,Water Park,FS,Manag_Unit_48,kt/yr,11.860029278896373
CHANGE,FI,Water Park,PN,Manag_Unit_48,t/yr,63.549771410978714
CHANGE,FI,Water Park,PP,Manag_Unit_48,t/yr,15.919091558486555
CHANGE,MW,O-Connell,DIN,Manag_Unit_48,t/yr,164.6257169561644
CHANGE,MW,O-Connell,DIP,Manag_Unit_48,t/yr,34.05499608886163
CHANGE,MW,O-Connell,DON,Manag_Unit_48,t/yr,579.5971810461457
CHANGE,MW,O-Connell,DOP,Manag_Unit_48,t/yr,14.47331586104468
CHANGE,MW,O-Connell,FS,Manag_Unit_48,kt/yr,207.06205606218276
CHANGE,MW,O-Connell,PN,Manag_Unit_48,t/yr,680.4683285183492
CHANGE,MW,O-Connell,PP,Manag_Unit_48,t/yr,179.03010432906265
CHANGE,MW,Pioneer,DIN,Manag_Unit_48,t/yr,202.54911417215172
CHANGE,MW,Pioneer,DIP,Manag_Unit_48,t/yr,36.45583951776228
CHANGE,MW,Pioneer,DON,Manag_Unit_48,t/yr,251.89730736869234
CHANGE,MW,Pioneer,DOP,Manag_Unit_48,t/yr,12.928482239131725
CHANGE,MW,Pioneer,FS,Manag_Unit_48,kt/yr,103.99012866673827
CHANGE,MW,Pioneer,PN,Manag_Unit_48,t/yr,387.9907746716584
CHANGE,MW,Pioneer,PP,Manag_Unit_48,t/yr,105.26559567846566
CHANGE,MW,Plane,DIN,Manag_Unit_48,t/yr,227.41554101912772
CHANGE,MW,Plane,DIP,Manag_Unit_48,t/yr,134.82909551638235
CHANGE,MW,Plane,DON,Manag_Unit_48,t/yr,629.3580066636237
CHANGE,MW,Plane,DOP,Manag_Unit_48,t/yr,36.613468078099515
CHANGE,MW,Plane,FS,Manag_Unit_48,kt/yr,78.7891606058299
CHANGE,MW,Plane,PN,Manag_Unit_48,t/yr,564.1537597580807
CHANGE,MW,Plane,PP,Manag_Unit_48,t/yr,99.01033927127285
CHANGE,MW,Proserpine,DIN,Manag_Unit_48,t/yr,180.57598126857516
CHANGE,MW,Proserpine,DIP,Manag_Unit_48,t/yr,40.30898090864813
CHANGE,MW,Proserpine,DON,Manag_Unit_48,t/yr,295.84325779758507
CHANGE,MW,Proserpine,DOP,Manag_Unit_48,t/yr,15.739782939419536
CHANGE,MW,Proserpine,FS,Manag_Unit_48,kt/yr,31.59353308746617
CHANGE,MW,Proserpine,PN,Manag_Unit_48,t/yr,126.57696291487467
CHANGE,MW,Proserpine,PP,Manag_Unit_48,t/yr,36.28787714475889
CHANGE,WT,Barron,DIN,Manag_Unit_48,t/yr,114.98089383883556
CHANGE,WT,Barron,DIP,Manag_Unit_48,t/yr,12.701976393140045
CHANGE,WT,Barron,DON,Manag_Unit_48,t/yr,260.34902745385455
CHANGE,WT,Barron,DOP,Manag_Unit_48,t/yr,12.890345920652546
CHANGE,WT,Barron,FS,Manag_Unit_48,kt/yr,141.0280879973388
CHANGE,WT,Barron,PN,Manag_Unit_48,t/yr,444.99368087545963
CHANGE,WT,Barron,PP,Manag_Unit_48,t/yr,108.74547033598
CHANGE,WT,Daintree,DIN,Manag_Unit_48,t/yr,388.0863773638743
CHANGE,WT,Daintree,DIP,Manag_Unit_48,t/yr,15.81800298640044
CHANGE,WT,Daintree,DON,Manag_Unit_48,t/yr,563.7653336652326
CHANGE,WT,Daintree,DOP,Manag_Unit_48,t/yr,38.58463497587747
CHANGE,WT,Daintree,FS,Manag_Unit_48,kt/yr,112.29944618151069
CHANGE,WT,Daintree,PN,Manag_Unit_48,t/yr,981.2527303661784
CHANGE,WT,Daintree,PP,Manag_Unit_48,t/yr,176.73042700392153
CHANGE,WT,Johnstone,DIN,Manag_Unit_48,t/yr,904.2139409990673
CHANGE,WT,Johnstone,DIP,Manag_Unit_48,t/yr,77.61678320270256
CHANGE,WT,Johnstone,DON,Manag_Unit_48,t/yr,605.826658137852
CHANGE,WT,Johnstone,DOP,Manag_Unit_48,t/yr,80.92561694606293
CHANGE,WT,Johnstone,FS,Manag_Unit_48,kt/yr,335.4724083728682
CHANGE,WT,Johnstone,PN,Manag_Unit_48,t/yr,1750.2508339966375
CHANGE,WT,Johnstone,PP,Manag_Unit_48,t/yr,624.9191828185822
CHANGE,WT,Lower Herbert,DIN,Manag_Unit_48,t/yr,976.4116451455837
CHANGE,WT,Lower Herbert,DIP,Manag_Unit_48,t/yr,46.46198192819744
CHANGE,WT,Lower Herbert,DON,Manag_Unit_48,t/yr,543.899479446257
CHANGE,WT,Lower Herbert,DOP,Manag_Unit_48,t/yr,41.74542819340608
CHANGE,WT,Lower Herbert,FS,Manag_Unit_48,kt/yr,134.5860331976505
CHANGE,WT,Lower Herbert,PN,Manag_Unit_48,t/yr,553.7515145528192
CHANGE,WT,Lower Herbert,PP,Manag_Unit_48,t/yr,121.73214748692952
CHANGE,WT,Mossman,DIN,Manag_Unit_48,t/yr,73.6238373885365
CHANGE,WT,Mossman,DIP,Manag_Unit_48,t/yr,6.27906882654682
CHANGE,WT,Mossman,DON,Manag_Unit_48,t/yr,84.90103285339084
CHANGE,WT,Mossman,DOP,Manag_Unit_48,t/yr,5.443544655902786
CHANGE,WT,Mossman,FS,Manag_Unit_48,kt/yr,15.218790556538417
CHANGE,WT,Mossman,PN,Manag_Unit_48,t/yr,55.575173081149984
CHANGE,WT,Mossman,PP,Manag_Unit_48,t/yr,17.296516622467646
CHANGE,WT,Mulgrave-Russell,DIN,Manag_Unit_48,t/yr,591.0572890187157
CHANGE,WT,Mulgrave-Russell,DIP,Manag_Unit_48,t/yr,34.54217942437405
CHANGE,WT,Mulgrave-Russell,DON,Manag_Unit_48,t/yr,527.119519654987
CHANGE,WT,Mulgrave-Russell,DOP,Manag_Unit_48,t/yr,51.02494922315252
CHANGE,WT,Mulgrave-Russell,FS,Manag_Unit_48,kt/yr,91.87256472405058
CHANGE,WT,Mulgrave-Russell,PN,Manag_Unit_48,t/yr,558.3150995767437
CHANGE,WT,Mulgrave-Russell,PP,Manag_Unit_48,t/yr,130.75679312446937
CHANGE,WT,Murray,DIN,Manag_Unit_48,t/yr,326.63342611004765
CHANGE,WT,Murray,DIP,Manag_Unit_48,t/yr,29.067826569309418
CHANGE,WT,Murray,DON,Manag_Unit_48,t/yr,197.95998427966455
CHANGE,WT,Murray,DOP,Manag_Unit_48,t/yr,16.8391333841204
CHANGE,WT,Murray,FS,Manag_Unit_48,kt/yr,33.94750119886489
CHANGE,WT,Murray,PN,Manag_Unit_48,t/yr,159.04969858449198
CHANGE,WT,Murray,PP,Manag_Unit_48,t/yr,28.8498269490723
CHANGE,WT,Tully,DIN,Manag_Unit_48,t/yr,720.5906893135189
CHANGE,WT,Tully,DIP,Manag_Unit_48,t/yr,24.665596774778958
CHANGE,WT,Tully,DON,Manag_Unit_48,t/yr,452.04667654214666
CHANGE,WT,Tully,DOP,Manag_Unit_48,t/yr,61.5297083445363
CHANGE,WT,Tully,FS,Manag_Unit_48,kt/yr,104.4536390330155
CHANGE,WT,Tully,PN,Manag_Unit_48,t/yr,448.48710600166027
CHANGE,WT,Tully,PP,Manag_Unit_48,t/yr,112.69850495259651
CHANGE,WT,Upper Herbert,DIN,Manag_Unit_48,t/yr,175.42419020655453
CHANGE,WT,Upper Herbert,DIP,Manag_Unit_48,t/yr,18.994303756469428
CHANGE,WT,Upper Herbert,DON,Manag_Unit_48,t/yr,471.69171320606677
CHANGE,WT,Upper Herbert,DOP,Manag_Unit_48,t/yr,33.33716547624601
CHANGE,WT,Upper Herbert,FS,Manag_Unit_48,kt/yr,223.75953599360304
CHANGE,WT,Upper Herbert,PN,Manag_Unit_48,t/yr,625.3175076932195
CHANGE,WT,Upper Herbert,PP,Manag_Unit_48,t/yr,163.47338274554866
PREDEV,BM,Baffle,DIN,Manag_Unit_48,t/yr,64.89512016883245
PREDEV,BM,Baffle,DIP,Manag_Unit_48,t/yr,21.67600249101162
PREDEV,BM,Baffle,DON,Manag_Unit_48,t/yr,189.33529844118388
PREDEV,BM,Baffle,DOP,Manag_Unit_48,t/yr,10.115467829138685
PREDEV,BM,Baffle,FS,Manag_Unit_48,kt/yr,9.322997855763369
PREDEV,BM,Baffle,PN,Manag_Unit_48,t/yr,38.387235741891544
PREDEV,BM,Baffle,PP,Manag_Unit_48,t/yr,21.092082628356998
PREDEV,BM,Burnett,DIN,Manag_Unit_48,t/yr,96.62189242516291
PREDEV,BM,Burnett,DIP,Manag_Unit_48,t/yr,31.48211227690308
PREDEV,BM,Burnett,DON,Manag_Unit_48,t/yr,300.12235660548396
PREDEV,BM,Burnett,DOP,Manag_Unit_48,t/yr,16.233459991033996
PREDEV,BM,Burnett,FS,Manag_Unit_48,kt/yr,41.98883706812896
PREDEV,BM,Burnett,PN,Manag_Unit_48,t/yr,124.26010887636188
PREDEV,BM,Burnett,PP,Manag_Unit_48,t/yr,44.391604645499626
PREDEV,BM,Burrum,DIN,Manag_Unit_48,t/yr,34.20247148526756
PREDEV,BM,Burrum,DIP,Manag_Unit_48,t/yr,8.530580510856575
PREDEV,BM,Burrum,DON,Manag_Unit_48,t/yr,94.06566822623739
PREDEV,BM,Burrum,DOP,Manag_Unit_48,t/yr,4.948396711793533
PREDEV,BM,Burrum,FS,Manag_Unit_48,kt/yr,6.802261097856489
PREDEV,BM,Burrum,PN,Manag_Unit_48,t/yr,21.518607236352935
PREDEV,BM,Burrum,PP,Manag_Unit_48,t/yr,6.20407547221315
PREDEV,BM,Kolan,DIN,Manag_Unit_48,t/yr,29.3967131972071
PREDEV,BM,Kolan,DIP,Manag_Unit_48,t/yr,9.769319753443716
PREDEV,BM,Kolan,DON,Manag_Unit_48,t/yr,89.28184466117202
PREDEV,BM,Kolan,DOP,Manag_Unit_48,t/yr,4.559015884940397
PREDEV,BM,Kolan,FS,Manag_Unit_48,kt/yr,13.777697336484069
PREDEV,BM,Kolan,PN,Manag_Unit_48,t/yr,48.085981819660226
PREDEV,BM,Kolan,PP,Manag_Unit_48,t/yr,16.484933721641983
PREDEV,BM,Mary,DIN,Manag_Unit_48,t/yr,186.22991780147174
PREDEV,BM,Mary,DIP,Manag_Unit_48,t/yr,24.126336516440556
PREDEV,BM,Mary,DON,Manag_Unit_48,t/yr,547.1040337427801
PREDEV,BM,Mary,DOP,Manag_Unit_48,t/yr,27.500363655491498
PREDEV,BM,Mary,FS,Manag_Unit_48,kt/yr,54.30584836296898
PREDEV,BM,Mary,PN,Manag_Unit_48,t/yr,147.01330844643854
PREDEV,BM,Mary,PP,Manag_Unit_48,t/yr,56.263275259993506
PREDEV,BU,Belyando,DIN,Manag_Unit_48,t/yr,26.903050189931374
PREDEV,BU,Belyando,DIP,Manag_Unit_48,t/yr,26.810929455821917
PREDEV,BU,Belyando,DON,Manag_Unit_48,t/yr,235.7470035916187
PREDEV,BU,Belyando,DOP,Manag_Unit_48,t/yr,10.72409420956761
PREDEV,BU,Belyando,FS,Manag_Unit_48,kt/yr,2.7749570400375547
PREDEV,BU,Belyando,PN,Manag_Unit_48,t/yr,2.559291438892057
PREDEV,BU,Belyando,PP,Manag_Unit_48,t/yr,2.2673649968170375
PREDEV,BU,Black,DIN,Manag_Unit_48,t/yr,34.692757688823804
PREDEV,BU,Black,DIP,Manag_Unit_48,t/yr,20.439791921354043
PREDEV,BU,Black,DON,Manag_Unit_48,t/yr,163.5511120442231
PREDEV,BU,Black,DOP,Manag_Unit_48,t/yr,7.115156206056092
PREDEV,BU,Black,FS,Manag_Unit_48,kt/yr,11.974436447047601
PREDEV,BU,Black,PN,Manag_Unit_48,t/yr,34.449312283540614
PREDEV,BU,Black,PP,Manag_Unit_48,t/yr,10.679597861433846
PREDEV,BU,Bowen Bogie,DIN,Manag_Unit_48,t/yr,246.07982331313232
PREDEV,BU,Bowen Bogie,DIP,Manag_Unit_48,t/yr,65.66646920034047
PREDEV,BU,Bowen Bogie,DON,Manag_Unit_48,t/yr,393.93221813359787
PREDEV,BU,Bowen Bogie,DOP,Manag_Unit_48,t/yr,24.607056383411383
PREDEV,BU,Bowen Bogie,FS,Manag_Unit_48,kt/yr,193.5473195492984
PREDEV,BU,Bowen Bogie,PN,Manag_Unit_48,t/yr,245.40235733442861
PREDEV,BU,Bowen Bogie,PP,Manag_Unit_48,t/yr,182.62439198376097
PREDEV,BU,Burdekin Delta,DIN,Manag_Unit_48,t/yr,7.971166755041349
PREDEV,BU,Burdekin Delta,DIP,Manag_Unit_48,t/yr,2.803791357528509
PREDEV,BU,Burdekin Delta,DON,Manag_Unit_48,t/yr,19.9128287004772
PREDEV,BU,Burdekin Delta,DOP,Manag_Unit_48,t/yr,1.0540794678650953
PREDEV,BU,Burdekin Delta,FS,Manag_Unit_48,kt/yr,8.02594871628099
PREDEV,BU,Burdekin Delta,PN,Manag_Unit_48,t/yr,16.611345798275124
PREDEV,BU,Burdekin Delta,PP,Manag_Unit_48,t/yr,15.432174133029381
PREDEV,BU,Cape Campaspe,DIN,Manag_Unit_48,t/yr,32.1399980989545
PREDEV,BU,Cape Campaspe,DIP,Manag_Unit_48,t/yr,12.933034436056564
PREDEV,BU,Cape Campaspe,DON,Manag_Unit_48,t/yr,212.0888368399415
PREDEV,BU,Cape Campaspe,DOP,Manag_Unit_48,t/yr,12.751800478579938
PREDEV,BU,Cape Campaspe,FS,Manag_Unit_48,kt/yr,5.689001139805627
PREDEV,BU,Cape Campaspe,PN,Manag_Unit_48,t/yr,10.775104096593655
PREDEV,BU,Cape Campaspe,PP,Manag_Unit_48,t/yr,4.119230773573318
PREDEV,BU,Don,DIN,Manag_Unit_48,t/yr,62.37044771190355
PREDEV,BU,Don,DIP,Manag_Unit_48,t/yr,31.25719683242795
PREDEV,BU,Don,DON,Manag_Unit_48,t/yr,154.18125269791383
PREDEV,BU,Don,DOP,Manag_Unit_48,t/yr,12.777094125990539
PREDEV,BU,Don,FS,Manag_Unit_48,kt/yr,23.65708309229345
PREDEV,BU,Don,PN,Manag_Unit_48,t/yr,54.2715897441009
PREDEV,BU,Don,PP,Manag_Unit_48,t/yr,35.31240600172534
PREDEV,BU,East Burdekin,DIN,Manag_Unit_48,t/yr,31.623271146984393
PREDEV,BU,East Burdekin,DIP,Manag_Unit_48,t/yr,9.520269635411603
PREDEV,BU,East Burdekin,DON,Manag_Unit_48,t/yr,76.09323844583896
PREDEV,BU,East Burdekin,DOP,Manag_Unit_48,t/yr,3.19428987339948
PREDEV,BU,East Burdekin,FS,Manag_Unit_48,kt/yr,27.972971115258755
PREDEV,BU,East Burdekin,PN,Manag_Unit_48,t/yr,24.674013797791403
PREDEV,BU,East Burdekin,PP,Manag_Unit_48,t/yr,25.643673517835868
PREDEV,BU,Haughton,DIN,Manag_Unit_48,t/yr,81.83610012187212
PREDEV,BU,Haughton,DIP,Manag_Unit_48,t/yr,24.84497845152042
PREDEV,BU,Haughton,DON,Manag_Unit_48,t/yr,198.7231409976135
PREDEV,BU,Haughton,DOP,Manag_Unit_48,t/yr,8.477758427146073
PREDEV,BU,Haughton,FS,Manag_Unit_48,kt/yr,21.417075348683035
PREDEV,BU,Haughton,PN,Manag_Unit_48,t/yr,115.90773751939062
PREDEV,BU,Haughton,PP,Manag_Unit_48,t/yr,36.06873882945863
PREDEV,BU,Ross,DIN,Manag_Unit_48,t/yr,31.503901907203037
PREDEV,BU,Ross,DIP,Manag_Unit_48,t/yr,17.688021695297742
PREDEV,BU,Ross,DON,Manag_Unit_48,t/yr,141.09882071261237
PREDEV,BU,Ross,DOP,Manag_Unit_48,t/yr,6.525546009918255
PREDEV,BU,Ross,FS,Manag_Unit_48,kt/yr,17.544022558701496
PREDEV,BU,Ross,PN,Manag_Unit_48,t/yr,64.95027972230612
PREDEV,BU,Ross,PP,Manag_Unit_48,t/yr,18.479958857910518
PREDEV,BU,Suttor,DIN,Manag_Unit_48,t/yr,34.114072857161794
PREDEV,BU,Suttor,DIP,Manag_Unit_48,t/yr,26.910649735203545
PREDEV,BU,Suttor,DON,Manag_Unit_48,t/yr,335.6133681712204
PREDEV,BU,Suttor,DOP,Manag_Unit_48,t/yr,7.639884734652522
PREDEV,BU,Suttor,FS,Manag_Unit_48,kt/yr,3.818117042852578
PREDEV,BU,Suttor,PN,Manag_Unit_48,t/yr,4.163894195638649
PREDEV,BU,Suttor,PP,Manag_Unit_48,t/yr,2.4888267365487944
PREDEV,BU,Upper Burdekin,DIN,Manag_Unit_48,t/yr,453.9081474222165
PREDEV,BU,Upper Burdekin,DIP,Manag_Unit_48,t/yr,90.97788873031443
PREDEV,BU,Upper Burdekin,DON,Manag_Unit_48,t/yr,1088.215580846418
PREDEV,BU,Upper Burdekin,DOP,Manag_Unit_48,t/yr,90.61042955788112
PREDEV,BU,Upper Burdekin,FS,Manag_Unit_48,kt/yr,197.53966277895364
PREDEV,BU,Upper Burdekin,PN,Manag_Unit_48,t/yr,325.1325780439638
PREDEV,BU,Upper Burdekin,PP,Manag_Unit_48,t/yr,180.45723397232027
PREDEV,CY,Endeavour,DIN,Manag_Unit_48,t/yr,36.31925128950849
PREDEV,CY,Endeavour,DIP,Manag_Unit_48,t/yr,4.76602191657577
PREDEV,CY,Endeavour,DON,Manag_Unit_48,t/yr,208.73011709400353
PREDEV,CY,Endeavour,DOP,Manag_Unit_48,t/yr,14.355841281411351
PREDEV,CY,Endeavour,FS,Manag_Unit_48,kt/yr,55.78069166943382
PREDEV,CY,Endeavour,PN,Manag_Unit_48,t/yr,264.0884040133533
PREDEV,CY,Endeavour,PP,Manag_Unit_48,t/yr,100.95324556846117
PREDEV,CY,Jacky Jacky,DIN,Manag_Unit_48,t/yr,45.492209934735634
PREDEV,CY,Jacky Jacky,DIP,Manag_Unit_48,t/yr,3.840786691611621
PREDEV,CY,Jacky Jacky,DON,Manag_Unit_48,t/yr,258.3397578221426
PREDEV,CY,Jacky Jacky,DOP,Manag_Unit_48,t/yr,15.66176194874842
PREDEV,CY,Jacky Jacky,FS,Manag_Unit_48,kt/yr,10.669597311682812
PREDEV,CY,Jacky Jacky,PN,Manag_Unit_48,t/yr,174.9513025743652
PREDEV,CY,Jacky Jacky,PP,Manag_Unit_48,t/yr,68.04626012338707
PREDEV,CY,Jeannie,DIN,Manag_Unit_48,t/yr,31.521694177414975
PREDEV,CY,Jeannie,DIP,Manag_Unit_48,t/yr,4.101851839868638
PREDEV,CY,Jeannie,DON,Manag_Unit_48,t/yr,177.00527901006478
PREDEV,CY,Jeannie,DOP,Manag_Unit_48,t/yr,11.65202512382402
PREDEV,CY,Jeannie,FS,Manag_Unit_48,kt/yr,34.61199423516592
PREDEV,CY,Jeannie,PN,Manag_Unit_48,t/yr,173.72255500351838
PREDEV,CY,Jeannie,PP,Manag_Unit_48,t/yr,98.63370322825062
PREDEV,CY,Lockhart,DIN,Manag_Unit_48,t/yr,39.087070419597175
PREDEV,CY,Lockhart,DIP,Manag_Unit_48,t/yr,3.3206375868422486
PREDEV,CY,Lockhart,DON,Manag_Unit_48,t/yr,223.45107808480213
PREDEV,CY,Lockhart,DOP,Manag_Unit_48,t/yr,13.66284065862387
PREDEV,CY,Lockhart,FS,Manag_Unit_48,kt/yr,19.402685409214733
PREDEV,CY,Lockhart,PN,Manag_Unit_48,t/yr,82.79460998118294
PREDEV,CY,Lockhart,PP,Manag_Unit_48,t/yr,27.99339022287896
PREDEV,CY,Normanby,DIN,Manag_Unit_48,t/yr,162.44180113068094
PREDEV,CY,Normanby,DIP,Manag_Unit_48,t/yr,24.307305928331942
PREDEV,CY,Normanby,DON,Manag_Unit_48,t/yr,879.4195331711878
PREDEV,CY,Normanby,DOP,Manag_Unit_48,t/yr,65.3182975545833
PREDEV,CY,Normanby,FS,Manag_Unit_48,kt/yr,41.70244640219553
PREDEV,CY,Normanby,PN,Manag_Unit_48,t/yr,213.73922728459846
PREDEV,CY,Normanby,PP,Manag_Unit_48,t/yr,81.0255673009599
PREDEV,CY,Olive Pascoe,DIN,Manag_Unit_48,t/yr,121.2091745519429
PREDEV,CY,Olive Pascoe,DIP,Manag_Unit_48,t/yr,6.506516211318918
PREDEV,CY,Olive Pascoe,DON,Manag_Unit_48,t/yr,437.3923354905396
PREDEV,CY,Olive Pascoe,DOP,Manag_Unit_48,t/yr,26.219122457658603
PREDEV,CY,Olive Pascoe,FS,Manag_Unit_48,kt/yr,65.11638792902511
PREDEV,CY,Olive Pascoe,PN,Manag_Unit_48,t/yr,388.17718323123853
PREDEV,CY,Olive Pascoe,PP,Manag_Unit_48,t/yr,54.74500645563566
PREDEV,CY,Stewart,DIN,Manag_Unit_48,t/yr,33.51820028676567
PREDEV,CY,Stewart,DIP,Manag_Unit_48,t/yr,2.6751241148815073
PREDEV,CY,Stewart,DON,Manag_Unit_48,t/yr,179.20165615649174
PREDEV,CY,Stewart,DOP,Manag_Unit_48,t/yr,9.992141005394641
PREDEV,CY,Stewart,FS,Manag_Unit_48,kt/yr,13.32446273224711
PREDEV,CY,Stewart,PN,Manag_Unit_48,t/yr,72.5718196970757
PREDEV,CY,Stewart,PP,Manag_Unit_48,t/yr,20.881268526437367
PREDEV,FI,Boyne,DIN,Manag_Unit_48,t/yr,22.02479783773802
PREDEV,FI,Boyne,DIP,Manag_Unit_48,t/yr,12.169121797441507
PREDEV,FI,Boyne,DON,Manag_Unit_48,t/yr,72.8542064042475
PREDEV,FI,Boyne,DOP,Manag_Unit_48,t/yr,2.445711382906077
PREDEV,FI,Boyne,FS,Manag_Unit_48,kt/yr,1.6631676365315315
PREDEV,FI,Boyne,PN,Manag_Unit_48,t/yr,8.103229330964279
PREDEV,FI,Boyne,PP,Manag_Unit_48,t/yr,3.172703133564936
PREDEV,FI,Calliope,DIN,Manag_Unit_48,t/yr,24.538436466925543
PREDEV,FI,Calliope,DIP,Manag_Unit_48,t/yr,13.5075527771874
PREDEV,FI,Calliope,DON,Manag_Unit_48,t/yr,80.67976530596839
PREDEV,FI,Calliope,DOP,Manag_Unit_48,t/yr,2.708941364567651
PREDEV,FI,Calliope,FS,Manag_Unit_48,kt/yr,8.00745117228029
PREDEV,FI,Calliope,PN,Manag_Unit_48,t/yr,41.193393488369445
PREDEV,FI,Calliope,PP,Manag_Unit_48,t/yr,17.02620655251946
PREDEV,FI,Comet,DIN,Manag_Unit_48,t/yr,47.63056014645404
PREDEV,FI,Comet,DIP,Manag_Unit_48,t/yr,26.55779643961789
PREDEV,FI,Comet,DON,Manag_Unit_48,t/yr,158.11566668942817
PREDEV,FI,Comet,DOP,Manag_Unit_48,t/yr,5.335451670645344
PREDEV,FI,Comet,FS,Manag_Unit_48,kt/yr,23.664801168643354
PREDEV,FI,Comet,PN,Manag_Unit_48,t/yr,74.49848968535377
PREDEV,FI,Comet,PP,Manag_Unit_48,t/yr,65.11182073614901
PREDEV,FI,Dawson,DIN,Manag_Unit_48,t/yr,132.7826625522495
PREDEV,FI,Dawson,DIP,Manag_Unit_48,t/yr,70.50797241178857
PREDEV,FI,Dawson,DON,Manag_Unit_48,t/yr,424.6874984291177
PREDEV,FI,Dawson,DOP,Manag_Unit_48,t/yr,14.11995395425446
PREDEV,FI,Dawson,FS,Manag_Unit_48,kt/yr,66.99051743258144
PREDEV,FI,Dawson,PN,Manag_Unit_48,t/yr,340.7747248626761
PREDEV,FI,Dawson,PP,Manag_Unit_48,t/yr,195.18833109778262
PREDEV,FI,Fitzroy,DIN,Manag_Unit_48,t/yr,54.268681207205574
PREDEV,FI,Fitzroy,DIP,Manag_Unit_48,t/yr,29.935777143996404
PREDEV,FI,Fitzroy,DON,Manag_Unit_48,t/yr,177.67468139721063
PREDEV,FI,Fitzroy,DOP,Manag_Unit_48,t/yr,5.991616785399362
PREDEV,FI,Fitzroy,FS,Manag_Unit_48,kt/yr,55.36288498160966
PREDEV,FI,Fitzroy,PN,Manag_Unit_48,t/yr,176.70419686898808
PREDEV,FI,Fitzroy,PP,Manag_Unit_48,t/yr,91.32880965627683
PREDEV,FI,Isaac,DIN,Manag_Unit_48,t/yr,193.5177384461264
PREDEV,FI,Isaac,DIP,Manag_Unit_48,t/yr,105.05725641750251
PREDEV,FI,Isaac,DON,Manag_Unit_48,t/yr,629.8212055078542
PREDEV,FI,Isaac,DOP,Manag_Unit_48,t/yr,21.036743778045373
PREDEV,FI,Isaac,FS,Manag_Unit_48,kt/yr,28.33957623187343
PREDEV,FI,Isaac,PN,Manag_Unit_48,t/yr,165.21621419686758
PREDEV,FI,Isaac,PP,Manag_Unit_48,t/yr,96.94898030958328
PREDEV,FI,Mackenzie,DIN,Manag_Unit_48,t/yr,43.548561346046036
PREDEV,FI,Mackenzie,DIP,Manag_Unit_48,t/yr,23.93228463231598
PREDEV,FI,Mackenzie,DON,Manag_Unit_48,t/yr,142.4018054744294
PREDEV,FI,Mackenzie,DOP,Manag_Unit_48,t/yr,4.7880125364023955
PREDEV,FI,Mackenzie,FS,Manag_Unit_48,kt/yr,55.533086713590215
PREDEV,FI,Mackenzie,PN,Manag_Unit_48,t/yr,115.11490137150744
PREDEV,FI,Mackenzie,PP,Manag_Unit_48,t/yr,76.48186018743111
PREDEV,FI,Nogoa,DIN,Manag_Unit_48,t/yr,35.44716275186315
PREDEV,FI,Nogoa,DIP,Manag_Unit_48,t/yr,19.67855616380095
PREDEV,FI,Nogoa,DON,Manag_Unit_48,t/yr,118.46706573970889
PREDEV,FI,Nogoa,DOP,Manag_Unit_48,t/yr,3.9637931566087294
PREDEV,FI,Nogoa,FS,Manag_Unit_48,kt/yr,8.636297968075901
PREDEV,FI,Nogoa,PN,Manag_Unit_48,t/yr,25.424920851016303
PREDEV,FI,Nogoa,PP,Manag_Unit_48,t/yr,14.319947958299517
PREDEV,FI,Shoalwater,DIN,Manag_Unit_48,t/yr,16.87003417873292
PREDEV,FI,Shoalwater,DIP,Manag_Unit_48,t/yr,11.166283587205015
PREDEV,FI,Shoalwater,DON,Manag_Unit_48,t/yr,66.90952590006006
PREDEV,FI,Shoalwater,DOP,Manag_Unit_48,t/yr,2.322078074477587
PREDEV,FI,Shoalwater,FS,Manag_Unit_48,kt/yr,20.538669515002496
PREDEV,FI,Shoalwater,PN,Manag_Unit_48,t/yr,83.05822508739243
PREDEV,FI,Shoalwater,PP,Manag_Unit_48,t/yr,26.741646793602417
PREDEV,FI,Styx,DIN,Manag_Unit_48,t/yr,22.997084057679405
PREDEV,FI,Styx,DIP,Manag_Unit_48,t/yr,12.751252228020306
PREDEV,FI,Styx,DON,Manag_Unit_48,t/yr,76.68816267223168
PREDEV,FI,Styx,DOP,Manag_Unit_48,t/yr,2.5660212500471458
PREDEV,FI,Styx,FS,Manag_Unit_48,kt/yr,13.433836616202269
PREDEV,FI,Styx,PN,Manag_Unit_48,t/yr,67.20609237934545
PREDEV,FI,Styx,PP,Manag_Unit_48,t/yr,21.312840650748317
PREDEV,FI,Theresa,DIN,Manag_Unit_48,t/yr,19.289594212480477
PREDEV,FI,Theresa,DIP,Manag_Unit_48,t/yr,10.595772516861626
PREDEV,FI,Theresa,DON,Manag_Unit_48,t/yr,62.84047668006437
PREDEV,FI,Theresa,DOP,Manag_Unit_48,t/yr,2.118138578644784
PREDEV,FI,Theresa,FS,Manag_Unit_48,kt/yr,7.839205199008226
PREDEV,FI,Theresa,PN,Manag_Unit_48,t/yr,24.930499414566363
PREDEV,FI,Theresa,PP,Manag_Unit_48,t/yr,11.934466389508305
PREDEV,FI,Water Park,DIN,Manag_Unit_48,t/yr,29.12307889607908
PREDEV,FI,Water Park,DIP,Manag_Unit_48,t/yr,17.16071427705435
PREDEV,FI,Water Park,DON,Manag_Unit_48,t/yr,106.55478425412741
PREDEV,FI,Water Park,DOP,Manag_Unit_48,t/yr,3.584497068353668
PREDEV,FI,Water Park,FS,Manag_Unit_48,kt/yr,7.929344461078151
PREDEV,FI,Water Park,PN,Manag_Unit_48,t/yr,53.48502276936901
PREDEV,FI,Water Park,PP,Manag_Unit_48,t/yr,12.536954293300278
PREDEV,MW,O-Connell,DIN,Manag_Unit_48,t/yr,89.16973833669174
PREDEV,MW,O-Connell,DIP,Manag_Unit_48,t/yr,21.415472265576316
PREDEV,MW,O-Connell,DON,Manag_Unit_48,t/yr,456.8520920052128
PREDEV,MW,O-Connell,DOP,Manag_Unit_48,t/yr,13.258819950201941
PREDEV,MW,O-Connell,FS,Manag_Unit_48,kt/yr,36.97074079360978
PREDEV,MW,O-Connell,PN,Manag_Unit_48,t/yr,138.91560855206671
PREDEV,MW,O-Connell,PP,Manag_Unit_48,t/yr,39.25221146940343
PREDEV,MW,Pioneer,DIN,Manag_Unit_48,t/yr,44.61391311734458
PREDEV,MW,Pioneer,DIP,Manag_Unit_48,t/yr,10.455124985471564
PREDEV,MW,Pioneer,DON,Manag_Unit_48,t/yr,129.59575699363316
PREDEV,MW,Pioneer,DOP,Manag_Unit_48,t/yr,8.734231320299022
PREDEV,MW,Pioneer,FS,Manag_Unit_48,kt/yr,30.61333020469846
PREDEV,MW,Pioneer,PN,Manag_Unit_48,t/yr,106.05467150949119
PREDEV,MW,Pioneer,PP,Manag_Unit_48,t/yr,42.635779448285874
PREDEV,MW,Plane,DIN,Manag_Unit_48,t/yr,85.42436551836582
PREDEV,MW,Plane,DIP,Manag_Unit_48,t/yr,26.46561463744254
PREDEV,MW,Plane,DON,Manag_Unit_48,t/yr,408.72638842255833
PREDEV,MW,Plane,DOP,Manag_Unit_48,t/yr,12.980649543750461
PREDEV,MW,Plane,FS,Manag_Unit_48,kt/yr,17.47121357308961
PREDEV,MW,Plane,PN,Manag_Unit_48,t/yr,114.5584118459435
PREDEV,MW,Plane,PP,Manag_Unit_48,t/yr,24.84249385917407
PREDEV,MW,Proserpine,DIN,Manag_Unit_48,t/yr,78.89314517833482
PREDEV,MW,Proserpine,DIP,Manag_Unit_48,t/yr,18.79991216024569
PREDEV,MW,Proserpine,DON,Manag_Unit_48,t/yr,197.13666731076557
PREDEV,MW,Proserpine,DOP,Manag_Unit_48,t/yr,11.92955026584811
PREDEV,MW,Proserpine,FS,Manag_Unit_48,kt/yr,11.272048427722504
PREDEV,MW,Proserpine,PN,Manag_Unit_48,t/yr,70.9542152533519
PREDEV,MW,Proserpine,PP,Manag_Unit_48,t/yr,19.0478594334797
PREDEV,WT,Barron,DIN,Manag_Unit_48,t/yr,34.5825521433203
PREDEV,WT,Barron,DIP,Manag_Unit_48,t/yr,4.231495147545286
PREDEV,WT,Barron,DON,Manag_Unit_48,t/yr,167.3539302951152
PREDEV,WT,Barron,DOP,Manag_Unit_48,t/yr,6.314114805757717
PREDEV,WT,Barron,FS,Manag_Unit_48,kt/yr,83.96381596044066
PREDEV,WT,Barron,PN,Manag_Unit_48,t/yr,241.1916251308525
PREDEV,WT,Barron,PP,Manag_Unit_48,t/yr,52.3869228754494
PREDEV,WT,Daintree,DIN,Manag_Unit_48,t/yr,324.67340884381025
PREDEV,WT,Daintree,DIP,Manag_Unit_48,t/yr,10.181687995006259
PREDEV,WT,Daintree,DON,Manag_Unit_48,t/yr,475.927261679509
PREDEV,WT,Daintree,DOP,Manag_Unit_48,t/yr,37.56138621495222
PREDEV,WT,Daintree,FS,Manag_Unit_48,kt/yr,68.7470787793792
PREDEV,WT,Daintree,PN,Manag_Unit_48,t/yr,716.4630825153444
PREDEV,WT,Daintree,PP,Manag_Unit_48,t/yr,128.36058578133532
PREDEV,WT,Johnstone,DIN,Manag_Unit_48,t/yr,237.29308614225653
PREDEV,WT,Johnstone,DIP,Manag_Unit_48,t/yr,18.174740887514293
PREDEV,WT,Johnstone,DON,Manag_Unit_48,t/yr,248.73620612041395
PREDEV,WT,Johnstone,DOP,Manag_Unit_48,t/yr,37.79981339855385
PREDEV,WT,Johnstone,FS,Manag_Unit_48,kt/yr,110.9078687410183
PREDEV,WT,Johnstone,PN,Manag_Unit_48,t/yr,652.3557858473581
PREDEV,WT,Johnstone,PP,Manag_Unit_48,t/yr,155.41768187798957
PREDEV,WT,Lower Herbert,DIN,Manag_Unit_48,t/yr,137.6712441161111
PREDEV,WT,Lower Herbert,DIP,Manag_Unit_48,t/yr,12.827335967358293
PREDEV,WT,Lower Herbert,DON,Manag_Unit_48,t/yr,402.9378033153832
PREDEV,WT,Lower Herbert,DOP,Manag_Unit_48,t/yr,37.033093620840546
PREDEV,WT,Lower Herbert,FS,Manag_Unit_48,kt/yr,62.486243894543954
PREDEV,WT,Lower Herbert,PN,Manag_Unit_48,t/yr,263.96624604695097
PREDEV,WT,Lower Herbert,PP,Manag_Unit_48,t/yr,35.721141314448474
PREDEV,WT,Mossman,DIN,Manag_Unit_48,t/yr,29.013100782919214
PREDEV,WT,Mossman,DIP,Manag_Unit_48,t/yr,2.9630425974087125
PREDEV,WT,Mossman,DON,Manag_Unit_48,t/yr,56.36800662761139
PREDEV,WT,Mossman,DOP,Manag_Unit_48,t/yr,4.995249756773799
PREDEV,WT,Mossman,FS,Manag_Unit_48,kt/yr,9.549249821548571
PREDEV,WT,Mossman,PN,Manag_Unit_48,t/yr,32.54144459741088
PREDEV,WT,Mossman,PP,Manag_Unit_48,t/yr,6.891760015969914
PREDEV,WT,Mulgrave-Russell,DIN,Manag_Unit_48,t/yr,204.5922066741391
PREDEV,WT,Mulgrave-Russell,DIP,Manag_Unit_48,t/yr,12.995406826580336
PREDEV,WT,Mulgrave-Russell,DON,Manag_Unit_48,t/yr,364.4591388589765
PREDEV,WT,Mulgrave-Russell,DOP,Manag_Unit_48,t/yr,30.52886711376437
PREDEV,WT,Mulgrave-Russell,FS,Manag_Unit_48,kt/yr,42.21093246619978
PREDEV,WT,Mulgrave-Russell,PN,Manag_Unit_48,t/yr,315.40475846802315
PREDEV,WT,Mulgrave-Russell,PP,Manag_Unit_48,t/yr,54.97927010069822
PREDEV,WT,Murray,DIN,Manag_Unit_48,t/yr,108.2936075049817
PREDEV,WT,Murray,DIP,Manag_Unit_48,t/yr,3.4708701610575705
PREDEV,WT,Murray,DON,Manag_Unit_48,t/yr,128.61892411885552
PREDEV,WT,Murray,DOP,Manag_Unit_48,t/yr,10.829360750498143
PREDEV,WT,Murray,FS,Manag_Unit_48,kt/yr,19.021945996746595
PREDEV,WT,Murray,PN,Manag_Unit_48,t/yr,85.72395775079418
PREDEV,WT,Murray,PP,Manag_Unit_48,t/yr,11.266360893150246
PREDEV,WT,Tully,DIN,Manag_Unit_48,t/yr,258.12946295844614
PREDEV,WT,Tully,DIP,Manag_Unit_48,t/yr,7.296776087482351
PREDEV,WT,Tully,DON,Manag_Unit_48,t/yr,305.74576942943975
PREDEV,WT,Tully,DOP,Manag_Unit_48,t/yr,31.774468732601516
PREDEV,WT,Tully,FS,Manag_Unit_48,kt/yr,53.21757800403447
PREDEV,WT,Tully,PN,Manag_Unit_48,t/yr,271.1744499429115
PREDEV,WT,Tully,PP,Manag_Unit_48,t/yr,49.3168388291426
PREDEV,WT,Upper Herbert,DIN,Manag_Unit_48,t/yr,84.26383495391931
PREDEV,WT,Upper Herbert,DIP,Manag_Unit_48,t/yr,7.578053861342792
PREDEV,WT,Upper Herbert,DON,Manag_Unit_48,t/yr,248.0292805702221
PREDEV,WT,Upper Herbert,DOP,Manag_Unit_48,t/yr,28.84133094723429
PREDEV,WT,Upper Herbert,FS,Manag_Unit_48,kt/yr,119.28166872925722
PREDEV,WT,Upper Herbert,PN,Manag_Unit_48,t/yr,321.4163806132214
PREDEV,WT,Upper Herbert,PP,Manag_Unit_48,t/yr,79.83688820999043
