Scenario,Region,Basin,Constituent,BasinScale,Units,LoadToStream
BASE,BM,Baffle,DIN,Manag_Unit_48,t/yr,91.79724876442643
BASE,BM,Baffle,DIP,Manag_Unit_48,t/yr,23.706782125470735
BASE,BM,Baffle,DON,Manag_Unit_48,t/yr,353.4329385952776
BASE,BM,Baffle,DOP,Manag_Unit_48,t/yr,13.8390506408841
BASE,BM,Baffle,FS,Manag_Unit_48,kt/yr,34.32745353775845
BASE,BM,Baffle,PN,Manag_Unit_48,t/yr,125.72796995068683
BASE,BM,Baffle,PP,Manag_Unit_48,t/yr,66.90745873071253
BASE,BM,Burnett,DIN,Manag_Unit_48,t/yr,279.7238017718609
BASE,BM,Burnett,DIP,Manag_Unit_48,t/yr,59.16633074938054
BASE,BM,Burnett,DON,Manag_Unit_48,t/yr,625.8189550558383
BASE,BM,Burnett,DOP,Manag_Unit_48,t/yr,29.661182451215232
BASE,BM,Burnett,FS,Manag_Unit_48,kt/yr,1037.9432951302383
BASE,BM,Burnett,PN,Manag_Unit_48,t/yr,3248.318023920112
BASE,BM,Burnett,PP,Manag_Unit_48,t/yr,985.8534135241414
BASE,BM,Burrum,DIN,Manag_Unit_48,t/yr,82.00176660282196
BASE,BM,Burrum,DIP,Manag_Unit_48,t/yr,15.470850987574803
BASE,BM,Burrum,DON,Manag_Unit_48,t/yr,171.3515663126087
BASE,BM,Burrum,DOP,Manag_Unit_48,t/yr,7.731391476828566
BASE,BM,Burrum,FS,Manag_Unit_48,kt/yr,18.12611840899232
BASE,BM,Burrum,PN,Manag_Unit_48,t/yr,61.239958653912275
BASE,BM,Burrum,PP,Manag_Unit_48,t/yr,20.571409821711
BASE,BM,Kolan,DIN,Manag_Unit_48,t/yr,100.08017250152331
BASE,BM,Kolan,DIP,Manag_Unit_48,t/yr,14.9476634083951
BASE,BM,Kolan,DON,Manag_Unit_48,t/yr,199.83636981354906
BASE,BM,Kolan,DOP,Manag_Unit_48,t/yr,8.428545524058467
BASE,BM,Kolan,FS,Manag_Unit_48,kt/yr,62.727689940328524
BASE,BM,Kolan,PN,Manag_Unit_48,t/yr,295.3428591925288
BASE,BM,Kolan,PP,Manag_Unit_48,t/yr,95.3309550779719
BASE,BM,Mary,DIN,Manag_Unit_48,t/yr,402.05917796733263
BASE,BM,Mary,DIP,Manag_Unit_48,t/yr,48.2007309129232
BASE,BM,Mary,DON,Manag_Unit_48,t/yr,959.5407615526874
BASE,BM,Mary,DOP,Manag_Unit_48,t/yr,37.11204206659227
BASE,BM,Mary,FS,Manag_Unit_48,kt/yr,446.30158337689454
BASE,BM,Mary,PN,Manag_Unit_48,t/yr,1080.9486860167244
BASE,BM,Mary,PP,Manag_Unit_48,t/yr,418.1456882662663
BASE,BU,Belyando,DIN,Manag_Unit_48,t/yr,31.210957952088446
BASE,BU,Belyando,DIP,Manag_Unit_48,t/yr,30.342576887747168
BASE,BU,Belyando,DON,Manag_Unit_48,t/yr,262.4101112266997
BASE,BU,Belyando,DOP,Manag_Unit_48,t/yr,12.510677695558588
BASE,BU,Belyando,FS,Manag_Unit_48,kt/yr,129.53679901432318
BASE,BU,Belyando,PN,Manag_Unit_48,t/yr,125.62875865541929
BASE,BU,Belyando,PP,Manag_Unit_48,t/yr,97.68754570507505
BASE,BU,Black,DIN,Manag_Unit_48,t/yr,57.511748301811096
BASE,BU,Black,DIP,Manag_Unit_48,t/yr,22.646398124729675
BASE,BU,Black,DON,Manag_Unit_48,t/yr,179.48231454071305
BASE,BU,Black,DOP,Manag_Unit_48,t/yr,8.046917175264912
BASE,BU,Black,FS,Manag_Unit_48,kt/yr,37.71111814255824
BASE,BU,Black,PN,Manag_Unit_48,t/yr,69.08591721584723
BASE,BU,Black,PP,Manag_Unit_48,t/yr,26.670248657745017
BASE,BU,Bowen Bogie,DIN,Manag_Unit_48,t/yr,267.64081646962825
BASE,BU,Bowen Bogie,DIP,Manag_Unit_48,t/yr,71.59998852685996
BASE,BU,Bowen Bogie,DON,Manag_Unit_48,t/yr,427.9471775269838
BASE,BU,Bowen Bogie,DOP,Manag_Unit_48,t/yr,27.009796328207266
BASE,BU,Bowen Bogie,FS,Manag_Unit_48,kt/yr,1800.9319482417575
BASE,BU,Bowen Bogie,PN,Manag_Unit_48,t/yr,2147.27663740204
BASE,BU,Bowen Bogie,PP,Manag_Unit_48,t/yr,1508.787021178174
BASE,BU,Burdekin Delta,DIN,Manag_Unit_48,t/yr,427.94322780415075
BASE,BU,Burdekin Delta,DIP,Manag_Unit_48,t/yr,32.72663246511637
BASE,BU,Burdekin Delta,DON,Manag_Unit_48,t/yr,70.57167471264634
BASE,BU,Burdekin Delta,DOP,Manag_Unit_48,t/yr,9.695275495653842
BASE,BU,Burdekin Delta,FS,Manag_Unit_48,kt/yr,34.39723256037498
BASE,BU,Burdekin Delta,PN,Manag_Unit_48,t/yr,92.02545581938664
BASE,BU,Burdekin Delta,PP,Manag_Unit_48,t/yr,54.56658600330042
BASE,BU,Cape Campaspe,DIN,Manag_Unit_48,t/yr,35.82932047251306
BASE,BU,Cape Campaspe,DIP,Manag_Unit_48,t/yr,18.110885154227983
BASE,BU,Cape Campaspe,DON,Manag_Unit_48,t/yr,235.8353811510885
BASE,BU,Cape Campaspe,DOP,Manag_Unit_48,t/yr,17.896174345329506
BASE,BU,Cape Campaspe,FS,Manag_Unit_48,kt/yr,162.02007259310486
BASE,BU,Cape Campaspe,PN,Manag_Unit_48,t/yr,340.967806014315
BASE,BU,Cape Campaspe,PP,Manag_Unit_48,t/yr,117.39580938914136
BASE,BU,Don,DIN,Manag_Unit_48,t/yr,101.92108753653108
BASE,BU,Don,DIP,Manag_Unit_48,t/yr,38.5312103214705
BASE,BU,Don,DON,Manag_Unit_48,t/yr,178.63173160802918
BASE,BU,Don,DOP,Manag_Unit_48,t/yr,19.210883113642463
BASE,BU,Don,FS,Manag_Unit_48,kt/yr,152.1786664810462
BASE,BU,Don,PN,Manag_Unit_48,t/yr,289.9586158197241
BASE,BU,Don,PP,Manag_Unit_48,t/yr,126.78969102682095
BASE,BU,East Burdekin,DIN,Manag_Unit_48,t/yr,53.222736675890516
BASE,BU,East Burdekin,DIP,Manag_Unit_48,t/yr,13.103158607419685
BASE,BU,East Burdekin,DON,Manag_Unit_48,t/yr,85.12087836573696
BASE,BU,East Burdekin,DOP,Manag_Unit_48,t/yr,5.179629926336145
BASE,BU,East Burdekin,FS,Manag_Unit_48,kt/yr,131.7903955770273
BASE,BU,East Burdekin,PN,Manag_Unit_48,t/yr,122.6501921905703
BASE,BU,East Burdekin,PP,Manag_Unit_48,t/yr,112.75798226107908
BASE,BU,Haughton,DIN,Manag_Unit_48,t/yr,388.80687087332825
BASE,BU,Haughton,DIP,Manag_Unit_48,t/yr,55.238661777911716
BASE,BU,Haughton,DON,Manag_Unit_48,t/yr,301.4310431859731
BASE,BU,Haughton,DOP,Manag_Unit_48,t/yr,19.086458831326595
BASE,BU,Haughton,FS,Manag_Unit_48,kt/yr,101.75012552661758
BASE,BU,Haughton,PN,Manag_Unit_48,t/yr,309.7250053392118
BASE,BU,Haughton,PP,Manag_Unit_48,t/yr,112.12940467032774
BASE,BU,Ross,DIN,Manag_Unit_48,t/yr,90.06427084594122
BASE,BU,Ross,DIP,Manag_Unit_48,t/yr,27.92208495262912
BASE,BU,Ross,DON,Manag_Unit_48,t/yr,179.58617610473542
BASE,BU,Ross,DOP,Manag_Unit_48,t/yr,8.705618155849082
BASE,BU,Ross,FS,Manag_Unit_48,kt/yr,78.60465107085813
BASE,BU,Ross,PN,Manag_Unit_48,t/yr,161.0016312994894
BASE,BU,Ross,PP,Manag_Unit_48,t/yr,77.8897290992657
BASE,BU,Suttor,DIN,Manag_Unit_48,t/yr,46.498284718440985
BASE,BU,Suttor,DIP,Manag_Unit_48,t/yr,36.459859476224665
BASE,BU,Suttor,DON,Manag_Unit_48,t/yr,370.59292057106364
BASE,BU,Suttor,DOP,Manag_Unit_48,t/yr,15.598485065109385
BASE,BU,Suttor,FS,Manag_Unit_48,kt/yr,110.31814694510052
BASE,BU,Suttor,PN,Manag_Unit_48,t/yr,159.95149395318663
BASE,BU,Suttor,PP,Manag_Unit_48,t/yr,79.73493719581334
BASE,BU,Upper Burdekin,DIN,Manag_Unit_48,t/yr,493.59593483437146
BASE,BU,Upper Burdekin,DIP,Manag_Unit_48,t/yr,106.43238154945412
BASE,BU,Upper Burdekin,DON,Manag_Unit_48,t/yr,1177.023725465888
BASE,BU,Upper Burdekin,DOP,Manag_Unit_48,t/yr,105.52446210878281
BASE,BU,Upper Burdekin,FS,Manag_Unit_48,kt/yr,3461.534370230225
BASE,BU,Upper Burdekin,PN,Manag_Unit_48,t/yr,3625.37251314401
BASE,BU,Upper Burdekin,PP,Manag_Unit_48,t/yr,2533.3329717210713
BASE,CY,Endeavour,DIN,Manag_Unit_48,t/yr,49.71066533798225
BASE,CY,Endeavour,DIP,Manag_Unit_48,t/yr,8.041773532851286
BASE,CY,Endeavour,DON,Manag_Unit_48,t/yr,270.3631617603081
BASE,CY,Endeavour,DOP,Manag_Unit_48,t/yr,16.494207985108627
BASE,CY,Endeavour,FS,Manag_Unit_48,kt/yr,91.0829600963769
BASE,CY,Endeavour,PN,Manag_Unit_48,t/yr,355.5382157306907
BASE,CY,Endeavour,PP,Manag_Unit_48,t/yr,127.76207939711327
BASE,CY,Jacky Jacky,DIN,Manag_Unit_48,t/yr,47.81618649174776
BASE,CY,Jacky Jacky,DIP,Manag_Unit_48,t/yr,4.240067873451049
BASE,CY,Jacky Jacky,DON,Manag_Unit_48,t/yr,286.1316478160365
BASE,CY,Jacky Jacky,DOP,Manag_Unit_48,t/yr,16.786065522003558
BASE,CY,Jacky Jacky,FS,Manag_Unit_48,kt/yr,11.915526444677717
BASE,CY,Jacky Jacky,PN,Manag_Unit_48,t/yr,193.27202354929042
BASE,CY,Jacky Jacky,PP,Manag_Unit_48,t/yr,70.7863582004979
BASE,CY,Jeannie,DIN,Manag_Unit_48,t/yr,33.283978049949226
BASE,CY,Jeannie,DIP,Manag_Unit_48,t/yr,4.729332210827563
BASE,CY,Jeannie,DON,Manag_Unit_48,t/yr,200.15951690301404
BASE,CY,Jeannie,DOP,Manag_Unit_48,t/yr,12.548753768864648
BASE,CY,Jeannie,FS,Manag_Unit_48,kt/yr,52.28016960690181
BASE,CY,Jeannie,PN,Manag_Unit_48,t/yr,205.561205431928
BASE,CY,Jeannie,PP,Manag_Unit_48,t/yr,109.1194076334184
BASE,CY,Lockhart,DIN,Manag_Unit_48,t/yr,39.77144342197023
BASE,CY,Lockhart,DIP,Manag_Unit_48,t/yr,3.444010215133932
BASE,CY,Lockhart,DON,Manag_Unit_48,t/yr,229.13069609732588
BASE,CY,Lockhart,DOP,Manag_Unit_48,t/yr,13.880735711606953
BASE,CY,Lockhart,FS,Manag_Unit_48,kt/yr,22.412951477666653
BASE,CY,Lockhart,PN,Manag_Unit_48,t/yr,84.90599618384907
BASE,CY,Lockhart,PP,Manag_Unit_48,t/yr,28.627419850581653
BASE,CY,Normanby,DIN,Manag_Unit_48,t/yr,181.41724836935188
BASE,CY,Normanby,DIP,Manag_Unit_48,t/yr,34.41427067042795
BASE,CY,Normanby,DON,Manag_Unit_48,t/yr,1300.9076974380334
BASE,CY,Normanby,DOP,Manag_Unit_48,t/yr,76.79370003438443
BASE,CY,Normanby,FS,Manag_Unit_48,kt/yr,318.112979892055
BASE,CY,Normanby,PN,Manag_Unit_48,t/yr,734.7897806188379
BASE,CY,Normanby,PP,Manag_Unit_48,t/yr,278.2876056634903
BASE,CY,Olive Pascoe,DIN,Manag_Unit_48,t/yr,142.96447696754728
BASE,CY,Olive Pascoe,DIP,Manag_Unit_48,t/yr,7.726245754617602
BASE,CY,Olive Pascoe,DON,Manag_Unit_48,t/yr,522.691314620568
BASE,CY,Olive Pascoe,DOP,Manag_Unit_48,t/yr,29.623477586981252
BASE,CY,Olive Pascoe,FS,Manag_Unit_48,kt/yr,86.4236454860073
BASE,CY,Olive Pascoe,PN,Manag_Unit_48,t/yr,465.6951490768551
BASE,CY,Olive Pascoe,PP,Manag_Unit_48,t/yr,66.97546952880508
BASE,CY,Stewart,DIN,Manag_Unit_48,t/yr,33.83413423250521
BASE,CY,Stewart,DIP,Manag_Unit_48,t/yr,2.732198421301453
BASE,CY,Stewart,DON,Manag_Unit_48,t/yr,183.81878339081214
BASE,CY,Stewart,DOP,Manag_Unit_48,t/yr,10.198420786602844
BASE,CY,Stewart,FS,Manag_Unit_48,kt/yr,16.48561577237798
BASE,CY,Stewart,PN,Manag_Unit_48,t/yr,75.79033081042498
BASE,CY,Stewart,PP,Manag_Unit_48,t/yr,21.911839996641667
BASE,FI,Boyne,DIN,Manag_Unit_48,t/yr,36.15387541143704
BASE,FI,Boyne,DIP,Manag_Unit_48,t/yr,26.30584033488657
BASE,FI,Boyne,DON,Manag_Unit_48,t/yr,99.9095119672595
BASE,FI,Boyne,DOP,Manag_Unit_48,t/yr,5.965849978066476
BASE,FI,Boyne,FS,Manag_Unit_48,kt/yr,43.755478970496846
BASE,FI,Boyne,PN,Manag_Unit_48,t/yr,165.76668692757164
BASE,FI,Boyne,PP,Manag_Unit_48,t/yr,72.95326912657121
BASE,FI,Calliope,DIN,Manag_Unit_48,t/yr,32.87419368120462
BASE,FI,Calliope,DIP,Manag_Unit_48,t/yr,18.19273250201854
BASE,FI,Calliope,DON,Manag_Unit_48,t/yr,83.17455028693335
BASE,FI,Calliope,DOP,Manag_Unit_48,t/yr,3.9165970158490144
BASE,FI,Calliope,FS,Manag_Unit_48,kt/yr,50.06497299564134
BASE,FI,Calliope,PN,Manag_Unit_48,t/yr,143.60308511658016
BASE,FI,Calliope,PP,Manag_Unit_48,t/yr,65.16420763228858
BASE,FI,Comet,DIN,Manag_Unit_48,t/yr,83.94980740482133
BASE,FI,Comet,DIP,Manag_Unit_48,t/yr,76.4238142543024
BASE,FI,Comet,DON,Manag_Unit_48,t/yr,188.8895198087828
BASE,FI,Comet,DOP,Manag_Unit_48,t/yr,18.276831265203693
BASE,FI,Comet,FS,Manag_Unit_48,kt/yr,354.3294422515411
BASE,FI,Comet,PN,Manag_Unit_48,t/yr,523.1597863951617
BASE,FI,Comet,PP,Manag_Unit_48,t/yr,385.913839411266
BASE,FI,Dawson,DIN,Manag_Unit_48,t/yr,177.85686800511374
BASE,FI,Dawson,DIP,Manag_Unit_48,t/yr,233.9625095200523
BASE,FI,Dawson,DON,Manag_Unit_48,t/yr,475.39051557773865
BASE,FI,Dawson,DOP,Manag_Unit_48,t/yr,57.45600644010744
BASE,FI,Dawson,FS,Manag_Unit_48,kt/yr,758.0820860627591
BASE,FI,Dawson,PN,Manag_Unit_48,t/yr,1498.2896587810926
BASE,FI,Dawson,PP,Manag_Unit_48,t/yr,927.6274467897023
BASE,FI,Fitzroy,DIN,Manag_Unit_48,t/yr,113.58793569694664
BASE,FI,Fitzroy,DIP,Manag_Unit_48,t/yr,107.84557822714088
BASE,FI,Fitzroy,DON,Manag_Unit_48,t/yr,201.0845777869955
BASE,FI,Fitzroy,DOP,Manag_Unit_48,t/yr,23.46352840911384
BASE,FI,Fitzroy,FS,Manag_Unit_48,kt/yr,269.57262017695086
BASE,FI,Fitzroy,PN,Manag_Unit_48,t/yr,557.7955550097763
BASE,FI,Fitzroy,PP,Manag_Unit_48,t/yr,327.31530629922685
BASE,FI,Isaac,DIN,Manag_Unit_48,t/yr,217.855665378164
BASE,FI,Isaac,DIP,Manag_Unit_48,t/yr,119.27577083672963
BASE,FI,Isaac,DON,Manag_Unit_48,t/yr,651.0683099723266
BASE,FI,Isaac,DOP,Manag_Unit_48,t/yr,26.35012348245853
BASE,FI,Isaac,FS,Manag_Unit_48,kt/yr,536.1691646723933
BASE,FI,Isaac,PN,Manag_Unit_48,t/yr,838.1196143479609
BASE,FI,Isaac,PP,Manag_Unit_48,t/yr,470.4851971039833
BASE,FI,Mackenzie,DIN,Manag_Unit_48,t/yr,52.278200174267965
BASE,FI,Mackenzie,DIP,Manag_Unit_48,t/yr,33.512287079583665
BASE,FI,Mackenzie,DON,Manag_Unit_48,t/yr,148.7193296355746
BASE,FI,Mackenzie,DOP,Manag_Unit_48,t/yr,7.52034077069723
BASE,FI,Mackenzie,FS,Manag_Unit_48,kt/yr,255.42618486607913
BASE,FI,Mackenzie,PN,Manag_Unit_48,t/yr,340.95562778393247
BASE,FI,Mackenzie,PP,Manag_Unit_48,t/yr,213.2041184121176
BASE,FI,Nogoa,DIN,Manag_Unit_48,t/yr,69.04525706519415
BASE,FI,Nogoa,DIP,Manag_Unit_48,t/yr,50.584610734144796
BASE,FI,Nogoa,DON,Manag_Unit_48,t/yr,201.6061755791902
BASE,FI,Nogoa,DOP,Manag_Unit_48,t/yr,11.226426623035035
BASE,FI,Nogoa,FS,Manag_Unit_48,kt/yr,486.5779857055068
BASE,FI,Nogoa,PN,Manag_Unit_48,t/yr,806.4867903442329
BASE,FI,Nogoa,PP,Manag_Unit_48,t/yr,423.4751690882984
BASE,FI,Shoalwater,DIN,Manag_Unit_48,t/yr,17.034805408915453
BASE,FI,Shoalwater,DIP,Manag_Unit_48,t/yr,11.191161494610318
BASE,FI,Shoalwater,DON,Manag_Unit_48,t/yr,67.02890704501033
BASE,FI,Shoalwater,DOP,Manag_Unit_48,t/yr,2.3402018003629443
BASE,FI,Shoalwater,FS,Manag_Unit_48,kt/yr,44.398394800039206
BASE,FI,Shoalwater,PN,Manag_Unit_48,t/yr,119.81031116967223
BASE,FI,Shoalwater,PP,Manag_Unit_48,t/yr,38.229552685989596
BASE,FI,Styx,DIN,Manag_Unit_48,t/yr,34.096341586236875
BASE,FI,Styx,DIP,Manag_Unit_48,t/yr,16.213703653756067
BASE,FI,Styx,DON,Manag_Unit_48,t/yr,79.28521250226112
BASE,FI,Styx,DOP,Manag_Unit_48,t/yr,3.5279785396000314
BASE,FI,Styx,FS,Manag_Unit_48,kt/yr,64.40211227026195
BASE,FI,Styx,PN,Manag_Unit_48,t/yr,178.9516056640539
BASE,FI,Styx,PP,Manag_Unit_48,t/yr,59.62276036951762
BASE,FI,Theresa,DIN,Manag_Unit_48,t/yr,36.81609074780787
BASE,FI,Theresa,DIP,Manag_Unit_48,t/yr,24.329932756793703
BASE,FI,Theresa,DON,Manag_Unit_48,t/yr,82.6924696254024
BASE,FI,Theresa,DOP,Manag_Unit_48,t/yr,5.662734302760216
BASE,FI,Theresa,FS,Manag_Unit_48,kt/yr,113.79457904779964
BASE,FI,Theresa,PN,Manag_Unit_48,t/yr,241.0172090801862
BASE,FI,Theresa,PP,Manag_Unit_48,t/yr,82.68024034625044
BASE,FI,Water Park,DIN,Manag_Unit_48,t/yr,49.65494381436434
BASE,FI,Water Park,DIP,Manag_Unit_48,t/yr,22.274074280634533
BASE,FI,Water Park,DON,Manag_Unit_48,t/yr,114.33721870587812
BASE,FI,Water Park,DOP,Manag_Unit_48,t/yr,5.43884740794689
BASE,FI,Water Park,FS,Manag_Unit_48,kt/yr,12.106417799415954
BASE,FI,Water Park,PN,Manag_Unit_48,t/yr,65.0716853610427
BASE,FI,Water Park,PP,Manag_Unit_48,t/yr,16.247315873408965
BASE,MW,O-Connell,DIN,Manag_Unit_48,t/yr,165.7786638634991
BASE,MW,O-Connell,DIP,Manag_Unit_48,t/yr,34.09276835946736
BASE,MW,O-Connell,DON,Manag_Unit_48,t/yr,580.456784953177
BASE,MW,O-Connell,DOP,Manag_Unit_48,t/yr,14.498435464059526
BASE,MW,O-Connell,FS,Manag_Unit_48,kt/yr,237.53286327408023
BASE,MW,O-Connell,PN,Manag_Unit_48,t/yr,773.1742738379091
BASE,MW,O-Connell,PP,Manag_Unit_48,t/yr,201.53570217768007
BASE,MW,Pioneer,DIN,Manag_Unit_48,t/yr,215.691857746295
BASE,MW,Pioneer,DIP,Manag_Unit_48,t/yr,37.40615768813809
BASE,MW,Pioneer,DON,Manag_Unit_48,t/yr,262.64286753910994
BASE,MW,Pioneer,DOP,Manag_Unit_48,t/yr,13.519809932667943
BASE,MW,Pioneer,FS,Manag_Unit_48,kt/yr,112.72044248416987
BASE,MW,Pioneer,PN,Manag_Unit_48,t/yr,428.22261092801216
BASE,MW,Pioneer,PP,Manag_Unit_48,t/yr,116.27700859051366
BASE,MW,Plane,DIN,Manag_Unit_48,t/yr,229.47447628167546
BASE,MW,Plane,DIP,Manag_Unit_48,t/yr,134.83019126448474
BASE,MW,Plane,DON,Manag_Unit_48,t/yr,629.3651668805155
BASE,MW,Plane,DOP,Manag_Unit_48,t/yr,36.61376564704175
BASE,MW,Plane,FS,Manag_Unit_48,kt/yr,85.92506918766456
BASE,MW,Plane,PN,Manag_Unit_48,t/yr,616.6682092558374
BASE,MW,Plane,PP,Manag_Unit_48,t/yr,105.89132692085593
BASE,MW,Proserpine,DIN,Manag_Unit_48,t/yr,183.5706887070299
BASE,MW,Proserpine,DIP,Manag_Unit_48,t/yr,41.02601949284334
BASE,MW,Proserpine,DON,Manag_Unit_48,t/yr,304.1197526216659
BASE,MW,Proserpine,DOP,Manag_Unit_48,t/yr,16.11742033924213
BASE,MW,Proserpine,FS,Manag_Unit_48,kt/yr,48.17005148861517
BASE,MW,Proserpine,PN,Manag_Unit_48,t/yr,164.71557599501057
BASE,MW,Proserpine,PP,Manag_Unit_48,t/yr,48.336443368127895
BASE,WT,Barron,DIN,Manag_Unit_48,t/yr,140.9158041019897
BASE,WT,Barron,DIP,Manag_Unit_48,t/yr,15.296225967270834
BASE,WT,Barron,DON,Manag_Unit_48,t/yr,320.3099595772615
BASE,WT,Barron,DOP,Manag_Unit_48,t/yr,15.820904735674063
BASE,WT,Barron,FS,Manag_Unit_48,kt/yr,218.76007532241792
BASE,WT,Barron,PN,Manag_Unit_48,t/yr,708.7895359433934
BASE,WT,Barron,PP,Manag_Unit_48,t/yr,241.91812693355143
BASE,WT,Daintree,DIN,Manag_Unit_48,t/yr,388.103287567667
BASE,WT,Daintree,DIP,Manag_Unit_48,t/yr,15.818760937882965
BASE,WT,Daintree,DON,Manag_Unit_48,t/yr,563.7884105133111
BASE,WT,Daintree,DOP,Manag_Unit_48,t/yr,38.58675633882833
BASE,WT,Daintree,FS,Manag_Unit_48,kt/yr,123.406671875761
BASE,WT,Daintree,PN,Manag_Unit_48,t/yr,1059.819096551986
BASE,WT,Daintree,PP,Manag_Unit_48,t/yr,192.34802972171792
BASE,WT,Johnstone,DIN,Manag_Unit_48,t/yr,960.9529724451168
BASE,WT,Johnstone,DIP,Manag_Unit_48,t/yr,78.28355518197463
BASE,WT,Johnstone,DON,Manag_Unit_48,t/yr,611.9254153895326
BASE,WT,Johnstone,DOP,Manag_Unit_48,t/yr,81.73251828023473
BASE,WT,Johnstone,FS,Manag_Unit_48,kt/yr,362.2992070744354
BASE,WT,Johnstone,PN,Manag_Unit_48,t/yr,1861.428096561972
BASE,WT,Johnstone,PP,Manag_Unit_48,t/yr,673.7702675808102
BASE,WT,Lower Herbert,DIN,Manag_Unit_48,t/yr,989.0221456297344
BASE,WT,Lower Herbert,DIP,Manag_Unit_48,t/yr,46.50145889814767
BASE,WT,Lower Herbert,DON,Manag_Unit_48,t/yr,544.5417763225412
BASE,WT,Lower Herbert,DOP,Manag_Unit_48,t/yr,41.79147945040286
BASE,WT,Lower Herbert,FS,Manag_Unit_48,kt/yr,143.37465846978867
BASE,WT,Lower Herbert,PN,Manag_Unit_48,t/yr,579.6319102118163
BASE,WT,Lower Herbert,PP,Manag_Unit_48,t/yr,127.85403670821628
BASE,WT,Mossman,DIN,Manag_Unit_48,t/yr,75.22007676052498
BASE,WT,Mossman,DIP,Manag_Unit_48,t/yr,6.469062828342405
BASE,WT,Mossman,DON,Manag_Unit_48,t/yr,86.99889869549185
BASE,WT,Mossman,DOP,Manag_Unit_48,t/yr,5.591244850802981
BASE,WT,Mossman,FS,Manag_Unit_48,kt/yr,16.82664065814076
BASE,WT,Mossman,PN,Manag_Unit_48,t/yr,60.79604072915906
BASE,WT,Mossman,PP,Manag_Unit_48,t/yr,19.071419625917827
BASE,WT,Mulgrave-Russell,DIN,Manag_Unit_48,t/yr,606.8211925261108
BASE,WT,Mulgrave-Russell,DIP,Manag_Unit_48,t/yr,34.638418398202326
BASE,WT,Mulgrave-Russell,DON,Manag_Unit_48,t/yr,528.6502233131694
BASE,WT,Mulgrave-Russell,DOP,Manag_Unit_48,t/yr,51.163370655634154
BASE,WT,Mulgrave-Russell,FS,Manag_Unit_48,kt/yr,98.37661965681346
BASE,WT,Mulgrave-Russell,PN,Manag_Unit_48,t/yr,592.6062067426404
BASE,WT,Mulgrave-Russell,PP,Manag_Unit_48,t/yr,139.13149112589377
BASE,WT,Murray,DIN,Manag_Unit_48,t/yr,336.5241614411991
BASE,WT,Murray,DIP,Manag_Unit_48,t/yr,29.15309164731043
BASE,WT,Murray,DON,Manag_Unit_48,t/yr,198.8124731305535
BASE,WT,Murray,DOP,Manag_Unit_48,t/yr,16.902141377682774
BASE,WT,Murray,FS,Manag_Unit_48,kt/yr,34.470188304241304
BASE,WT,Murray,PN,Manag_Unit_48,t/yr,161.35672789002953
BASE,WT,Murray,PP,Manag_Unit_48,t/yr,29.263445695899843
BASE,WT,Tully,DIN,Manag_Unit_48,t/yr,733.817551958426
BASE,WT,Tully,DIP,Manag_Unit_48,t/yr,24.76046294193737
BASE,WT,Tully,DON,Manag_Unit_48,t/yr,454.43908572173757
BASE,WT,Tully,DOP,Manag_Unit_48,t/yr,61.80332475123837
BASE,WT,Tully,FS,Manag_Unit_48,kt/yr,107.88271477575204
BASE,WT,Tully,PN,Manag_Unit_48,t/yr,470.5011768897851
BASE,WT,Tully,PP,Manag_Unit_48,t/yr,116.59242394292674
BASE,WT,Upper Herbert,DIN,Manag_Unit_48,t/yr,177.4661240105729
BASE,WT,Upper Herbert,DIP,Manag_Unit_48,t/yr,19.219579412071816
BASE,WT,Upper Herbert,DON,Manag_Unit_48,t/yr,475.2411721800945
BASE,WT,Upper Herbert,DOP,Manag_Unit_48,t/yr,33.577376724229026
BASE,WT,Upper Herbert,FS,Manag_Unit_48,kt/yr,252.4356245111363
BASE,WT,Upper Herbert,PN,Manag_Unit_48,t/yr,694.7939303780479
BASE,WT,Upper Herbert,PP,Manag_Unit_48,t/yr,182.13539805203317
CHANGE,BM,Baffle,DIN,Manag_Unit_48,t/yr,91.79724876430902
CHANGE,BM,Baffle,DIP,Manag_Unit_48,t/yr,23.706782124852918
CHANGE,BM,Baffle,DON,Manag_Unit_48,t/yr,353.4329385844825
CHANGE,BM,Baffle,DOP,Manag_Unit_48,t/yr,13.839050641317273
CHANGE,BM,Baffle,FS,Manag_Unit_48,kt/yr,34.31607382492379
CHANGE,BM,Baffle,PN,Manag_Unit_48,t/yr,125.69886218407622
CHANGE,BM,Baffle,PP,Manag_Unit_48,t/yr,66.9003849524244
CHANGE,BM,Burnett,DIN,Manag_Unit_48,t/yr,271.2067895890246
CHANGE,BM,Burnett,DIP,Manag_Unit_48,t/yr,59.1663307499653
CHANGE,BM,Burnett,DON,Manag_Unit_48,t/yr,625.8189550468982
CHANGE,BM,Burnett,DOP,Manag_Unit_48,t/yr,29.661182451531012
CHANGE,BM,Burnett,FS,Manag_Unit_48,kt/yr,1036.6080054213135
CHANGE,BM,Burnett,PN,Manag_Unit_48,t/yr,3241.266292321582
CHANGE,BM,Burnett,PP,Manag_Unit_48,t/yr,984.194883715012
CHANGE,BM,Burrum,DIN,Manag_Unit_48,t/yr,81.6385476313813
CHANGE,BM,Burrum,DIP,Manag_Unit_48,t/yr,15.470850987264777
CHANGE,BM,Burrum,DON,Manag_Unit_48,t/yr,171.35156630755097
CHANGE,BM,Burrum,DOP,Manag_Unit_48,t/yr,7.7313914767575564
CHANGE,BM,Burrum,FS,Manag_Unit_48,kt/yr,18.059659444057488
CHANGE,BM,Burrum,PN,Manag_Unit_48,t/yr,60.78498941868877
CHANGE,BM,Burrum,PP,Manag_Unit_48,t/yr,20.322908973272945
CHANGE,BM,Kolan,DIN,Manag_Unit_48,t/yr,97.36493917806172
CHANGE,BM,Kolan,DIP,Manag_Unit_48,t/yr,14.947663408284543
CHANGE,BM,Kolan,DON,Manag_Unit_48,t/yr,199.83636981176022
CHANGE,BM,Kolan,DOP,Manag_Unit_48,t/yr,8.428545524102537
CHANGE,BM,Kolan,FS,Manag_Unit_48,kt/yr,62.639032631135294
CHANGE,BM,Kolan,PN,Manag_Unit_48,t/yr,294.2133187400191
CHANGE,BM,Kolan,PP,Manag_Unit_48,t/yr,94.97897104155618
CHANGE,BM,Mary,DIN,Manag_Unit_48,t/yr,402.05917796456396
CHANGE,BM,Mary,DIP,Manag_Unit_48,t/yr,48.200730912057516
CHANGE,BM,Mary,DON,Manag_Unit_48,t/yr,959.540761539739
CHANGE,BM,Mary,DOP,Manag_Unit_48,t/yr,37.11204206655751
CHANGE,BM,Mary,FS,Manag_Unit_48,kt/yr,421.5698015297067
CHANGE,BM,Mary,PN,Manag_Unit_48,t/yr,1040.9357782053908
CHANGE,BM,Mary,PP,Manag_Unit_48,t/yr,400.02914883965906
CHANGE,BU,Belyando,DIN,Manag_Unit_48,t/yr,31.210957952088446
CHANGE,BU,Belyando,DIP,Manag_Unit_48,t/yr,30.34377699627365
CHANGE,BU,Belyando,DON,Manag_Unit_48,t/yr,262.4101112266997
CHANGE,BU,Belyando,DOP,Manag_Unit_48,t/yr,12.51187780408507
CHANGE,BU,Belyando,FS,Manag_Unit_48,kt/yr,129.50437347490274
CHANGE,BU,Belyando,PN,Manag_Unit_48,t/yr,125.5596175602654
CHANGE,BU,Belyando,PP,Manag_Unit_48,t/yr,97.65889080569617
CHANGE,BU,Black,DIN,Manag_Unit_48,t/yr,57.511748301811096
CHANGE,BU,Black,DIP,Manag_Unit_48,t/yr,22.646398124729675
CHANGE,BU,Black,DON,Manag_Unit_48,t/yr,179.48231454071305
CHANGE,BU,Black,DOP,Manag_Unit_48,t/yr,8.046917175264912
CHANGE,BU,Black,FS,Manag_Unit_48,kt/yr,37.71070339978995
CHANGE,BU,Black,PN,Manag_Unit_48,t/yr,69.08189031646572
CHANGE,BU,Black,PP,Manag_Unit_48,t/yr,26.668598579304344
CHANGE,BU,Bowen Bogie,DIN,Manag_Unit_48,t/yr,267.64081646962825
CHANGE,BU,Bowen Bogie,DIP,Manag_Unit_48,t/yr,71.59998852685996
CHANGE,BU,Bowen Bogie,DON,Manag_Unit_48,t/yr,427.9471775269838
CHANGE,BU,Bowen Bogie,DOP,Manag_Unit_48,t/yr,27.009796328207266
CHANGE,BU,Bowen Bogie,FS,Manag_Unit_48,kt/yr,1771.427924539738
CHANGE,BU,Bowen Bogie,PN,Manag_Unit_48,t/yr,2100.7441374746554
CHANGE,BU,Bowen Bogie,PP,Manag_Unit_48,t/yr,1469.3956017035325
CHANGE,BU,Burdekin Delta,DIN,Manag_Unit_48,t/yr,383.69049934306463
CHANGE,BU,Burdekin Delta,DIP,Manag_Unit_48,t/yr,32.72663246511637
CHANGE,BU,Burdekin Delta,DON,Manag_Unit_48,t/yr,70.57167471264634
CHANGE,BU,Burdekin Delta,DOP,Manag_Unit_48,t/yr,9.695275495653842
CHANGE,BU,Burdekin Delta,FS,Manag_Unit_48,kt/yr,33.71839394843155
CHANGE,BU,Burdekin Delta,PN,Manag_Unit_48,t/yr,88.59909935218344
CHANGE,BU,Burdekin Delta,PP,Manag_Unit_48,t/yr,53.584088146350396
CHANGE,BU,Cape Campaspe,DIN,Manag_Unit_48,t/yr,35.82932047251306
CHANGE,BU,Cape Campaspe,DIP,Manag_Unit_48,t/yr,18.110885154227983
CHANGE,BU,Cape Campaspe,DON,Manag_Unit_48,t/yr,235.8353811510885
CHANGE,BU,Cape Campaspe,DOP,Manag_Unit_48,t/yr,17.896174345329506
CHANGE,BU,Cape Campaspe,FS,Manag_Unit_48,kt/yr,161.98199832091075
CHANGE,BU,Cape Campaspe,PN,Manag_Unit_48,t/yr,340.782511133247
CHANGE,BU,Cape Campaspe,PP,Manag_Unit_48,t/yr,117.35532535867048
CHANGE,BU,Don,DIN,Manag_Unit_48,t/yr,101.9210875519515
CHANGE,BU,Don,DIP,Manag_Unit_48,t/yr,38.5312103214705
CHANGE,BU,Don,DON,Manag_Unit_48,t/yr,178.63173160802918
CHANGE,BU,Don,DOP,Manag_Unit_48,t/yr,19.210883113642463
CHANGE,BU,Don,FS,Manag_Unit_48,kt/yr,151.1172601925615
CHANGE,BU,Don,PN,Manag_Unit_48,t/yr,286.17508321537326
CHANGE,BU,Don,PP,Manag_Unit_48,t/yr,125.20857475688817
CHANGE,BU,East Burdekin,DIN,Manag_Unit_48,t/yr,53.220733617872085
CHANGE,BU,East Burdekin,DIP,Manag_Unit_48,t/yr,13.103158607419685
CHANGE,BU,East Burdekin,DON,Manag_Unit_48,t/yr,85.12087836573696
CHANGE,BU,East Burdekin,DOP,Manag_Unit_48,t/yr,5.179629926336145
CHANGE,BU,East Burdekin,FS,Manag_Unit_48,kt/yr,128.51905955781672
CHANGE,BU,East Burdekin,PN,Manag_Unit_48,t/yr,117.65600329515233
CHANGE,BU,East Burdekin,PP,Manag_Unit_48,t/yr,109.15894280742697
CHANGE,BU,Haughton,DIN,Manag_Unit_48,t/yr,353.175586375966
CHANGE,BU,Haughton,DIP,Manag_Unit_48,t/yr,55.238661777911716
CHANGE,BU,Haughton,DON,Manag_Unit_48,t/yr,301.4310431859731
CHANGE,BU,Haughton,DOP,Manag_Unit_48,t/yr,19.086458831326595
CHANGE,BU,Haughton,FS,Manag_Unit_48,kt/yr,100.00103790631867
CHANGE,BU,Haughton,PN,Manag_Unit_48,t/yr,300.9571280426192
CHANGE,BU,Haughton,PP,Manag_Unit_48,t/yr,109.44570614700169
CHANGE,BU,Ross,DIN,Manag_Unit_48,t/yr,90.06427084594122
CHANGE,BU,Ross,DIP,Manag_Unit_48,t/yr,27.92208495262912
CHANGE,BU,Ross,DON,Manag_Unit_48,t/yr,179.58617610473542
CHANGE,BU,Ross,DOP,Manag_Unit_48,t/yr,8.705618155849082
CHANGE,BU,Ross,FS,Manag_Unit_48,kt/yr,78.38808255147836
CHANGE,BU,Ross,PN,Manag_Unit_48,t/yr,160.4858439987171
CHANGE,BU,Ross,PP,Manag_Unit_48,t/yr,77.66063061489439
CHANGE,BU,Suttor,DIN,Manag_Unit_48,t/yr,46.498284718440985
CHANGE,BU,Suttor,DIP,Manag_Unit_48,t/yr,36.47126918526211
CHANGE,BU,Suttor,DON,Manag_Unit_48,t/yr,370.59292057106364
CHANGE,BU,Suttor,DOP,Manag_Unit_48,t/yr,15.60989477414683
CHANGE,BU,Suttor,FS,Manag_Unit_48,kt/yr,109.96879614136043
CHANGE,BU,Suttor,PN,Manag_Unit_48,t/yr,159.1515101252495
CHANGE,BU,Suttor,PP,Manag_Unit_48,t/yr,79.38914765740789
CHANGE,BU,Upper Burdekin,DIN,Manag_Unit_48,t/yr,493.59593483437146
CHANGE,BU,Upper Burdekin,DIP,Manag_Unit_48,t/yr,106.43238154945412
CHANGE,BU,Upper Burdekin,DON,Manag_Unit_48,t/yr,1177.023725465888
CHANGE,BU,Upper Burdekin,DOP,Manag_Unit_48,t/yr,105.52446210878281
CHANGE,BU,Upper Burdekin,FS,Manag_Unit_48,kt/yr,3448.94470700693
CHANGE,BU,Upper Burdekin,PN,Manag_Unit_48,t/yr,3590.573589254617
CHANGE,BU,Upper Burdekin,PP,Manag_Unit_48,t/yr,2505.023408597081
CHANGE,CY,Endeavour,DIN,Manag_Unit_48,t/yr,49.71066533798225
CHANGE,CY,Endeavour,DIP,Manag_Unit_48,t/yr,8.041773532851286
CHANGE,CY,Endeavour,DON,Manag_Unit_48,t/yr,270.3631617603081
CHANGE,CY,Endeavour,DOP,Manag_Unit_48,t/yr,16.494207985108627
CHANGE,CY,Endeavour,FS,Manag_Unit_48,kt/yr,90.56082158302986
CHANGE,CY,Endeavour,PN,Manag_Unit_48,t/yr,355.15471028645896
CHANGE,CY,Endeavour,PP,Manag_Unit_48,t/yr,127.58176577977243
CHANGE,CY,Jacky Jacky,DIN,Manag_Unit_48,t/yr,47.81618649174776
CHANGE,CY,Jacky Jacky,DIP,Manag_Unit_48,t/yr,4.240067873451049
CHANGE,CY,Jacky Jacky,DON,Manag_Unit_48,t/yr,286.1316478160365
CHANGE,CY,Jacky Jacky,DOP,Manag_Unit_48,t/yr,16.786065522003558
CHANGE,CY,Jacky Jacky,FS,Manag_Unit_48,kt/yr,11.915526444677717
CHANGE,CY,Jacky Jacky,PN,Manag_Unit_48,t/yr,193.27202354929042
CHANGE,CY,Jacky Jacky,PP,Manag_Unit_48,t/yr,70.7863582004979
CHANGE,CY,Jeannie,DIN,Manag_Unit_48,t/yr,33.283978049949226
CHANGE,CY,Jeannie,DIP,Manag_Unit_48,t/yr,4.729332210827563
CHANGE,CY,Jeannie,DON,Manag_Unit_48,t/yr,200.15951690301404
CHANGE,CY,Jeannie,DOP,Manag_Unit_48,t/yr,12.548753768864648
CHANGE,CY,Jeannie,FS,Manag_Unit_48,kt/yr,52.28016960690181
CHANGE,CY,Jeannie,PN,Manag_Unit_48,t/yr,205.561205431928
CHANGE,CY,Jeannie,PP,Manag_Unit_48,t/yr,109.1194076334184
CHANGE,CY,Lockhart,DIN,Manag_Unit_48,t/yr,39.77144342197023
CHANGE,CY,Lockhart,DIP,Manag_Unit_48,t/yr,3.444010215133932
CHANGE,CY,Lockhart,DON,Manag_Unit_48,t/yr,229.13069609732588
CHANGE,CY,Lockhart,DOP,Manag_Unit_48,t/yr,13.880735711606953
CHANGE,CY,Lockhart,FS,Manag_Unit_48,kt/yr,22.412951477666653
CHANGE,CY,Lockhart,PN,Manag_Unit_48,t/yr,84.90599618384907
CHANGE,CY,Lockhart,PP,Manag_Unit_48,t/yr,28.627419850581653
CHANGE,CY,Normanby,DIN,Manag_Unit_48,t/yr,181.41724836935188
CHANGE,CY,Normanby,DIP,Manag_Unit_48,t/yr,34.41427067042795
CHANGE,CY,Normanby,DON,Manag_Unit_48,t/yr,1300.9076974380334
CHANGE,CY,Normanby,DOP,Manag_Unit_48,t/yr,76.79370003438443
CHANGE,CY,Normanby,FS,Manag_Unit_48,kt/yr,317.99579593586066
CHANGE,CY,Normanby,PN,Manag_Unit_48,t/yr,734.5839244460955
CHANGE,CY,Normanby,PP,Manag_Unit_48,t/yr,278.2126348176006
CHANGE,CY,Olive Pascoe,DIN,Manag_Unit_48,t/yr,142.96447696754728
CHANGE,CY,Olive Pascoe,DIP,Manag_Unit_48,t/yr,7.726245754617602
CHANGE,CY,Olive Pascoe,DON,Manag_Unit_48,t/yr,522.691314620568
CHANGE,CY,Olive Pascoe,DOP,Manag_Unit_48,t/yr,29.623477586981252
CHANGE,CY,Olive Pascoe,FS,Manag_Unit_48,kt/yr,86.4236454860073
CHANGE,CY,Olive Pascoe,PN,Manag_Unit_48,t/yr,465.6951490768551
CHANGE,CY,Olive Pascoe,PP,Manag_Unit_48,t/yr,66.97546952880508
CHANGE,CY,Stewart,DIN,Manag_Unit_48,t/yr,33.83413423250521
CHANGE,CY,Stewart,DIP,Manag_Unit_48,t/yr,2.732198421301453
CHANGE,CY,Stewart,DON,Manag_Unit_48,t/yr,183.81878339081214
CHANGE,CY,Stewart,DOP,Manag_Unit_48,t/yr,10.198420786602844
CHANGE,CY,Stewart,FS,Manag_Unit_48,kt/yr,16.48561577237798
CHANGE,CY,Stewart,PN,Manag_Unit_48,t/yr,75.79033081042498
CHANGE,CY,Stewart,PP,Manag_Unit_48,t/yr,21.911839996641667
CHANGE,FI,Boyne,DIN,Manag_Unit_48,t/yr,36.15387541143704
CHANGE,FI,Boyne,DIP,Manag_Unit_48,t/yr,26.30584033488657
CHANGE,FI,Boyne,DON,Manag_Unit_48,t/yr,99.9095119672595
CHANGE,FI,Boyne,DOP,Manag_Unit_48,t/yr,5.965849978066476
CHANGE,FI,Boyne,FS,Manag_Unit_48,kt/yr,43.75381653844511
CHANGE,FI,Boyne,PN,Manag_Unit_48,t/yr,165.75408923315047
CHANGE,FI,Boyne,PP,Manag_Unit_48,t/yr,72.95009031386307
CHANGE,FI,Calliope,DIN,Manag_Unit_48,t/yr,32.87419368120462
CHANGE,FI,Calliope,DIP,Manag_Unit_48,t/yr,18.19273250201854
CHANGE,FI,Calliope,DON,Manag_Unit_48,t/yr,83.17455028693335
CHANGE,FI,Calliope,DOP,Manag_Unit_48,t/yr,3.9165970158490144
CHANGE,FI,Calliope,FS,Manag_Unit_48,kt/yr,49.453437771380024
CHANGE,FI,Calliope,PN,Manag_Unit_48,t/yr,140.5623566905285
CHANGE,FI,Calliope,PP,Manag_Unit_48,t/yr,63.73725878151394
CHANGE,FI,Comet,DIN,Manag_Unit_48,t/yr,83.94980740482133
CHANGE,FI,Comet,DIP,Manag_Unit_48,t/yr,76.42381425431391
CHANGE,FI,Comet,DON,Manag_Unit_48,t/yr,188.8895198087828
CHANGE,FI,Comet,DOP,Manag_Unit_48,t/yr,18.27683126520657
CHANGE,FI,Comet,FS,Manag_Unit_48,kt/yr,353.5338329241065
CHANGE,FI,Comet,PN,Manag_Unit_48,t/yr,520.7989203924875
CHANGE,FI,Comet,PP,Manag_Unit_48,t/yr,384.0827003700468
CHANGE,FI,Dawson,DIN,Manag_Unit_48,t/yr,177.85686800511374
CHANGE,FI,Dawson,DIP,Manag_Unit_48,t/yr,225.3425531423126
CHANGE,FI,Dawson,DON,Manag_Unit_48,t/yr,475.39051557773865
CHANGE,FI,Dawson,DOP,Manag_Unit_48,t/yr,55.30101734567252
CHANGE,FI,Dawson,FS,Manag_Unit_48,kt/yr,755.9955070326187
CHANGE,FI,Dawson,PN,Manag_Unit_48,t/yr,1489.0979160551583
CHANGE,FI,Dawson,PP,Manag_Unit_48,t/yr,922.2908169838609
CHANGE,FI,Fitzroy,DIN,Manag_Unit_48,t/yr,113.58793569694664
CHANGE,FI,Fitzroy,DIP,Manag_Unit_48,t/yr,107.61809231421881
CHANGE,FI,Fitzroy,DON,Manag_Unit_48,t/yr,201.0845777869955
CHANGE,FI,Fitzroy,DOP,Manag_Unit_48,t/yr,23.406656930883322
CHANGE,FI,Fitzroy,FS,Manag_Unit_48,kt/yr,229.07637665259136
CHANGE,FI,Fitzroy,PN,Manag_Unit_48,t/yr,475.35191133314737
CHANGE,FI,Fitzroy,PP,Manag_Unit_48,t/yr,289.1870533422354
CHANGE,FI,Isaac,DIN,Manag_Unit_48,t/yr,217.855665378164
CHANGE,FI,Isaac,DIP,Manag_Unit_48,t/yr,113.97452953333458
CHANGE,FI,Isaac,DON,Manag_Unit_48,t/yr,651.0683099723266
CHANGE,FI,Isaac,DOP,Manag_Unit_48,t/yr,25.024813156609763
CHANGE,FI,Isaac,FS,Manag_Unit_48,kt/yr,533.0457603763405
CHANGE,FI,Isaac,PN,Manag_Unit_48,t/yr,822.7267906999635
CHANGE,FI,Isaac,PP,Manag_Unit_48,t/yr,466.61205402103303
CHANGE,FI,Mackenzie,DIN,Manag_Unit_48,t/yr,52.278200174267965
CHANGE,FI,Mackenzie,DIP,Manag_Unit_48,t/yr,32.9291243679057
CHANGE,FI,Mackenzie,DON,Manag_Unit_48,t/yr,148.7193296355746
CHANGE,FI,Mackenzie,DOP,Manag_Unit_48,t/yr,7.374550092777738
CHANGE,FI,Mackenzie,FS,Manag_Unit_48,kt/yr,255.1923183682062
CHANGE,FI,Mackenzie,PN,Manag_Unit_48,t/yr,339.619946247021
CHANGE,FI,Mackenzie,PP,Manag_Unit_48,t/yr,212.82671740987374
CHANGE,FI,Nogoa,DIN,Manag_Unit_48,t/yr,69.04525706519415
CHANGE,FI,Nogoa,DIP,Manag_Unit_48,t/yr,47.4270617424915
CHANGE,FI,Nogoa,DON,Manag_Unit_48,t/yr,201.6061755791902
CHANGE,FI,Nogoa,DOP,Manag_Unit_48,t/yr,10.437039375121712
CHANGE,FI,Nogoa,FS,Manag_Unit_48,kt/yr,485.8757688193822
CHANGE,FI,Nogoa,PN,Manag_Unit_48,t/yr,803.1506052968045
CHANGE,FI,Nogoa,PP,Manag_Unit_48,t/yr,422.2819009243011
CHANGE,FI,Shoalwater,DIN,Manag_Unit_48,t/yr,17.034805408915453
CHANGE,FI,Shoalwater,DIP,Manag_Unit_48,t/yr,11.191161494610318
CHANGE,FI,Shoalwater,DON,Manag_Unit_48,t/yr,67.02890704501033
CHANGE,FI,Shoalwater,DOP,Manag_Unit_48,t/yr,2.3402018003629443
CHANGE,FI,Shoalwater,FS,Manag_Unit_48,kt/yr,44.398394796125174
CHANGE,FI,Shoalwater,PN,Manag_Unit_48,t/yr,119.81031114942476
CHANGE,FI,Shoalwater,PP,Manag_Unit_48,t/yr,38.22955267363864
CHANGE,FI,Styx,DIN,Manag_Unit_48,t/yr,34.096341586236875
CHANGE,FI,Styx,DIP,Manag_Unit_48,t/yr,16.213703653756067
CHANGE,FI,Styx,DON,Manag_Unit_48,t/yr,79.28521250226112
CHANGE,FI,Styx,DOP,Manag_Unit_48,t/yr,3.5279785396000314
CHANGE,FI,Styx,FS,Manag_Unit_48,kt/yr,64.3875771370885
CHANGE,FI,Styx,PN,Manag_Unit_48,t/yr,178.86162791505024
CHANGE,FI,Styx,PP,Manag_Unit_48,t/yr,59.59836803015158
CHANGE,FI,Theresa,DIN,Manag_Unit_48,t/yr,36.81609074780787
CHANGE,FI,Theresa,DIP,Manag_Unit_48,t/yr,23.11008341293763
CHANGE,FI,Theresa,DON,Manag_Unit_48,t/yr,82.6924696254024
CHANGE,FI,Theresa,DOP,Manag_Unit_48,t/yr,5.3577719667962
CHANGE,FI,Theresa,FS,Manag_Unit_48,kt/yr,111.64938723217433
CHANGE,FI,Theresa,PN,Manag_Unit_48,t/yr,230.6981093061635
CHANGE,FI,Theresa,PP,Manag_Unit_48,t/yr,80.11456043621033
CHANGE,FI,Water Park,DIN,Manag_Unit_48,t/yr,49.65494381436434
CHANGE,FI,Water Park,DIP,Manag_Unit_48,t/yr,22.274074280634533
CHANGE,FI,Water Park,DON,Manag_Unit_48,t/yr,114.33721870587812
CHANGE,FI,Water Park,DOP,Manag_Unit_48,t/yr,5.43884740794689
CHANGE,FI,Water Park,FS,Manag_Unit_48,kt/yr,12.106092039050882
CHANGE,FI,Water Park,PN,Manag_Unit_48,t/yr,65.07059041873268
CHANGE,FI,Water Park,PP,Manag_Unit_48,t/yr,16.2468346430524
CHANGE,MW,O-Connell,DIN,Manag_Unit_48,t/yr,164.8961661992747
CHANGE,MW,O-Connell,DIP,Manag_Unit_48,t/yr,34.09276835946736
CHANGE,MW,O-Connell,DON,Manag_Unit_48,t/yr,580.456784953177
CHANGE,MW,O-Connell,DOP,Manag_Unit_48,t/yr,14.498435464059526
CHANGE,MW,O-Connell,FS,Manag_Unit_48,kt/yr,230.40501640100314
CHANGE,MW,O-Connell,PN,Manag_Unit_48,t/yr,754.432804979084
CHANGE,MW,O-Connell,PP,Manag_Unit_48,t/yr,196.85275298780942
CHANGE,MW,Pioneer,DIN,Manag_Unit_48,t/yr,215.35806007234237
CHANGE,MW,Pioneer,DIP,Manag_Unit_48,t/yr,37.40615768813809
CHANGE,MW,Pioneer,DON,Manag_Unit_48,t/yr,262.64286753910994
CHANGE,MW,Pioneer,DOP,Manag_Unit_48,t/yr,13.519809932667943
CHANGE,MW,Pioneer,FS,Manag_Unit_48,kt/yr,112.42062492657723
CHANGE,MW,Pioneer,PN,Manag_Unit_48,t/yr,424.94191790006806
CHANGE,MW,Pioneer,PP,Manag_Unit_48,t/yr,115.9474585810154
CHANGE,MW,Plane,DIN,Manag_Unit_48,t/yr,227.42082647182428
CHANGE,MW,Plane,DIP,Manag_Unit_48,t/yr,134.83019126448474
CHANGE,MW,Plane,DON,Manag_Unit_48,t/yr,629.3651668805155
CHANGE,MW,Plane,DOP,Manag_Unit_48,t/yr,36.61376564704175
CHANGE,MW,Plane,FS,Manag_Unit_48,kt/yr,85.74656040113103
CHANGE,MW,Plane,PN,Manag_Unit_48,t/yr,611.610166955043
CHANGE,MW,Plane,PP,Manag_Unit_48,t/yr,105.62654001465026
CHANGE,MW,Proserpine,DIN,Manag_Unit_48,t/yr,184.4039582866311
CHANGE,MW,Proserpine,DIP,Manag_Unit_48,t/yr,41.02601949284334
CHANGE,MW,Proserpine,DON,Manag_Unit_48,t/yr,304.1197526216659
CHANGE,MW,Proserpine,DOP,Manag_Unit_48,t/yr,16.11742033924213
CHANGE,MW,Proserpine,FS,Manag_Unit_48,kt/yr,47.642855649004744
CHANGE,MW,Proserpine,PN,Manag_Unit_48,t/yr,163.8267678062599
CHANGE,MW,Proserpine,PP,Manag_Unit_48,t/yr,47.62234278274134
CHANGE,WT,Barron,DIN,Manag_Unit_48,t/yr,138.7308116274977
CHANGE,WT,Barron,DIP,Manag_Unit_48,t/yr,15.296225967270834
CHANGE,WT,Barron,DON,Manag_Unit_48,t/yr,320.3099595772615
CHANGE,WT,Barron,DOP,Manag_Unit_48,t/yr,15.820904735674063
CHANGE,WT,Barron,FS,Manag_Unit_48,kt/yr,218.75884152067704
CHANGE,WT,Barron,PN,Manag_Unit_48,t/yr,708.7835420902553
CHANGE,WT,Barron,PP,Manag_Unit_48,t/yr,241.91647382405063
CHANGE,WT,Daintree,DIN,Manag_Unit_48,t/yr,388.103287567667
CHANGE,WT,Daintree,DIP,Manag_Unit_48,t/yr,15.818760937882965
CHANGE,WT,Daintree,DON,Manag_Unit_48,t/yr,563.7884105133111
CHANGE,WT,Daintree,DOP,Manag_Unit_48,t/yr,38.58675633882833
CHANGE,WT,Daintree,FS,Manag_Unit_48,kt/yr,123.406671875761
CHANGE,WT,Daintree,PN,Manag_Unit_48,t/yr,1059.819096551986
CHANGE,WT,Daintree,PP,Manag_Unit_48,t/yr,192.34802972171792
CHANGE,WT,Johnstone,DIN,Manag_Unit_48,t/yr,911.3045611234727
CHANGE,WT,Johnstone,DIP,Manag_Unit_48,t/yr,78.12433051311082
CHANGE,WT,Johnstone,DON,Manag_Unit_48,t/yr,611.9254153895326
CHANGE,WT,Johnstone,DOP,Manag_Unit_48,t/yr,81.5389624284969
CHANGE,WT,Johnstone,FS,Manag_Unit_48,kt/yr,362.1140137621785
CHANGE,WT,Johnstone,PN,Manag_Unit_48,t/yr,1859.893748592278
CHANGE,WT,Johnstone,PP,Manag_Unit_48,t/yr,673.3113947021142
CHANGE,WT,Lower Herbert,DIN,Manag_Unit_48,t/yr,977.6223987963876
CHANGE,WT,Lower Herbert,DIP,Manag_Unit_48,t/yr,46.50145889814767
CHANGE,WT,Lower Herbert,DON,Manag_Unit_48,t/yr,544.5417763225412
CHANGE,WT,Lower Herbert,DOP,Manag_Unit_48,t/yr,41.79147945040286
CHANGE,WT,Lower Herbert,FS,Manag_Unit_48,kt/yr,140.65257742808427
CHANGE,WT,Lower Herbert,PN,Manag_Unit_48,t/yr,572.2115789513421
CHANGE,WT,Lower Herbert,PP,Manag_Unit_48,t/yr,125.65676574099047
CHANGE,WT,Mossman,DIN,Manag_Unit_48,t/yr,75.22007676052498
CHANGE,WT,Mossman,DIP,Manag_Unit_48,t/yr,6.469062828342405
CHANGE,WT,Mossman,DON,Manag_Unit_48,t/yr,86.99889869549185
CHANGE,WT,Mossman,DOP,Manag_Unit_48,t/yr,5.591244850802981
CHANGE,WT,Mossman,FS,Manag_Unit_48,kt/yr,16.82664065814076
CHANGE,WT,Mossman,PN,Manag_Unit_48,t/yr,60.79604072915906
CHANGE,WT,Mossman,PP,Manag_Unit_48,t/yr,19.071419625917827
CHANGE,WT,Mulgrave-Russell,DIN,Manag_Unit_48,t/yr,592.7596547224767
CHANGE,WT,Mulgrave-Russell,DIP,Manag_Unit_48,t/yr,34.638418398202326
CHANGE,WT,Mulgrave-Russell,DON,Manag_Unit_48,t/yr,528.6502233131694
CHANGE,WT,Mulgrave-Russell,DOP,Manag_Unit_48,t/yr,51.163370655634154
CHANGE,WT,Mulgrave-Russell,FS,Manag_Unit_48,kt/yr,98.33070507576569
CHANGE,WT,Mulgrave-Russell,PN,Manag_Unit_48,t/yr,592.3438495617204
CHANGE,WT,Mulgrave-Russell,PP,Manag_Unit_48,t/yr,139.0975939906476
CHANGE,WT,Murray,DIN,Manag_Unit_48,t/yr,327.9300548704595
CHANGE,WT,Murray,DIP,Manag_Unit_48,t/yr,29.15309164731043
CHANGE,WT,Murray,DON,Manag_Unit_48,t/yr,198.8124731305535
CHANGE,WT,Murray,DOP,Manag_Unit_48,t/yr,16.902141377682774
CHANGE,WT,Murray,FS,Manag_Unit_48,kt/yr,34.40944724599265
CHANGE,WT,Murray,PN,Manag_Unit_48,t/yr,160.74781082595698
CHANGE,WT,Murray,PP,Manag_Unit_48,t/yr,29.171086441965794
CHANGE,WT,Tully,DIN,Manag_Unit_48,t/yr,723.816404311532
CHANGE,WT,Tully,DIP,Manag_Unit_48,t/yr,24.75832734421951
CHANGE,WT,Tully,DON,Manag_Unit_48,t/yr,454.43908572173757
CHANGE,WT,Tully,DOP,Manag_Unit_48,t/yr,61.79620609217883
CHANGE,WT,Tully,FS,Manag_Unit_48,kt/yr,107.86412946087493
CHANGE,WT,Tully,PN,Manag_Unit_48,t/yr,470.31654721142166
CHANGE,WT,Tully,PP,Manag_Unit_48,t/yr,116.53732905867864
CHANGE,WT,Upper Herbert,DIN,Manag_Unit_48,t/yr,177.4661240105729
CHANGE,WT,Upper Herbert,DIP,Manag_Unit_48,t/yr,19.219579412071816
CHANGE,WT,Upper Herbert,DON,Manag_Unit_48,t/yr,475.2411721800945
CHANGE,WT,Upper Herbert,DOP,Manag_Unit_48,t/yr,33.577376724229026
CHANGE,WT,Upper Herbert,FS,Manag_Unit_48,kt/yr,252.4356245111363
CHANGE,WT,Upper Herbert,PN,Manag_Unit_48,t/yr,694.7939303780479
CHANGE,WT,Upper Herbert,PP,Manag_Unit_48,t/yr,182.13539805203317
PREDEV,BM,Baffle,DIN,Manag_Unit_48,t/yr,65.28075571234686
PREDEV,BM,Baffle,DIP,Manag_Unit_48,t/yr,21.851371987178165
PREDEV,BM,Baffle,DON,Manag_Unit_48,t/yr,190.8727623634537
PREDEV,BM,Baffle,DOP,Manag_Unit_48,t/yr,10.197306927349818
PREDEV,BM,Baffle,FS,Manag_Unit_48,kt/yr,11.686690433779084
PREDEV,BM,Baffle,PN,Manag_Unit_48,t/yr,47.80410340480249
PREDEV,BM,Baffle,PP,Manag_Unit_48,t/yr,25.615906448598775
PREDEV,BM,Burnett,DIN,Manag_Unit_48,t/yr,122.33336547988414
PREDEV,BM,Burnett,DIP,Manag_Unit_48,t/yr,40.47760747830099
PREDEV,BM,Burnett,DON,Manag_Unit_48,t/yr,386.60089996263804
PREDEV,BM,Burnett,DOP,Manag_Unit_48,t/yr,20.973148500585907
PREDEV,BM,Burnett,FS,Manag_Unit_48,kt/yr,174.29426855012824
PREDEV,BM,Burnett,PN,Manag_Unit_48,t/yr,764.4037790249362
PREDEV,BM,Burnett,PP,Manag_Unit_48,t/yr,245.36532987684336
PREDEV,BM,Burrum,DIN,Manag_Unit_48,t/yr,35.83268084097391
PREDEV,BM,Burrum,DIP,Manag_Unit_48,t/yr,8.918593662134755
PREDEV,BM,Burrum,DON,Manag_Unit_48,t/yr,99.42044908720283
PREDEV,BM,Burrum,DOP,Manag_Unit_48,t/yr,5.212026314331833
PREDEV,BM,Burrum,FS,Manag_Unit_48,kt/yr,8.589130626901202
PREDEV,BM,Burrum,PN,Manag_Unit_48,t/yr,28.65355391747047
PREDEV,BM,Burrum,PP,Manag_Unit_48,t/yr,8.265710452476151
PREDEV,BM,Kolan,DIN,Manag_Unit_48,t/yr,33.26615320430268
PREDEV,BM,Kolan,DIP,Manag_Unit_48,t/yr,11.267525197953322
PREDEV,BM,Kolan,DON,Manag_Unit_48,t/yr,103.47137026707257
PREDEV,BM,Kolan,DOP,Manag_Unit_48,t/yr,5.25817842571155
PREDEV,BM,Kolan,FS,Manag_Unit_48,kt/yr,18.771887289827585
PREDEV,BM,Kolan,PN,Manag_Unit_48,t/yr,98.41412928212081
PREDEV,BM,Kolan,PP,Manag_Unit_48,t/yr,31.846855906312282
PREDEV,BM,Mary,DIN,Manag_Unit_48,t/yr,191.78303673138413
PREDEV,BM,Mary,DIP,Manag_Unit_48,t/yr,24.684031402423905
PREDEV,BM,Mary,DON,Manag_Unit_48,t/yr,561.897002137677
PREDEV,BM,Mary,DOP,Manag_Unit_48,t/yr,28.28874109386576
PREDEV,BM,Mary,FS,Manag_Unit_48,kt/yr,86.81821873484182
PREDEV,BM,Mary,PN,Manag_Unit_48,t/yr,220.4336682164264
PREDEV,BM,Mary,PP,Manag_Unit_48,t/yr,84.23829854490583
PREDEV,BU,Belyando,DIN,Manag_Unit_48,t/yr,29.88529687166398
PREDEV,BU,Belyando,DIP,Manag_Unit_48,t/yr,29.83918686092488
PREDEV,BU,Belyando,DON,Manag_Unit_48,t/yr,262.54609409000165
PREDEV,BU,Belyando,DOP,Manag_Unit_48,t/yr,11.936401778271884
PREDEV,BU,Belyando,FS,Manag_Unit_48,kt/yr,14.856393884629579
PREDEV,BU,Belyando,PN,Manag_Unit_48,t/yr,16.004902207588795
PREDEV,BU,Belyando,PP,Manag_Unit_48,t/yr,12.767529043360211
PREDEV,BU,Black,DIN,Manag_Unit_48,t/yr,34.69297029526444
PREDEV,BU,Black,DIP,Manag_Unit_48,t/yr,20.43991673806979
PREDEV,BU,Black,DON,Manag_Unit_48,t/yr,163.5521099822884
PREDEV,BU,Black,DOP,Manag_Unit_48,t/yr,7.115199566738989
PREDEV,BU,Black,FS,Manag_Unit_48,kt/yr,12.007352159636962
PREDEV,BU,Black,PN,Manag_Unit_48,t/yr,34.52210063219036
PREDEV,BU,Black,PP,Manag_Unit_48,t/yr,10.708679124221431
PREDEV,BU,Bowen Bogie,DIN,Manag_Unit_48,t/yr,266.27078976690206
PREDEV,BU,Bowen Bogie,DIP,Manag_Unit_48,t/yr,71.09480647601173
PREDEV,BU,Bowen Bogie,DON,Manag_Unit_48,t/yr,427.0308597386147
PREDEV,BU,Bowen Bogie,DOP,Manag_Unit_48,t/yr,26.682150985389523
PREDEV,BU,Bowen Bogie,FS,Manag_Unit_48,kt/yr,208.2101563900938
PREDEV,BU,Bowen Bogie,PN,Manag_Unit_48,t/yr,267.05960114743726
PREDEV,BU,Bowen Bogie,PP,Manag_Unit_48,t/yr,198.20589955419075
PREDEV,BU,Burdekin Delta,DIN,Manag_Unit_48,t/yr,8.136611687765187
PREDEV,BU,Burdekin Delta,DIP,Manag_Unit_48,t/yr,2.8543207579968857
PREDEV,BU,Burdekin Delta,DON,Manag_Unit_48,t/yr,20.324841502644723
PREDEV,BU,Burdekin Delta,DOP,Manag_Unit_48,t/yr,1.071647492635566
PREDEV,BU,Burdekin Delta,FS,Manag_Unit_48,kt/yr,8.28720493620771
PREDEV,BU,Burdekin Delta,PN,Manag_Unit_48,t/yr,17.085471088407644
PREDEV,BU,Burdekin Delta,PP,Manag_Unit_48,t/yr,15.890910216827256
PREDEV,BU,Cape Campaspe,DIN,Manag_Unit_48,t/yr,35.63596805250055
PREDEV,BU,Cape Campaspe,DIP,Manag_Unit_48,t/yr,14.366900101934691
PREDEV,BU,Cape Campaspe,DON,Manag_Unit_48,t/yr,235.75713847150556
PREDEV,BU,Cape Campaspe,DOP,Manag_Unit_48,t/yr,14.166803712723357
PREDEV,BU,Cape Campaspe,FS,Manag_Unit_48,kt/yr,19.203897770840094
PREDEV,BU,Cape Campaspe,PN,Manag_Unit_48,t/yr,39.53463536260741
PREDEV,BU,Cape Campaspe,PP,Manag_Unit_48,t/yr,14.879426842326362
PREDEV,BU,Don,DIN,Manag_Unit_48,t/yr,62.37102429917483
PREDEV,BU,Don,DIP,Manag_Unit_48,t/yr,31.257485799298944
PREDEV,BU,Don,DON,Manag_Unit_48,t/yr,154.1826998441287
PREDEV,BU,Don,DOP,Manag_Unit_48,t/yr,12.77721359058974
PREDEV,BU,Don,FS,Manag_Unit_48,kt/yr,23.70297742996528
PREDEV,BU,Don,PN,Manag_Unit_48,t/yr,54.39023954816053
PREDEV,BU,Don,PP,Manag_Unit_48,t/yr,35.34063700697813
PREDEV,BU,East Burdekin,DIN,Manag_Unit_48,t/yr,33.50878808464457
PREDEV,BU,East Burdekin,DIP,Manag_Unit_48,t/yr,10.093317578942218
PREDEV,BU,East Burdekin,DON,Manag_Unit_48,t/yr,80.77184585962958
PREDEV,BU,East Burdekin,DOP,Manag_Unit_48,t/yr,3.391559962013305
PREDEV,BU,East Burdekin,FS,Manag_Unit_48,kt/yr,32.79273797301872
PREDEV,BU,East Burdekin,PN,Manag_Unit_48,t/yr,29.00532881172808
PREDEV,BU,East Burdekin,PP,Manag_Unit_48,t/yr,29.52328871051281
PREDEV,BU,Haughton,DIN,Manag_Unit_48,t/yr,81.83729937105218
PREDEV,BU,Haughton,DIP,Manag_Unit_48,t/yr,24.845343698101175
PREDEV,BU,Haughton,DON,Manag_Unit_48,t/yr,198.72606566546483
PREDEV,BU,Haughton,DOP,Manag_Unit_48,t/yr,8.477883823890764
PREDEV,BU,Haughton,FS,Manag_Unit_48,kt/yr,21.511240769256
PREDEV,BU,Haughton,PN,Manag_Unit_48,t/yr,116.20238562654696
PREDEV,BU,Haughton,PP,Manag_Unit_48,t/yr,36.19317788616359
PREDEV,BU,Ross,DIN,Manag_Unit_48,t/yr,33.200515567813675
PREDEV,BU,Ross,DIP,Manag_Unit_48,t/yr,18.681522071091496
PREDEV,BU,Ross,DON,Manag_Unit_48,t/yr,149.03271314400413
PREDEV,BU,Ross,DOP,Manag_Unit_48,t/yr,6.8660475100631135
PREDEV,BU,Ross,FS,Manag_Unit_48,kt/yr,28.089993980539308
PREDEV,BU,Ross,PN,Manag_Unit_48,t/yr,90.81739884556494
PREDEV,BU,Ross,PP,Manag_Unit_48,t/yr,28.605463681913967
PREDEV,BU,Suttor,DIN,Manag_Unit_48,t/yr,37.799221732898715
PREDEV,BU,Suttor,DIP,Manag_Unit_48,t/yr,29.881299630398807
PREDEV,BU,Suttor,DON,Manag_Unit_48,t/yr,372.90810270143726
PREDEV,BU,Suttor,DOP,Manag_Unit_48,t/yr,8.482561212025615
PREDEV,BU,Suttor,FS,Manag_Unit_48,kt/yr,13.177561592881252
PREDEV,BU,Suttor,PN,Manag_Unit_48,t/yr,15.50995876981535
PREDEV,BU,Suttor,PP,Manag_Unit_48,t/yr,9.361126382956462
PREDEV,BU,Upper Burdekin,DIN,Manag_Unit_48,t/yr,488.4233267034873
PREDEV,BU,Upper Burdekin,DIP,Manag_Unit_48,t/yr,98.02040526947357
PREDEV,BU,Upper Burdekin,DON,Manag_Unit_48,t/yr,1173.6360498246222
PREDEV,BU,Upper Burdekin,DOP,Manag_Unit_48,t/yr,97.72621595456006
PREDEV,BU,Upper Burdekin,FS,Manag_Unit_48,kt/yr,601.059436588701
PREDEV,BU,Upper Burdekin,PN,Manag_Unit_48,t/yr,1105.0711607760838
PREDEV,BU,Upper Burdekin,PP,Manag_Unit_48,t/yr,592.7481811041582
PREDEV,CY,Endeavour,DIN,Manag_Unit_48,t/yr,36.319571694515155
PREDEV,CY,Endeavour,DIP,Manag_Unit_48,t/yr,4.76608389480913
PREDEV,CY,Endeavour,DON,Manag_Unit_48,t/yr,208.73435043194416
PREDEV,CY,Endeavour,DOP,Manag_Unit_48,t/yr,14.356433026839298
PREDEV,CY,Endeavour,FS,Manag_Unit_48,kt/yr,56.11396946182158
PREDEV,CY,Endeavour,PN,Manag_Unit_48,t/yr,265.5375202041309
PREDEV,CY,Endeavour,PP,Manag_Unit_48,t/yr,101.44152354466577
PREDEV,CY,Jacky Jacky,DIN,Manag_Unit_48,t/yr,45.49248764461094
PREDEV,CY,Jacky Jacky,DIP,Manag_Unit_48,t/yr,3.840841189901156
PREDEV,CY,Jacky Jacky,DON,Manag_Unit_48,t/yr,258.34357061503874
PREDEV,CY,Jacky Jacky,DOP,Manag_Unit_48,t/yr,15.662168076706065
PREDEV,CY,Jacky Jacky,FS,Manag_Unit_48,kt/yr,10.670181825516728
PREDEV,CY,Jacky Jacky,PN,Manag_Unit_48,t/yr,174.9618096369079
PREDEV,CY,Jacky Jacky,PP,Manag_Unit_48,t/yr,68.047795168248
PREDEV,CY,Jeannie,DIN,Manag_Unit_48,t/yr,31.52176662901202
PREDEV,CY,Jeannie,DIP,Manag_Unit_48,t/yr,4.101866326807882
PREDEV,CY,Jeannie,DON,Manag_Unit_48,t/yr,177.00629292682578
PREDEV,CY,Jeannie,DOP,Manag_Unit_48,t/yr,11.652169948151863
PREDEV,CY,Jeannie,FS,Manag_Unit_48,kt/yr,34.6231075615432
PREDEV,CY,Jeannie,PN,Manag_Unit_48,t/yr,173.77334010305114
PREDEV,CY,Jeannie,PP,Manag_Unit_48,t/yr,98.65770844059976
PREDEV,CY,Lockhart,DIN,Manag_Unit_48,t/yr,39.08743697651482
PREDEV,CY,Lockhart,DIP,Manag_Unit_48,t/yr,3.320710769507736
PREDEV,CY,Lockhart,DON,Manag_Unit_48,t/yr,223.45620061395098
PREDEV,CY,Lockhart,DOP,Manag_Unit_48,t/yr,13.66338920681995
PREDEV,CY,Lockhart,FS,Manag_Unit_48,kt/yr,19.452833917369617
PREDEV,CY,Lockhart,PN,Manag_Unit_48,t/yr,82.99080271346482
PREDEV,CY,Lockhart,PP,Manag_Unit_48,t/yr,28.04924742403985
PREDEV,CY,Normanby,DIN,Manag_Unit_48,t/yr,162.44325581075347
PREDEV,CY,Normanby,DIP,Manag_Unit_48,t/yr,24.307706857275992
PREDEV,CY,Normanby,DON,Manag_Unit_48,t/yr,879.4389048692819
PREDEV,CY,Normanby,DOP,Manag_Unit_48,t/yr,65.32094487856654
PREDEV,CY,Normanby,FS,Manag_Unit_48,kt/yr,90.21752229042752
PREDEV,CY,Normanby,PN,Manag_Unit_48,t/yr,452.2482153725378
PREDEV,CY,Normanby,PP,Manag_Unit_48,t/yr,175.31692406892086
PREDEV,CY,Olive Pascoe,DIN,Manag_Unit_48,t/yr,121.21486333071559
PREDEV,CY,Olive Pascoe,DIP,Manag_Unit_48,t/yr,6.506779546079529
PREDEV,CY,Olive Pascoe,DON,Manag_Unit_48,t/yr,437.41075833501975
PREDEV,CY,Olive Pascoe,DOP,Manag_Unit_48,t/yr,26.221084232412853
PREDEV,CY,Olive Pascoe,FS,Manag_Unit_48,kt/yr,69.86509747241827
PREDEV,CY,Olive Pascoe,PN,Manag_Unit_48,t/yr,413.6275136106611
PREDEV,CY,Olive Pascoe,PP,Manag_Unit_48,t/yr,57.94661075937154
PREDEV,CY,Stewart,DIN,Manag_Unit_48,t/yr,33.51822157266374
PREDEV,CY,Stewart,DIP,Manag_Unit_48,t/yr,2.6751283024127046
PREDEV,CY,Stewart,DON,Manag_Unit_48,t/yr,179.2019491446492
PREDEV,CY,Stewart,DOP,Manag_Unit_48,t/yr,9.99217223779516
PREDEV,CY,Stewart,FS,Manag_Unit_48,kt/yr,13.38629472670179
PREDEV,CY,Stewart,PN,Manag_Unit_48,t/yr,72.90521480671406
PREDEV,CY,Stewart,PP,Manag_Unit_48,t/yr,20.985516547604462
PREDEV,FI,Boyne,DIN,Manag_Unit_48,t/yr,29.302845425605184
PREDEV,FI,Boyne,DIP,Manag_Unit_48,t/yr,16.144867642401284
PREDEV,FI,Boyne,DON,Manag_Unit_48,t/yr,96.97185447832157
PREDEV,FI,Boyne,DOP,Manag_Unit_48,t/yr,3.247441411265977
PREDEV,FI,Boyne,FS,Manag_Unit_48,kt/yr,13.075720003114911
PREDEV,FI,Boyne,PN,Manag_Unit_48,t/yr,59.091809299888496
PREDEV,FI,Boyne,PP,Manag_Unit_48,t/yr,27.683445554311437
PREDEV,FI,Calliope,DIN,Manag_Unit_48,t/yr,24.538457616879295
PREDEV,FI,Calliope,DIP,Manag_Unit_48,t/yr,13.507564269878038
PREDEV,FI,Calliope,DON,Manag_Unit_48,t/yr,80.67983564972995
PREDEV,FI,Calliope,DOP,Manag_Unit_48,t/yr,2.7089436862198983
PREDEV,FI,Calliope,FS,Manag_Unit_48,kt/yr,10.089861772729853
PREDEV,FI,Calliope,PN,Manag_Unit_48,t/yr,49.201747566214756
PREDEV,FI,Calliope,PP,Manag_Unit_48,t/yr,21.380880941033148
PREDEV,FI,Comet,DIN,Manag_Unit_48,t/yr,53.80352315891905
PREDEV,FI,Comet,DIP,Manag_Unit_48,t/yr,30.00309469020434
PREDEV,FI,Comet,DON,Manag_Unit_48,t/yr,178.80897851269947
PREDEV,FI,Comet,DOP,Manag_Unit_48,t/yr,6.030429103400479
PREDEV,FI,Comet,FS,Manag_Unit_48,kt/yr,58.33448851953059
PREDEV,FI,Comet,PN,Manag_Unit_48,t/yr,161.6538216126129
PREDEV,FI,Comet,PP,Manag_Unit_48,t/yr,136.745443171537
PREDEV,FI,Dawson,DIN,Manag_Unit_48,t/yr,143.48883459872647
PREDEV,FI,Dawson,DIP,Manag_Unit_48,t/yr,76.39132864242885
PREDEV,FI,Dawson,DON,Manag_Unit_48,t/yr,459.82797386673394
PREDEV,FI,Dawson,DOP,Manag_Unit_48,t/yr,15.300852378774852
PREDEV,FI,Dawson,FS,Manag_Unit_48,kt/yr,118.91071432682158
PREDEV,FI,Dawson,PN,Manag_Unit_48,t/yr,548.9818077332837
PREDEV,FI,Dawson,PP,Manag_Unit_48,t/yr,334.8488561482864
PREDEV,FI,Fitzroy,DIN,Manag_Unit_48,t/yr,54.52395199058426
PREDEV,FI,Fitzroy,DIP,Manag_Unit_48,t/yr,30.075590134087065
PREDEV,FI,Fitzroy,DON,Manag_Unit_48,t/yr,178.5103644011501
PREDEV,FI,Fitzroy,DOP,Manag_Unit_48,t/yr,6.019670527653326
PREDEV,FI,Fitzroy,FS,Manag_Unit_48,kt/yr,61.20215678104793
PREDEV,FI,Fitzroy,PN,Manag_Unit_48,t/yr,194.1216077841326
PREDEV,FI,Fitzroy,PP,Manag_Unit_48,t/yr,100.49500371195833
PREDEV,FI,Isaac,DIN,Manag_Unit_48,t/yr,195.9340938873859
PREDEV,FI,Isaac,DIP,Manag_Unit_48,t/yr,106.36632971088865
PREDEV,FI,Isaac,DON,Manag_Unit_48,t/yr,637.7260849384768
PREDEV,FI,Isaac,DOP,Manag_Unit_48,t/yr,21.299396336076196
PREDEV,FI,Isaac,FS,Manag_Unit_48,kt/yr,71.02325950214325
PREDEV,FI,Isaac,PN,Manag_Unit_48,t/yr,363.17505239599245
PREDEV,FI,Isaac,PP,Manag_Unit_48,t/yr,220.36507026281438
PREDEV,FI,Mackenzie,DIN,Manag_Unit_48,t/yr,44.093148179378446
PREDEV,FI,Mackenzie,DIP,Manag_Unit_48,t/yr,24.231886427583458
PREDEV,FI,Mackenzie,DON,Manag_Unit_48,t/yr,144.198258849619
PREDEV,FI,Mackenzie,DOP,Manag_Unit_48,t/yr,4.848144380712078
PREDEV,FI,Mackenzie,FS,Manag_Unit_48,kt/yr,76.76741943683707
PREDEV,FI,Mackenzie,PN,Manag_Unit_48,t/yr,145.39416030929715
PREDEV,FI,Mackenzie,PP,Manag_Unit_48,t/yr,96.99243459246134
PREDEV,FI,Nogoa,DIN,Manag_Unit_48,t/yr,59.00131135849372
PREDEV,FI,Nogoa,DIP,Manag_Unit_48,t/yr,32.686371043697356
PREDEV,FI,Nogoa,DON,Manag_Unit_48,t/yr,197.74557979214032
PREDEV,FI,Nogoa,DOP,Manag_Unit_48,t/yr,6.59504405529789
PREDEV,FI,Nogoa,FS,Manag_Unit_48,kt/yr,80.40489211047529
PREDEV,FI,Nogoa,PN,Manag_Unit_48,t/yr,350.3131939784429
PREDEV,FI,Nogoa,PP,Manag_Unit_48,t/yr,188.7523481897621
PREDEV,FI,Shoalwater,DIN,Manag_Unit_48,t/yr,16.870169624127577
PREDEV,FI,Shoalwater,DIP,Manag_Unit_48,t/yr,11.166352599614388
PREDEV,FI,Shoalwater,DON,Manag_Unit_48,t/yr,66.91041275813663
PREDEV,FI,Shoalwater,DOP,Manag_Unit_48,t/yr,2.322098536420069
PREDEV,FI,Shoalwater,FS,Manag_Unit_48,kt/yr,20.540125266476906
PREDEV,FI,Shoalwater,PN,Manag_Unit_48,t/yr,83.06254945622734
PREDEV,FI,Shoalwater,PP,Manag_Unit_48,t/yr,26.743412991081318
PREDEV,FI,Styx,DIN,Manag_Unit_48,t/yr,22.9976260427741
PREDEV,FI,Styx,DIP,Manag_Unit_48,t/yr,12.751542575856593
PREDEV,FI,Styx,DON,Manag_Unit_48,t/yr,76.68999354962615
PREDEV,FI,Styx,DOP,Manag_Unit_48,t/yr,2.56608048599844
PREDEV,FI,Styx,FS,Manag_Unit_48,kt/yr,13.476232422839416
PREDEV,FI,Styx,PN,Manag_Unit_48,t/yr,67.40358706670366
PREDEV,FI,Styx,PP,Manag_Unit_48,t/yr,21.3694072780662
PREDEV,FI,Theresa,DIN,Manag_Unit_48,t/yr,24.024165722335965
PREDEV,FI,Theresa,DIP,Manag_Unit_48,t/yr,13.19485868931012
PREDEV,FI,Theresa,DON,Manag_Unit_48,t/yr,78.47348334301357
PREDEV,FI,Theresa,DOP,Manag_Unit_48,t/yr,2.640662707724233
PREDEV,FI,Theresa,FS,Manag_Unit_48,kt/yr,19.427462312328277
PREDEV,FI,Theresa,PN,Manag_Unit_48,t/yr,58.17264730103743
PREDEV,FI,Theresa,PP,Manag_Unit_48,t/yr,26.720924592216527
PREDEV,FI,Water Park,DIN,Manag_Unit_48,t/yr,29.123781699815645
PREDEV,FI,Water Park,DIP,Manag_Unit_48,t/yr,17.16101358884958
PREDEV,FI,Water Park,DON,Manag_Unit_48,t/yr,106.55789302712614
PREDEV,FI,Water Park,DOP,Manag_Unit_48,t/yr,3.584574058877255
PREDEV,FI,Water Park,FS,Manag_Unit_48,kt/yr,8.151374931247648
PREDEV,FI,Water Park,PN,Manag_Unit_48,t/yr,54.9738190492946
PREDEV,FI,Water Park,PP,Manag_Unit_48,t/yr,12.854583224692197
PREDEV,MW,O-Connell,DIN,Manag_Unit_48,t/yr,89.27727629242948
PREDEV,MW,O-Connell,DIP,Manag_Unit_48,t/yr,21.44531207403843
PREDEV,MW,O-Connell,DON,Manag_Unit_48,t/yr,457.6385690248462
PREDEV,MW,O-Connell,DOP,Manag_Unit_48,t/yr,13.283564432186708
PREDEV,MW,O-Connell,FS,Manag_Unit_48,kt/yr,41.02311844941153
PREDEV,MW,O-Connell,PN,Manag_Unit_48,t/yr,151.54091595222573
PREDEV,MW,O-Connell,PP,Manag_Unit_48,t/yr,42.739607543826644
PREDEV,MW,Pioneer,DIN,Manag_Unit_48,t/yr,46.704041040656676
PREDEV,MW,Pioneer,DIP,Manag_Unit_48,t/yr,10.951227906414655
PREDEV,MW,Pioneer,DON,Manag_Unit_48,t/yr,136.74591612469987
PREDEV,MW,Pioneer,DOP,Manag_Unit_48,t/yr,9.296333582130515
PREDEV,MW,Pioneer,FS,Manag_Unit_48,kt/yr,33.35826910373504
PREDEV,MW,Pioneer,PN,Manag_Unit_48,t/yr,120.25702113451966
PREDEV,MW,Pioneer,PP,Manag_Unit_48,t/yr,48.34399232077414
PREDEV,MW,Plane,DIN,Manag_Unit_48,t/yr,85.42472742573018
PREDEV,MW,Plane,DIP,Manag_Unit_48,t/yr,26.46577385476211
PREDEV,MW,Plane,DON,Manag_Unit_48,t/yr,408.73051776062346
PREDEV,MW,Plane,DOP,Manag_Unit_48,t/yr,12.980792062404515
PREDEV,MW,Plane,FS,Manag_Unit_48,kt/yr,18.715854542139574
PREDEV,MW,Plane,PN,Manag_Unit_48,t/yr,120.2631538520972
PREDEV,MW,Plane,PP,Manag_Unit_48,t/yr,26.326946284705127
PREDEV,MW,Proserpine,DIN,Manag_Unit_48,t/yr,81.38246133938908
PREDEV,MW,Proserpine,DIP,Manag_Unit_48,t/yr,19.48388121600791
PREDEV,MW,Proserpine,DON,Manag_Unit_48,t/yr,205.20789754098243
PREDEV,MW,Proserpine,DOP,Manag_Unit_48,t/yr,12.303246011248255
PREDEV,MW,Proserpine,FS,Manag_Unit_48,kt/yr,14.642699671591743
PREDEV,MW,Proserpine,PN,Manag_Unit_48,t/yr,81.05302449049965
PREDEV,MW,Proserpine,PP,Manag_Unit_48,t/yr,22.164822390428373
PREDEV,WT,Barron,DIN,Manag_Unit_48,t/yr,43.10481419644135
PREDEV,WT,Barron,DIP,Manag_Unit_48,t/yr,5.441596005296568
PREDEV,WT,Barron,DON,Manag_Unit_48,t/yr,208.96537911600834
PREDEV,WT,Barron,DOP,Manag_Unit_48,t/yr,7.9675104539968995
PREDEV,WT,Barron,FS,Manag_Unit_48,kt/yr,111.78905382056436
PREDEV,WT,Barron,PN,Manag_Unit_48,t/yr,336.2994452990904
PREDEV,WT,Barron,PP,Manag_Unit_48,t/yr,79.57288279110622
PREDEV,WT,Daintree,DIN,Manag_Unit_48,t/yr,324.690444992843
PREDEV,WT,Daintree,DIP,Manag_Unit_48,t/yr,10.18232527238976
PREDEV,WT,Daintree,DON,Manag_Unit_48,t/yr,475.9486109235752
PREDEV,WT,Daintree,DOP,Manag_Unit_48,t/yr,37.56351328272458
PREDEV,WT,Daintree,FS,Manag_Unit_48,kt/yr,75.5907823563084
PREDEV,WT,Daintree,PN,Manag_Unit_48,t/yr,774.5989686601972
PREDEV,WT,Daintree,PP,Manag_Unit_48,t/yr,140.25039436904044
PREDEV,WT,Johnstone,DIN,Manag_Unit_48,t/yr,239.79761110909433
PREDEV,WT,Johnstone,DIP,Manag_Unit_48,t/yr,18.385291466309283
PREDEV,WT,Johnstone,DON,Manag_Unit_48,t/yr,251.33468140791118
PREDEV,WT,Johnstone,DOP,Manag_Unit_48,t/yr,38.17080818733937
PREDEV,WT,Johnstone,FS,Manag_Unit_48,kt/yr,119.77240576034283
PREDEV,WT,Johnstone,PN,Manag_Unit_48,t/yr,689.1112764940644
PREDEV,WT,Johnstone,PP,Manag_Unit_48,t/yr,167.53594268510358
PREDEV,WT,Lower Herbert,DIN,Manag_Unit_48,t/yr,137.88445177701058
PREDEV,WT,Lower Herbert,DIP,Manag_Unit_48,t/yr,12.851527621702278
PREDEV,WT,Lower Herbert,DON,Manag_Unit_48,t/yr,403.5379582224686
PREDEV,WT,Lower Herbert,DOP,Manag_Unit_48,t/yr,37.07437693795029
PREDEV,WT,Lower Herbert,FS,Manag_Unit_48,kt/yr,65.68541222150937
PREDEV,WT,Lower Herbert,PN,Manag_Unit_48,t/yr,273.8828346924991
PREDEV,WT,Lower Herbert,PP,Manag_Unit_48,t/yr,37.36931246193514
PREDEV,WT,Mossman,DIN,Manag_Unit_48,t/yr,29.895126123653217
PREDEV,WT,Mossman,DIP,Manag_Unit_48,t/yr,3.06268600596685
PREDEV,WT,Mossman,DON,Manag_Unit_48,t/yr,57.88031127141525
PREDEV,WT,Mossman,DOP,Manag_Unit_48,t/yr,5.137560889484528
PREDEV,WT,Mossman,FS,Manag_Unit_48,kt/yr,10.64136663412337
PREDEV,WT,Mossman,PN,Manag_Unit_48,t/yr,35.784143988109406
PREDEV,WT,Mossman,PP,Manag_Unit_48,t/yr,7.5678715332397015
PREDEV,WT,Mulgrave-Russell,DIN,Manag_Unit_48,t/yr,205.30897135385075
PREDEV,WT,Mulgrave-Russell,DIP,Manag_Unit_48,t/yr,13.047839759778874
PREDEV,WT,Mulgrave-Russell,DON,Manag_Unit_48,t/yr,365.4891428856814
PREDEV,WT,Mulgrave-Russell,DOP,Manag_Unit_48,t/yr,30.626063958487965
PREDEV,WT,Mulgrave-Russell,FS,Manag_Unit_48,kt/yr,45.37195591174209
PREDEV,WT,Mulgrave-Russell,PN,Manag_Unit_48,t/yr,336.2958689781991
PREDEV,WT,Mulgrave-Russell,PP,Manag_Unit_48,t/yr,58.91581813278199
PREDEV,WT,Murray,DIN,Manag_Unit_48,t/yr,108.78382940206154
PREDEV,WT,Murray,DIP,Manag_Unit_48,t/yr,3.487355164582452
PREDEV,WT,Murray,DON,Manag_Unit_48,t/yr,129.08626171151468
PREDEV,WT,Murray,DOP,Manag_Unit_48,t/yr,10.878382940206162
PREDEV,WT,Murray,FS,Manag_Unit_48,kt/yr,19.250536753074
PREDEV,WT,Murray,PN,Manag_Unit_48,t/yr,86.59383276302826
PREDEV,WT,Murray,PP,Manag_Unit_48,t/yr,11.409332939469882
PREDEV,WT,Tully,DIN,Manag_Unit_48,t/yr,259.5936976706258
PREDEV,WT,Tully,DIP,Manag_Unit_48,t/yr,7.337504149301598
PREDEV,WT,Tully,DON,Manag_Unit_48,t/yr,307.3149271510403
PREDEV,WT,Tully,DOP,Manag_Unit_48,t/yr,31.967535817687136
PREDEV,WT,Tully,FS,Manag_Unit_48,kt/yr,55.804014728704345
PREDEV,WT,Tully,PN,Manag_Unit_48,t/yr,290.20124734820064
PREDEV,WT,Tully,PP,Manag_Unit_48,t/yr,52.273103222601804
PREDEV,WT,Upper Herbert,DIN,Manag_Unit_48,t/yr,85.04628270660588
PREDEV,WT,Upper Herbert,DIP,Manag_Unit_48,t/yr,7.6650541273438915
PREDEV,WT,Upper Herbert,DON,Manag_Unit_48,t/yr,250.23461060733058
PREDEV,WT,Upper Herbert,DOP,Manag_Unit_48,t/yr,29.017309875744115
PREDEV,WT,Upper Herbert,FS,Manag_Unit_48,kt/yr,135.3453002090345
PREDEV,WT,Upper Herbert,PN,Manag_Unit_48,t/yr,354.8015849576339
PREDEV,WT,Upper Herbert,PP,Manag_Unit_48,t/yr,88.91833976295622
